ID,Source,Legacy Post ID,New Title,Final Slug,Final URL,HUB,Topic Cluster,Primary Keyword,Secondary Keywords,Search Intent,Persona,Funnel Stage,Pillar/Supporting,Target Word Count,Product CTA,Image Type,Image Status,Claim Guard,Replaces,Draft Status
GC-B01-01,LEGACY_RESCOPE,566,Dịch vụ Call Center là gì và doanh nghiệp nào thực sự cần,5-linh-vuc-rat-can-dich-vu-call-center-trung-tam-cuoc-goi,/5-linh-vuc-rat-can-dich-vu-call-center-trung-tam-cuoc-goi/,HUB-01 Tổng đài và Call Center,Nền tảng call center,dịch vụ call center là gì,trung tâm cuộc gọi | call center cho doanh nghiệp | tổng đài chăm sóc khách hàng,informational-definition,Trưởng phòng vận hành / Call Center Manager,TOFU,PILLAR,2000-3000,Cloud Call Center|/lien-he/ ; Gcalls Plus Webphone|/gcalls-plus-webphone/,Sơ đồ thiết kế mới,CUSTOM_DIAGRAM_REQUIRED,"Không nêu %, SLA, thời gian triển khai; mọi yêu cầu ghi âm nêu là phụ thuộc quy định",2621,DRAFT_WRITTEN
GC-B01-02,LEGACY_RESCOPE,2768,Call Center On-Premises và Cloud khác nhau ở đâu,call-center-diem-khac-biet-giua-on-premises-va-cloud-call-center-phan-1,/call-center-diem-khac-biet-giua-on-premises-va-cloud-call-center-phan-1/,HUB-01 Tổng đài và Call Center,Nền tảng call center,on-premises và cloud call center,tổng đài đám mây | tổng đài truyền thống | chi phí đầu tư tổng đài,commercial-investigation,IT Manager / Trưởng dự án hạ tầng,MOFU,PILLAR,2000-3000,Cloud Call Center|/lien-he/ ; Công cụ ước tính chi phí|/uoc-tinh-chi-phi/,Sơ đồ thiết kế mới,CUSTOM_DIAGRAM_REQUIRED,"Không nêu con số giá; chi phí trình bày dưới dạng hạng mục, không dưới dạng số liệu",2437,DRAFT_WRITTEN
GC-B01-03,LEGACY_RESCOPE,647,Khi nào doanh nghiệp nên chuyển sang tổng đài ảo,4-ly-do-su-dung-tong-dai-ao-call-center-la-can-thiet-voi-mot-doanh-nghiep,/4-ly-do-su-dung-tong-dai-ao-call-center-la-can-thiet-voi-mot-doanh-nghiep/,HUB-01 Tổng đài và Call Center,Thời điểm chuyển đổi,khi nào nên chuyển sang tổng đài ảo,tổng đài ảo | dấu hiệu cần đổi tổng đài | chuyển đổi hệ thống nghe gọi,commercial-investigation,Chủ doanh nghiệp / Giám đốc điều hành SME,MOFU,SUPPORTING,1200-2000,Cloud Call Center|/lien-he/ ; Công cụ ước tính chi phí|/uoc-tinh-chi-phi/,Sơ đồ thiết kế mới,CUSTOM_DIAGRAM_REQUIRED,"Không nêu %, không cam kết thời gian chuyển đổi; giữ số/hotline nêu là phụ thuộc nhà mạng",2850,DRAFT_WRITTEN
GC-B01-04,NET_NEW,—,Tổng đài trên trình duyệt hoạt động thế nào trong một ngày làm việc,tong-dai-tren-trinh-duyet-hoat-dong-the-nao,/tong-dai-tren-trinh-duyet-hoat-dong-the-nao/,HUB-02 Gcalls Plus Webphone,Webphone và thao tác hằng ngày,tổng đài trên trình duyệt,webphone là gì | gọi điện trên trình duyệt | ghi chú sau cuộc gọi,informational-howto,Trưởng nhóm Sales có đội gọi ra,MOFU,PILLAR,2000-3000,Gcalls Plus Webphone|/gcalls-plus-webphone/ ; Liên hệ tư vấn|/lien-he/,"Ảnh chụp sản phẩm thật, đã che dữ liệu",PRODUCT_SCREENSHOT_REQUIRED,Không nêu năng suất tăng bao nhiêu; ảnh sản phẩm phải che dữ liệu khách hàng,2835,DRAFT_WRITTEN
GC-B01-05,LEGACY_RESCOPE,1368,Gọi ra theo danh sách: cách tổ chức và những giới hạn cần biết,phan-mem-goi-tu-dong-va-loi-ich-doi-voi-chien-luoc-ban-hang,/phan-mem-goi-tu-dong-va-loi-ich-doi-voi-chien-luoc-ban-hang/,HUB-02 Gcalls Plus Webphone,Chiến dịch gọi ra,gọi ra theo danh sách,danh sách gọi ra | phân bổ lead cho đội gọi | chiến dịch gọi ra,informational-howto,Trưởng nhóm Telesales,MOFU,SUPPORTING,1200-2000,Gcalls Plus Webphone|/gcalls-plus-webphone/ ; Liên hệ tư vấn|/lien-he/,"Ảnh chụp sản phẩm thật, đã che dữ liệu",PRODUCT_SCREENSHOT_REQUIRED,Không nêu tỷ lệ chuyển đổi; cơ sở pháp lý liên hệ khách hàng nêu là cần xác nhận riêng,—,DRAFT_WRITTEN
GC-B01-06,NET_NEW,—,Checklist đánh giá mức độ sẵn sàng tích hợp tổng đài với CRM,checklist-danh-gia-san-sang-tich-hop-tong-dai-voi-crm,/checklist-danh-gia-san-sang-tich-hop-tong-dai-voi-crm/,"HUB-03 CRM, Helpdesk và tích hợp",Tích hợp CRM,tích hợp tổng đài với CRM,checklist tích hợp CRM | chuẩn bị dữ liệu trước khi tích hợp | API của CRM,commercial-investigation,IT Manager / Trưởng dự án tích hợp,BOFU,PILLAR,2000-3000,Tổng đài tích hợp CRM|/tong-dai-tich-hop-crm/ ; Liên hệ tư vấn|/lien-he/,Sơ đồ thiết kế mới,CUSTOM_DIAGRAM_REQUIRED,Không cam kết thời gian tích hợp; phạm vi API nêu là phụ thuộc nền tảng và gói dịch vụ,2819,DRAFT_WRITTEN
GC-B01-07,LEGACY_RESCOPE,15743,Đồng bộ dữ liệu giữa tổng đài và CRM: phạm vi và giới hạn,dong-bo-hoa-du-lieu-la-gi-tai-sao-nen-dong-bo-du-lieu,/dong-bo-hoa-du-lieu-la-gi-tai-sao-nen-dong-bo-du-lieu/,"HUB-03 CRM, Helpdesk và tích hợp",Tích hợp CRM,đồng bộ dữ liệu tổng đài và CRM,đồng bộ một chiều | đồng bộ hai chiều | lịch sử cuộc gọi trong CRM,informational-definition,IT Manager / Trưởng dự án tích hợp,MOFU,SUPPORTING,1200-2000,Tổng đài tích hợp CRM|/tong-dai-tich-hop-crm/,Sơ đồ thiết kế mới,CUSTOM_DIAGRAM_REQUIRED,Không cam kết đồng bộ tức thời; độ trễ và hạn mức nêu là phụ thuộc nền tảng,—,DRAFT_WRITTEN
GC-B01-08,NET_NEW,—,Dữ liệu nào thực sự đồng bộ giữa tổng đài và Helpdesk,du-lieu-dong-bo-giua-tong-dai-va-helpdesk,/du-lieu-dong-bo-giua-tong-dai-va-helpdesk/,"HUB-03 CRM, Helpdesk và tích hợp",Tích hợp Helpdesk,đồng bộ dữ liệu tổng đài và helpdesk,cuộc gọi gắn với ticket | lịch sử hỗ trợ khách hàng | ticket từ cuộc gọi,informational-definition,Helpdesk Lead / Trưởng nhóm hỗ trợ khách hàng,MOFU,SUPPORTING,1200-2000,Tổng đài tích hợp Helpdesk|/tong-dai-tich-hop-helpdesk/,Sơ đồ thiết kế mới,CUSTOM_DIAGRAM_REQUIRED,Không cam kết phạm vi đồng bộ cố định; lưu trữ bản ghi nêu là phụ thuộc quy định,2883,DRAFT_WRITTEN
GC-B01-09,NET_NEW,—,"Hợp nhất hội thoại hotline, Zalo OA và Facebook về một nơi",hop-nhat-hoi-thoai-hotline-zalo-oa-va-facebook,/hop-nhat-hoi-thoai-hotline-zalo-oa-va-facebook/,HUB-06 Gcalls CX,Vận hành đa kênh,hợp nhất hội thoại đa kênh,zalo oa cho doanh nghiệp | quản lý tin nhắn nhiều kênh | lịch sử khách hàng,informational-howto,Quản lý chăm sóc khách hàng,MOFU,PILLAR,2000-3000,Gcalls CX|/gcalls-cx/ ; Tổng đài tích hợp Helpdesk|/tong-dai-tich-hop-helpdesk/,"Ảnh chụp sản phẩm thật, đã che dữ liệu",PRODUCT_SCREENSHOT_REQUIRED,"Không nêu %, không cam kết nhận diện khách hàng tự động qua mọi kênh",2864,DRAFT_WRITTEN
GC-B01-10,NET_NEW,—,Khi nào doanh nghiệp thực sự cần nền tảng đa kênh,khi-nao-doanh-nghiep-can-nen-tang-da-kenh,/khi-nao-doanh-nghiep-can-nen-tang-da-kenh/,HUB-06 Gcalls CX,Vận hành đa kênh,nền tảng đa kênh cho doanh nghiệp,omnichannel là gì | đa kênh và hợp kênh | chi phí nền tảng đa kênh,commercial-investigation,Giám đốc dịch vụ khách hàng,MOFU,SUPPORTING,1200-2000,Gcalls CX|/gcalls-cx/ ; Liên hệ tư vấn|/lien-he/,Minh hoạ biên tập gốc,EDITORIAL_ILLUSTRATION_REQUIRED,Không hứa mức cải thiện cụ thể; chi phí nêu là cần khảo sát riêng,2244,DRAFT_WRITTEN
GC-B01-11,NET_NEW,—,Xây dựng bộ tiêu chí đánh giá chất lượng cuộc gọi từ đầu,xay-dung-bo-tieu-chi-danh-gia-chat-luong-cuoc-goi,/xay-dung-bo-tieu-chi-danh-gia-chat-luong-cuoc-goi/,HUB-07 QA/QC và quản trị chất lượng,Quản trị chất lượng hội thoại,bộ tiêu chí đánh giá chất lượng cuộc gọi,tiêu chí QA call center | trọng số chấm điểm | hiệu chuẩn người chấm,informational-howto,QA Lead / Trưởng nhóm chất lượng,MOFU,PILLAR,2000-3000,QA/QC Center|/qc-bot-ai/ ; Liên hệ tư vấn|/lien-he/,Sơ đồ thiết kế mới,CUSTOM_DIAGRAM_REQUIRED,Không tuyên bố AI thay thế người chấm; không nêu độ phủ hay số giờ tiết kiệm,1967,DRAFT_WRITTEN
GC-B01-12,NET_NEW,—,Chấm điểm thủ công và hỗ trợ bằng AI khác nhau ở đâu,cham-diem-cuoc-goi-thu-cong-va-ho-tro-bang-ai,/cham-diem-cuoc-goi-thu-cong-va-ho-tro-bang-ai/,HUB-07 QA/QC và quản trị chất lượng,Quản trị chất lượng hội thoại,chấm điểm cuộc gọi bằng AI,QA tự động | phân tích hội thoại | người kiểm chứng kết quả AI,commercial-investigation,QA Lead / Trưởng phòng chăm sóc khách hàng,MOFU,SUPPORTING,1200-2000,QA/QC Center|/qc-bot-ai/ ; Liên hệ tư vấn|/lien-he/,"Ảnh chụp sản phẩm thật, đã che dữ liệu",PRODUCT_SCREENSHOT_REQUIRED,Ràng buộc §J: AI không thay thế bước kiểm chứng của con người; không công bố độ chính xác,2584,DRAFT_WRITTEN
GC-B01-13,LEGACY_RESCOPE,1828,Dùng biểu mẫu đánh giá cuộc gọi để cải thiện trải nghiệm khách hàng,cai-thien-trai-nghiem-khach-hang-bang-bieu-mau-cham-diem-danh-gia-cuoc-goi,/cai-thien-trai-nghiem-khach-hang-bang-bieu-mau-cham-diem-danh-gia-cuoc-goi/,HUB-07 QA/QC và quản trị chất lượng,Vòng phản hồi chất lượng,biểu mẫu đánh giá cuộc gọi,scorecard cuộc gọi | phản hồi cho nhân viên | cải thiện trải nghiệm khách hàng,informational-howto,QA Lead / Trưởng nhóm chất lượng,MOFU,SUPPORTING,1200-2000,QA/QC Center|/qc-bot-ai/,Minh hoạ biên tập gốc,EDITORIAL_ILLUSTRATION_REQUIRED,Không nêu mức cải thiện; không dùng điểm để xếp hạng nhân sự,—,DRAFT_WRITTEN
GC-B01-14,NET_NEW,—,Loại cuộc gọi nào phù hợp đưa vào kịch bản Voicebot,loai-cuoc-goi-phu-hop-dua-vao-kich-ban-voicebot,/loai-cuoc-goi-phu-hop-dua-vao-kich-ban-voicebot/,"HUB-08 Voicebot, AI và tự động hóa",Voicebot và tự động hóa thoại,kịch bản voicebot,tự động hóa cuộc gọi | chuyển tiếp sang nhân viên | cuộc gọi lặp lại,commercial-investigation,Trưởng phòng vận hành / Call Center Manager,MOFU,PILLAR,2000-3000,Giải pháp tích hợp Voicebot AI|/voicebot-ai/ ; Liên hệ tư vấn|/lien-he/,Sơ đồ thiết kế mới,CUSTOM_DIAGRAM_REQUIRED,"Ràng buộc §J: Gcalls tư vấn, kết nối và tích hợp Voicebot; không tuyên bố sở hữu engine",16271,DRAFT_WRITTEN
GC-B01-15,NET_NEW,—,"Voicebot, IVR và tổng đài tự động khác nhau thế nào",voicebot-ivr-va-tong-dai-tu-dong-khac-nhau-the-nao,/voicebot-ivr-va-tong-dai-tu-dong-khac-nhau-the-nao/,"HUB-08 Voicebot, AI và tự động hóa",Voicebot và tự động hóa thoại,voicebot và IVR,IVR là gì | tổng đài tự động | nhận dạng giọng nói,informational-definition,Trưởng phòng vận hành / IT Manager,TOFU,SUPPORTING,1200-2000,Giải pháp tích hợp Voicebot AI|/voicebot-ai/,Sơ đồ thiết kế mới,CUSTOM_DIAGRAM_REQUIRED,Không tuyên bố khả năng nhận dạng giọng nói cụ thể; chi phí nêu là phụ thuộc phạm vi,553,DRAFT_WRITTEN
GC-B01-16,NET_NEW,—,Doanh nghiệp cần gì khi gọi ra thị trường nước ngoài,doanh-nghiep-can-gi-khi-goi-ra-thi-truong-nuoc-ngoai,/doanh-nghiep-can-gi-khi-goi-ra-thi-truong-nuoc-ngoai/,HUB-09 Tổng đài quốc tế,Liên lạc xuyên biên giới,gọi ra thị trường nước ngoài,đầu số quốc tế | cuộc gọi quốc tế cho doanh nghiệp | múi giờ và ca trực,informational-definition,Giám đốc kinh doanh thị trường quốc tế,TOFU,PILLAR,2000-3000,Tổng đài quốc tế|/tong-dai-quoc-te/ ; Liên hệ tư vấn|/lien-he/,Sơ đồ thiết kế mới,CUSTOM_DIAGRAM_REQUIRED,Không nêu số quốc gia phủ sóng; điều kiện cấp số nêu là phụ thuộc quy định sở tại,16324,DRAFT_WRITTEN
GC-B01-17,NET_NEW,—,Hồ sơ thường được yêu cầu khi đăng ký đầu số quốc tế,ho-so-dang-ky-dau-so-quoc-te,/ho-so-dang-ky-dau-so-quoc-te/,HUB-09 Tổng đài quốc tế,Liên lạc xuyên biên giới,đăng ký đầu số quốc tế,hồ sơ đăng ký số điện thoại | yêu cầu địa chỉ tại quốc gia | thời gian cấp số,informational-howto,Người phụ trách pháp chế và vận hành,BOFU,SUPPORTING,1200-2000,Tổng đài quốc tế|/tong-dai-quoc-te/ ; Liên hệ tư vấn|/lien-he/,Sơ đồ thiết kế mới,CUSTOM_DIAGRAM_REQUIRED,Không đưa danh sách hồ sơ áp dụng chung; mọi yêu cầu nêu là phụ thuộc quốc gia và loại số,15384,DRAFT_WRITTEN
GC-B01-18,LEGACY_RESCOPE,1968,Mở rộng thị trường quốc tế: vai trò của hệ thống liên lạc,tong-dai-quoc-te-mo-rong-thi-truong,/tong-dai-quoc-te-mo-rong-thi-truong/,HUB-09 Tổng đài quốc tế,Liên lạc xuyên biên giới,mở rộng thị trường quốc tế,hiện diện tại thị trường mới | đội ngũ bán hàng xuyên biên giới | kênh liên lạc quốc tế,informational-general,Giám đốc kinh doanh,TOFU,SUPPORTING,1200-2000,Tổng đài quốc tế|/tong-dai-quoc-te/ ; Liên hệ tư vấn|/lien-he/,Minh hoạ biên tập gốc,EDITORIAL_ILLUSTRATION_REQUIRED,Không nêu số liệu tăng trưởng thị trường; không nêu tên khách hàng hay đối tác,15380,DRAFT_WRITTEN
