Post ID,Title,Status,Language,Words,H1,H2,H3,Duplicate Of,Thin,Outdated,Internal Links,External Links,Outbound Domains,Scripts,Iframes,Shortcodes,Elementor,Claims Detected,Pricing Claim,247/SLA Claim,Customer Named,Featured Image,CTA Present,SEO Title Set,Meta Desc Set,Canonical Set,Published,Modified,Non-Editorial
314,3 cách để doanh nghiệp tồn tại và vươn lên thời Covid,publish,vi,1187,0,3,0,,,YES,2,0,,0,0,,YES,,,,,YES,YES,YES,YES,NO,2021-05-19,2022-07-11,
410,Nâng tầm giá trị thương hiệu của doanh nghiệp bạn với Voice Brandname,publish,vi,1134,0,3,7,,,YES,1,2,blogger.com,0,0,,YES,,,,,YES,YES,YES,YES,NO,2021-04-26,2022-07-11,
439,Góc nhìn của doanh nghiệp và khách hàng về tổng đài CSKH và bán hàng,publish,vi,530,0,0,0,,YES,YES,1,0,,0,0,,YES,customer_named,,,YES,YES,YES,YES,YES,NO,2021-04-13,2022-07-11,
553,"Gcalls và bạn - đối tác giới thiệu khách hàng - Cùng hợp tác, cùng có lợi",publish,vi,1527,0,2,3,,,YES,1,3,blogger.com,0,0,,YES,countries_70|always_247|customer_named,,YES,YES,YES,YES,YES,YES,NO,2021-03-09,2022-07-11,
566,Dịch Vụ Call Center là gì? Dịch vụ Tổng đài Call Center,publish,vi,4020,0,7,22,,,YES,1,0,,0,0,caption,YES,countries_70,,,,YES,YES,YES,YES,NO,2021-02-24,2022-12-08,
588,"Tổng Đài Call Center Và Những Kiến Thức ""Cứu Sống"" Doanh Nghiệp",publish,vi,6968,0,15,37,,,YES,3,1,baocaotaichinh.vn,0,0,caption,YES,always_247,,YES,,YES,YES,YES,YES,NO,2021-07-07,2022-12-08,
603,10 Thống kê về hệ thống VoIP chứng minh tầm quan trọng của công nghệ,publish,vi,1860,0,3,10,,,YES,1,0,,0,0,,YES,pricing,YES,,,YES,YES,YES,YES,NO,2021-01-22,2022-07-11,
615,10 mẹo hay nhất để Telesales thành công,publish,vi,1464,0,10,0,,,YES,1,0,,0,0,,YES,,,,,YES,YES,YES,YES,NO,2021-01-13,2022-07-11,
647,7 Lý Do Nên Chọn Tổng Đài Ảo Call Center Cho Doanh Nghiệp,publish,vi,7367,0,15,37,,,YES,2,1,en.wikipedia.org,0,0,caption,YES,always_247|never_miss|unlimited|customer_named,,YES,YES,YES,YES,YES,YES,NO,2020-12-09,2023-09-04,
654,5 Lợi ích của việc Sử dụng Báo cáo Tổng đài Call Center (Phần cuối),publish,vi,1722,0,2,7,,,YES,1,0,,0,0,,YES,,,,,YES,YES,YES,YES,NO,2020-11-18,2022-07-11,
669,5 Lợi ích của việc Sử dụng Báo cáo Tổng đài Call Center (Phần 1),publish,vi,1326,0,4,0,,,YES,1,0,,0,0,,YES,,,,,YES,YES,YES,YES,NO,2020-11-12,2022-07-11,
676,Làm thế nào để mở rộng một nhóm bán hàng toàn cầu?,publish,vi,972,0,5,0,,,YES,1,0,,0,0,,YES,,,,,YES,YES,YES,YES,NO,2020-11-10,2022-07-11,
684,Goals (Mục đích) vs Objectives (Mục tiêu): phân biệt đơn giản,publish,vi,1376,0,1,0,,,YES,1,0,,0,0,,YES,,,,,YES,YES,YES,YES,NO,2020-11-10,2022-07-11,
694,"Tại sao không ""tùy ý"" đưa ý kiến trong content marketing",publish,vi,1320,0,5,0,,,YES,1,0,,0,0,,YES,,,,,YES,YES,YES,YES,NO,2020-11-10,2022-07-11,
826,Cách mạng Công nghiệp 4.0 và lợi ích đối với doanh nghiệp,publish,vi,1626,0,3,8,,,YES,1,0,,0,0,,YES,,,,,YES,YES,YES,YES,NO,2021-07-15,2022-07-11,
861,11 chỉ số đánh giá quan trọng đối với bộ phận Chăm Sóc Khách Hàng,publish,vi,2866,0,10,0,,,YES,1,0,,0,0,,YES,sla_uptime,,YES,,YES,YES,YES,YES,NO,2021-07-17,2022-07-11,
872,Công nghệ đang thay đổi cách mọi người làm việc từ xa như thế nào?,publish,vi,2015,0,4,0,,,YES,1,0,,0,0,,YES,customer_named,,,YES,YES,YES,YES,YES,NO,2021-07-23,2022-07-11,
884,Tiếp thị qua điện thoại: 13 mẹo chinh phục khách hàng,publish,vi,1911,0,13,0,,,YES,2,0,,0,0,,YES,,,,,YES,YES,YES,YES,NO,2021-07-27,2022-07-11,
897,10 công nghệ mà bạn phải có để có thể xây dựng Team làm việc từ xa hiệu quả,publish,vi,1213,0,3,3,,,YES,3,0,,0,0,,YES,,,,,YES,YES,YES,YES,NO,2021-07-31,2022-07-11,
1071,Cách tạo hồ sơ khách hàng lý tưởng cho nhóm khách hàng tiềm năng B2B,publish,vi,2383,0,2,7,,,YES,1,0,,0,0,,YES,,,,,YES,YES,YES,YES,NO,2021-08-02,2022-07-11,
1082,TOP 10 phần mềm theo dõi bán hàng hàng đầu dành cho doanh nghiệp,publish,vi,2965,0,3,15,,,YES,1,0,,0,0,,YES,,,,,YES,YES,YES,YES,NO,2021-08-03,2022-07-13,
1102,5 chỉ số đo lường hiệu suất bán hàng quan trọng mà quản lý nên theo dõi,publish,vi,2094,0,3,5,,,YES,1,0,,0,0,,YES,customer_named,,,YES,YES,YES,YES,YES,NO,2021-08-04,2022-07-11,
1113,9 mẹo Cold Calling dành cho nhân viên bán hàng (Phần 1),publish,vi,2421,0,2,4,,,YES,1,3,linkedin.com|saleshacker.com,0,0,,YES,,,,,YES,YES,YES,YES,NO,2021-08-05,2022-07-11,
1134,9 mẹo Cold Calling dành cho nhân viên bán hàng (Phần cuối),publish,vi,2903,0,6,8,,,YES,1,0,,0,0,,YES,,,,,YES,YES,YES,YES,NO,2021-08-11,2022-07-11,
1157,Phần Mềm Contact Center - Giải Pháp Tổng Đài Chuyên Nghiệp 2023,publish,vi,5614,0,17,26,,,YES,1,1,congtytrananh.vn,0,0,caption,YES,always_247|sla_uptime|pricing,YES,YES,,YES,YES,YES,YES,NO,2021-10-12,2023-05-10,
1187,Bán hàng Inbound hay Outbound - Đâu là phương pháp mà bạn nên quan tâm? (Phần 1),publish,vi,2867,0,4,3,,,YES,1,0,,0,0,,YES,unlimited,,,,YES,YES,YES,YES,NO,2021-10-13,2022-07-10,
1198,Bán hàng Inbound hay Outbound - Đâu là phương pháp mà bạn nên quan tâm? (Phần 2),publish,vi,4370,0,4,6,,,YES,2,0,,0,0,,YES,unlimited,,,,YES,YES,YES,YES,NO,2021-10-14,2022-07-10,
1219,Bán hàng Inbound hay Outbound - Đâu là phương pháp mà bạn nên quan tâm? (Phần 3),publish,vi,1794,0,3,9,,,YES,1,1,salesforce.com,0,0,,YES,,,,,YES,YES,YES,YES,NO,2021-10-15,2022-07-11,
1231,Tương lai của tổng đài doanh nghiệp: 10 xu hướng nổi bật nhất,publish,vi,2827,0,10,0,,,YES,1,0,,0,0,,YES,always_247,,YES,,YES,YES,YES,YES,NO,2021-10-16,2022-07-13,
1296,Bí quyết telesales: Nên hay không sử dụng kịch bản cuộc gọi bán hàng?,publish,vi,2300,0,3,12,,,YES,1,0,,0,0,,YES,,,,,YES,YES,YES,YES,NO,2021-10-18,2022-07-11,
1314,Telesales: Cách tập trung khi gọi điện bán hàng,publish,vi,1579,0,3,5,,,YES,1,0,,0,0,,YES,,,,,YES,YES,YES,YES,NO,2021-10-20,2022-07-11,
1324,Thế nào là telesales thành công và cách đánh giá cuộc gọi bán hàng?,publish,vi,1945,0,3,2,,,YES,1,0,,0,0,,YES,,,,,YES,YES,YES,YES,NO,2021-10-21,2022-07-13,
1351,6 cách nhắn tin cho khách hàng đạt hiệu quả trong quy trình bán hàng,publish,vi,2129,0,7,0,,,YES,1,0,,0,0,,YES,,,,,YES,YES,YES,YES,NO,2021-10-23,2022-07-11,
1368,Phần mềm gọi tự động và lợi ích đối với chiến lược bán hàng,publish,vi,2111,0,6,8,,,YES,1,0,,0,0,,YES,customer_named,,,YES,YES,YES,YES,YES,NO,2021-10-24,2022-07-11,
1381,6 bước xây dựng kịch bản bán hàng đỉnh cao,publish,vi,3469,0,3,6,,,YES,1,0,,0,0,,YES,,,,,YES,YES,YES,YES,NO,2021-10-25,2022-07-11,
1396,Cách gọi điện thoại cho khách hàng tiềm năng đã mở email,publish,vi,3137,0,4,6,,,YES,1,0,,0,0,,YES,,,,,YES,YES,YES,YES,NO,2021-10-26,2022-07-11,
1420,Cách giảm áp lực khi làm telesales,publish,vi,1342,0,4,0,,,YES,1,0,,0,0,,YES,,,,,YES,YES,YES,YES,NO,2021-10-28,2022-07-11,
1427,Các chỉ số đánh giá phễu bán hàng hiệu quả,publish,vi,1605,0,3,3,,,YES,1,1,translate.google.com,0,0,,YES,,,,,YES,YES,YES,YES,NO,2021-10-29,2022-07-11,
1440,Tiếp thị qua điện thoại: Hướng dẫn nhanh Cold Calling chuyên nghiệp,publish,vi,1249,0,3,3,,,YES,2,0,,0,0,,YES,,,,,YES,YES,YES,YES,NO,2021-10-30,2022-07-11,
1454,Hướng dẫn nhân viên bán hàng SaaS xử lý từ chối giao dịch (Phần 1),draft,vi,1871,0,2,3,,,,2,0,,0,0,,YES,setup_time,,,,YES,YES,YES,YES,NO,2022-08-01,2022-08-01,
1496,Hướng dẫn nhân viên bán hàng SaaS xử lý từ chối giao dịch (Phần cuối),draft,vi,1429,0,3,0,,,,1,0,,0,0,,YES,,,,,YES,YES,YES,YES,NO,2022-08-01,2022-08-01,
1529,Tiêu chí đánh giá hiệu quả bán hàng,draft,vi,2075,0,3,7,17802,,,1,0,,0,0,,YES,,,,,YES,YES,YES,YES,NO,2022-08-01,2022-08-01,
1541,Các bước tổ chức một cuộc họp khách hàng chuyên nghiệp,draft,vi,2765,0,4,18,,,,1,0,,0,0,,YES,,,,,YES,YES,YES,YES,NO,2022-08-01,2022-08-01,
1560,Tiếp thị qua điện thoại: Kỹ năng xử lý từ chối giúp tăng cơ hội bán hàng,publish,vi,1562,0,4,4,,,YES,1,0,,0,0,,YES,,,,,YES,YES,YES,YES,NO,2021-12-04,2022-07-11,
1591,Giọng nói: Yếu tố quyết định thành công trong tiếp thị qua điện thoại,publish,vi,1442,0,4,0,,,,1,1,studytienganh.vn,0,0,,YES,,,,,YES,YES,YES,YES,NO,2022-01-20,2022-07-11,
1617,Ebook: Hướng dẫn các bước xử lý tình huống khách hàng phàn nàn,draft,vi,581,0,3,0,,YES,YES,13,4,facebook.com|gcalls.zendesk.com|linkedin.com|youtube.com,0,0,,YES,,,,,YES,YES,NO,NO,NO,2021-12-30,2022-10-27,
1705,Cách viết bản tự đánh giá công việc của nhân viên đầy đủ và ấn tượng,publish,vi,4871,0,8,29,,,YES,2,1,cnbc.com,0,0,,YES,perf_30_50,,,,YES,YES,YES,YES,NO,2021-12-30,2022-11-18,
1805,Bán hàng qua điện thoại: 3 câu hỏi bạn nên tự hỏi bản thân trước khi thực hiện cuộc gọi,publish,vi,1179,0,4,0,,,,1,0,,0,0,,YES,,,,,YES,YES,YES,YES,NO,2022-01-19,2022-07-11,
1817,Cách chiếm được lòng tin của khách hàng kín tiếng,publish,vi,1108,0,4,0,,,,1,0,,0,0,,YES,,,,,YES,YES,YES,YES,NO,2022-01-24,2022-07-11,
1828,Cải thiện trải nghiệm khách hàng tại Call Center bằng biểu mẫu chấm điểm đánh giá cuộc gọi,publish,vi,1999,0,10,0,2704,,,1,0,,0,0,,YES,,,,,YES,YES,YES,YES,NO,2022-01-24,2022-07-11,
1967,Chiến lược mở rộng ra thị trường nước quốc tế,publish,vi,3234,0,3,15,,,,2,0,,0,0,,YES,,,,,YES,YES,YES,YES,NO,2022-04-20,2022-07-11,
1968,Tổng đài quốc tế: Mở rộng thị trường dễ dàng với phần mềm Call Center kết nối số nước ngoài,publish,vi,1900,0,3,5,,,,8,2,bit.ly|facebook.com,0,0,,YES,countries_70|setup_time,,,,YES,YES,YES,YES,NO,2022-04-20,2022-07-11,
2167,Mẫu bảng đánh giá nhân viên bán hàng mới nhất,draft,vi,2599,0,5,7,10753,,,1,2,blog.hubspot.com|docs.google.com,0,0,,YES,,,,,YES,YES,YES,YES,NO,2022-02-14,2022-08-01,
2200,Lead qualification: Cách đánh giá khách hàng tiềm năng hiệu quả,draft,vi,3837,0,5,14,17875,,,1,2,docs.google.com|drive.google.com,0,0,,YES,,,,,YES,YES,YES,YES,NO,2022-07-31,2022-07-31,
2244,Làm gì để mở rộng đội ngũ hỗ trợ khách hàng mà không hi sinh chất lượng dịch vụ?,draft,vi,3350,0,4,4,,,,2,5,docs.google.com|helpscout.com,0,0,,YES,setup_time,,,,YES,YES,YES,YES,NO,2022-07-31,2022-07-31,
2261,Cách tính giá trị vòng đời khách hàng CLV của doanh nghiệp,draft,vi,3323,0,6,20,,,,1,1,docs.google.com,0,0,,YES,,,,,YES,YES,YES,YES,NO,2022-02-17,2022-07-31,
2400,Hướng dẫn đo lường kết quả khảo sát sự hài lòng của khách hàng,draft,vi,5601,0,3,24,,,,2,2,docs.google.com,0,0,,YES,always_247,,YES,,YES,YES,YES,YES,NO,2022-02-18,2022-07-31,
2425,Hướng dẫn tuyển dụng nhân sự cho bộ phận Hỗ trợ khách hàng,draft,vi,3067,0,3,9,17846,,,2,1,docs.google.com,0,0,,YES,,,,,YES,YES,YES,YES,NO,2022-02-18,2022-07-31,YES
2437,16 công cụ tạo phiếu yêu cầu hỗ trợ ticket cho bộ phận Dịch vụ khách hàng,private,vi,5345,0,3,16,,,,0,0,,0,0,,YES,always_247|sla_uptime|unlimited,,YES,,YES,YES,YES,YES,NO,2022-02-18,2022-07-31,
2449,Hướng dẫn tính toán và cải thiện chỉ số CAC cho doanh nghiệp năm 2022,draft,vi,3255,0,9,5,,,,2,1,docs.google.com,0,0,,YES,always_247|pricing,YES,YES,,YES,YES,YES,YES,NO,2022-07-24,2022-07-24,
2462,Tại sao tỷ lệ giữ chân khách hàng lại quan trọng đối với doanh nghiệp?,draft,vi,4171,0,5,15,17884,,,2,0,,0,0,,YES,perf_30_50,,,,YES,YES,YES,YES,NO,2022-07-24,2022-07-24,
2472,Chỉ số CES là gì và khi nào nên sử dụng khảo sát CES?,draft,vi,3001,0,5,8,,,,2,1,docs.google.com,0,0,,YES,customer_named,,,YES,YES,YES,YES,YES,NO,2022-07-24,2022-07-24,
2486,Chỉ số NPS là gì và tại sao nó lại quan trọng đối với doanh nghiệp?,draft,vi,3149,0,5,8,,,,2,1,docs.google.com,0,0,,YES,customer_named,,,YES,YES,YES,YES,YES,NO,2022-07-24,2022-07-24,
2495,19 ví dụ về khảo sát sự hài lòng của khách hàng và các khảo sát mẫu,draft,vi,5808,0,10,30,,,,13,11,blog.hubspot.com|docs.google.com|facebook.com|gcalls.zendesk.com|linkedin.com|youtube.com,0,0,,YES,setup_time,,,,YES,YES,YES,YES,NO,2022-07-24,2022-07-24,
2539,Chỉ số CSAT là gì và cách đo lường chỉ số này trong dịch vụ khách hàng?,draft,vi,2747,0,7,2,17827,,,2,0,,0,0,,YES,,,,,YES,YES,YES,YES,NO,2022-07-24,2022-07-24,
2584,Phần mềm Getfly: Tính năng và ứng dụng của phần mềm CRM “gốc Việt”,draft,vi,3082,0,5,9,,,,6,1,martool.vn,0,0,,YES,,,,,YES,YES,YES,YES,NO,2022-07-24,2022-07-24,
2621,Ưu và nhược điểm của các giải pháp trong  phần mềm CRM HubSpot,draft,vi,6221,0,4,5,,,,2,0,,0,0,,YES,setup_time|customer_named,,,YES,YES,YES,YES,YES,NO,2022-07-23,2022-07-23,
2641,Phần mềm Bitrix24 - Các tính năng nổi bật và lý do nên lựa chọn Bitrix24,draft,vi,3209,0,7,7,,,,2,0,,0,0,,YES,unlimited,,,,YES,YES,YES,YES,NO,2022-07-23,2022-07-23,
2665,Chiến lược khách hàng trung tâm (Customer-Centric) cho doanh nghiệp,draft,vi,3638,0,5,7,,,,2,21,amazon.com|blog.globalwebindex.com|cmocouncil.org|econsultancy.com|sas.com|superoffice.com|zappos.com,0,0,,YES,,,,,YES,YES,YES,YES,NO,2022-03-03,2022-07-23,
2684,Đội ngũ bán hàng nên quay lại văn phòng hay làm việc từ xa sau đại dịch?,draft,vi,1834,0,3,3,,,,2,0,,0,0,,YES,,,,,YES,YES,YES,YES,NO,2022-03-03,2022-07-23,
2695,10 điều không nên nói trong một cuộc gọi chăm sóc khách hàng,draft,vi,1554,0,10,0,,,,2,0,,0,0,,YES,,,,,YES,YES,YES,YES,NO,2022-03-03,2022-07-20,
2704,Hướng dẫn tạo biểu mẫu chấm điểm đánh giá cuộc gọi tại Call Center,draft,vi,2043,0,10,0,1828,,,1,0,,0,0,,YES,,,,,YES,YES,YES,YES,NO,2022-03-04,2022-07-20,
2715,Hướng dẫn tuyển dụng nhân viên hỗ trợ cho bộ phận dịch vụ khách hàng,draft,vi,2995,0,3,8,,,,2,6,careerbuilder.vn|jobs.google.com|jobsvietnam.org|timviecnhanh.com|vietnamworks.com|vn.indeed.com,0,0,,YES,,,,,YES,YES,YES,YES,NO,2022-03-04,2022-07-20,YES
2738,Tại sao phàn nàn của khách hàng lại có ích cho doanh nghiệp của bạn?,draft,vi,3007,0,6,5,,,,3,0,,0,0,,YES,,,,,YES,YES,YES,YES,NO,2022-03-04,2022-07-19,
2752,Khách hàng tự phục vụ và ví dụ về các cổng thông tin tự phục vụ tốt nhất,draft,vi,6106,0,9,27,,,,2,0,,0,0,,YES,always_247|customer_named,,YES,YES,YES,YES,YES,YES,NO,2022-03-04,2022-07-19,
2761,Làm thế nào để kết nối 2 bộ phận bán hàng và dịch vụ khách hàng?,draft,vi,2840,0,2,8,17832,,,2,0,,0,0,,YES,,,,,YES,YES,YES,YES,NO,2022-03-04,2022-07-19,
2768,Call Center: Điểm khác biệt giữa On-Premises và Cloud Call Center (Phần 1),publish,vi,2387,0,2,8,,,,2,3,nextiva.com,0,0,,YES,,,,,YES,YES,YES,YES,NO,2022-03-18,2022-07-11,
2784,18 lợi ích mà giải pháp tích hợp điện thoại máy tính đem đến cho Call Center,publish,vi,2915,0,5,18,,,,1,0,,0,0,,YES,sla_uptime,,YES,,YES,YES,YES,YES,NO,2022-03-23,2022-07-13,
2811,Call Center: Điểm khác biệt giữa On-Premises và Cloud Call Center (Phần cuối),publish,vi,2339,0,2,6,,,,2,0,,0,0,,YES,always_247|unlimited,,YES,,YES,YES,YES,YES,NO,2022-03-23,2022-07-13,
2819,"Ưu, nhược điểm của phần mềm quản lý quan hệ khách hàng Zoho CRM",draft,vi,4456,0,3,6,17902,,,2,1,youtu.be,0,0,,YES,,,,,YES,YES,YES,YES,NO,2022-07-18,2022-07-18,
2835,Liệu Salesforce có phải là phần mềm CRM tốt nhất trên thị trường?,draft,vi,4517,0,6,13,,,,2,1,trailhead.salesforce.com,0,0,,YES,,,,,YES,YES,YES,YES,NO,2022-07-18,2022-07-18,
2850,Ưu và nhược điểm của Zendesk: Đâu là phần mềm help desk tốt nhất?,draft,vi,4598,0,4,3,,,,2,0,,0,0,,YES,always_247,,YES,,YES,YES,YES,YES,NO,2022-07-18,2022-07-18,
2864,Phần mềm Pancake POS: Tính năng và những ưu nhược điểm cần biết,draft,vi,3571,0,11,15,,,,13,5,facebook.com|gcalls.zendesk.com|linkedin.com|pos.pages.fm|youtube.com,0,0,,YES,,,,,YES,YES,YES,YES,NO,2022-07-17,2022-07-17,
2883,Sapo POS là gì? Phần mềm Sapo POS có tốt không?,draft,vi,4269,0,6,17,,,,3,3,sapo.vn|support.sapo.vn,0,0,,YES,,,,,YES,YES,YES,YES,NO,2022-07-17,2022-07-17,
2904,"Tại sao nói: “Phản hồi của khách hàng của bạn vẫn còn quan trọng đối với doanh nghiệp?""",draft,vi,2995,0,5,12,17894,,,4,0,,0,0,,YES,,,,,YES,YES,NO,YES,NO,2022-07-17,2022-07-17,
2920,36 mẹo telesales để bán hàng thành công năm 2021 (PHẦN 1),draft,vi,3913,0,19,0,,,,2,7,blog.close.com|close.com,0,0,,YES,,,,,YES,YES,YES,YES,NO,2022-04-05,2022-07-17,
2930,36 Mẹo telesales để bán hàng thành công năm 2021 (PHẦN CUỐI),draft,vi,3168,0,17,0,,,,2,7,blog.close.com|close.com|docs.google.com|en.wikipedia.org,0,0,,YES,,,,,YES,YES,YES,YES,NO,2022-04-05,2022-07-20,
2958,Bán hàng qua điện thoại: Làm gì nếu khách hàng nói không có thời gian?,publish,vi,2009,0,4,2,,,,1,0,,0,0,,YES,pricing,YES,,,YES,YES,YES,YES,NO,2022-04-05,2022-07-25,
9980,Tai nghe EPOS Sennheiser 30 USB CTRL,publish,vi,269,1,2,0,9991,YES,,0,0,,0,0,,YES,,,,,NO,YES,NO,NO,NO,2022-03-31,2022-03-31,YES
9991,Tai nghe EPOS Sennheiser SC 60 USB CTRL,publish,vi,271,1,3,0,9980,YES,,0,0,,0,0,,YES,,,,,NO,YES,NO,NO,NO,2022-03-31,2022-03-31,YES
9992,Tai nghe Jabra Biz 1100QD Mono,publish,vi,181,1,3,0,9993|9994|9995,YES,,0,0,,0,0,,YES,,,,,NO,YES,NO,NO,NO,2022-03-31,2022-03-31,YES
9993,Tai Nghe Jabra Biz 1100 QD Duo,publish,vi,301,1,3,0,9992,YES,,0,0,,0,0,,YES,,,,,NO,YES,NO,NO,NO,2022-03-31,2022-03-31,YES
9994,Tai nghe Jabra Biz 1100 USB Mono,publish,vi,205,1,3,0,9992|9995,YES,,0,0,,0,0,,YES,,,,,NO,YES,NO,NO,NO,2022-03-31,2022-03-31,YES
9995,Tai nghe Jabra Biz 1100 USB Duo,publish,vi,217,1,3,0,9992|9994,YES,,0,0,,0,0,,YES,,,,,NO,YES,NO,NO,NO,2022-03-31,2022-03-31,YES
9996,Tai nghe Logitech H340,publish,vi,166,1,3,0,,YES,,0,0,,0,0,,YES,,,,,NO,YES,NO,NO,NO,2022-03-31,2022-03-31,YES
10727,9 quy tắc giao tiếp qua điện thoại với khách hàng mà tổng đài viên cần biết,draft,vi,3254,0,2,14,,,,1,0,,0,0,,YES,,,,,YES,YES,YES,YES,NO,2022-07-31,2022-07-31,
10728,Dịch vụ khách hàng chủ động: Chiến lược và giá trị đối với doanh nghiệp,draft,vi,4325,0,5,7,,,,2,3,intercom.com|softwareadvice.com,0,0,,YES,customer_named,,,YES,YES,YES,YES,YES,NO,2022-07-24,2022-07-24,
10729,Làm gì để tạo cuộc khảo sát về mức độ hài lòng của khách hàng hiệu quả?,draft,vi,3617,0,3,13,,,,2,0,,0,0,,YES,,,,,YES,YES,YES,YES,NO,2022-07-24,2022-07-24,
10730,Hướng dẫn các bước xử lý tình huống khách hàng phàn nàn,draft,vi,2965,0,4,7,,,,2,0,,0,0,,YES,,,,,YES,YES,YES,YES,NO,2022-03-04,2022-07-20,
10731,Khách hàng tự phục vụ và các ví dụ về loại hình trang web self-service,draft,vi,2806,0,3,5,,,,2,3,docs.google.com|gcalls.zendesk.com,0,0,,YES,,,,,YES,YES,YES,YES,NO,2022-03-04,2022-07-20,
10732,Ebook: Bí quyết telesales hiệu quả,draft,non-vi,0,0,0,0,,YES,,0,0,,0,0,,YES,,,,,NO,NO,NO,YES,NO,2022-10-27,2022-10-27,
10733,Cuộc gọi tiếp thị qua điện thoại là gì và cách thực hiện cuộc gọi hiệu quả?,publish,vi,1377,0,3,0,,,,1,0,,0,0,,YES,,,,,YES,YES,YES,YES,NO,2022-01-11,2022-07-11,
10734,Cách tiếp thị qua điện thoại hiệu quả xử lý 3 lời từ chối cuộc gọi chào hàng,publish,vi,933,0,3,0,,,,1,1,callboxinc.com,0,0,,YES,,,,,YES,YES,YES,YES,NO,2022-01-16,2022-07-11,
10740,Bộ câu hỏi phỏng vấn chuyên viên Telemarketing và Telesales,publish,vi,1081,0,2,8,,,YES,1,0,,0,0,,YES,,,,,YES,YES,YES,YES,NO,2021-06-08,2022-07-11,
10741,8 lời khuyên dành cho nhà quản lý Call Center,publish,vi,1400,0,8,0,,,YES,2,0,,0,0,,YES,,,,,YES,YES,YES,YES,NO,2021-01-04,2022-07-11,
10742,Quyết toán thuế TNCN - Doanh nghiệp và người lao động cần biết,publish,vi,1649,0,7,2,,,YES,1,2,luatvietnam.vn|thuvienphapluat.vn,0,0,,YES,pricing,YES,,,YES,YES,YES,YES,NO,2021-07-13,2022-07-11,
10743,Hướng dẫn nhân viên tư vấn bán hàng cách xử lý khách hàng nóng tính,draft,vi,2827,0,3,5,,,,0,0,,0,0,im,YES,customer_named,,,YES,YES,YES,YES,YES,NO,2022-08-01,2022-08-01,
10745,Xây dựng chiến lược email follow-up giúp bán hàng hiệu quả (Phần 1),publish,vi,1195,0,2,0,,,YES,1,1,linkedin.com,0,0,,YES,,,,,YES,YES,YES,YES,NO,2021-07-30,2022-07-11,
10746,Xây dựng chiến lược email follow-up giúp bán hàng hiệu quả (Phần cuối),publish,vi,1578,0,8,6,,,YES,1,0,,0,0,Link,YES,customer_named,,,YES,YES,YES,YES,YES,NO,2021-08-01,2022-07-11,
10747,7 bước lập kế hoạch telesales hiệu quả,publish,vi,2593,0,8,0,,,YES,1,0,,0,0,,YES,,,,,YES,YES,YES,YES,NO,2021-10-11,2022-07-11,
10748,5 điều về trải nghiệm khách hàng mà mọi nhân viên bán hàng nên biết,publish,vi,1365,2,9,0,,,YES,10,4,facebook.com|gcalls.zendesk.com|linkedin.com|youtube.com,0,0,,YES,,,,,YES,YES,YES,YES,NO,2021-10-17,2022-07-11,
10749,EBOOK: MẪU KỊCH BẢN CHĂM SÓC KHÁCH HÀNG QUA ĐIỆN THOẠI,draft,vi,370,0,1,0,,YES,YES,1,0,,0,0,,YES,,,,,YES,YES,NO,NO,NO,2021-10-18,2022-10-28,
10750,Cách bán hàng hiệu quả bằng giọng nói,publish,vi,1931,0,5,3,,,YES,1,0,,0,0,,YES,,,,,YES,YES,YES,YES,NO,2021-10-19,2022-07-13,
10751,5 bước để thiết kế một kịch bản bán hàng thành công,publish,vi,1300,0,5,0,,,YES,1,0,,0,0,,YES,,,,,YES,YES,YES,YES,NO,2021-10-22,2022-07-10,
10752,Đừng báo giá giải pháp trước khi truyền tải được giá trị đến khách hàng,publish,vi,1472,0,4,2,,,YES,1,0,,0,0,,YES,pricing,YES,,,YES,YES,YES,YES,NO,2021-10-27,2022-07-11,
10753,Mẫu bảng đánh giá nhân viên bán hàng mới nhất,publish,vi,2595,0,5,5,2167,,YES,1,0,,0,0,,YES,,,,,YES,YES,YES,YES,NO,2021-12-30,2022-07-11,
10754,Cuộc họp đánh giá bán hàng hàng năm: 8 bước để thực hiện hiệu quả,publish,vi,2263,0,9,0,,,YES,1,0,,0,0,,YES,,,,,YES,YES,YES,YES,NO,2021-12-30,2022-07-11,
10756,Sales: Telesales và Telemarketing,publish,vi,1250,0,4,0,,,YES,1,0,,0,0,,YES,,,,,YES,YES,YES,YES,NO,2020-12-16,2022-07-11,
10798,Tuyển dụng Customer Success Engineer (IT Full Time),publish,vi,589,0,8,0,,YES,,0,1,docs.google.com,0,0,,,pricing,YES,,,YES,YES,NO,NO,NO,2022-06-30,2022-08-19,YES
10801,Tuyển dụng Customer Success Engineer (IT Internship),publish,vi,675,0,4,0,,,,0,1,docs.google.com,0,0,,,pricing,YES,,,YES,YES,NO,NO,NO,2022-06-30,2022-07-07,YES
10957,Tuyển dụng Chuyên Viên Tư Vấn Doanh Nghiệp FullTime,publish,vi,562,0,8,0,10962,YES,,0,1,docs.google.com,0,0,,,,,,,YES,YES,NO,NO,NO,2022-07-06,2022-08-19,YES
10962,Tuyển dụng Thực Tập Sinh Tư Vấn Doanh Nghiệp,publish,vi,553,0,8,0,10957,YES,,0,1,docs.google.com,0,0,,,pricing,YES,,,YES,YES,NO,NO,NO,2022-07-06,2022-07-06,YES
11915,Chạy Quảng Cáo Trên Shopee Từ A Đến Z,publish,vi,1151,0,2,3,,,,1,1,shopee.vn,0,0,caption,,unlimited,,,,YES,YES,YES,YES,NO,2022-07-23,2022-08-03,
12281,SMS Marketing Là Gì? Vì Sao Bạn Nên Dùng SMS Marketing?,publish,vi,1392,0,5,6,,,,1,2,vi.wikipedia.org,0,0,caption,,pricing,YES,,,YES,YES,YES,YES,NO,2022-07-25,2022-08-03,
12293,Phần Mềm SMS Marketing Và Những Điều Cần Biết,publish,vi,1075,0,4,5,,,,2,1,moit.gov.vn,0,0,caption,,,,,,YES,YES,YES,YES,NO,2022-07-26,2022-08-12,
12309,Dịch Vụ Tin Nhắn SMS Brandname Là Gì?,publish,vi,1268,0,4,9,,,,1,1,luathoanganh.vn,0,0,caption,,,,,,YES,YES,YES,YES,NO,2022-08-12,2022-08-12,
12326,"Sms Brandname Là Gì, Gồm Mấy Loại Và Có Lợi Ích Gì Cho Doanh Nghiệp?",publish,vi,965,0,4,2,,,,0,1,vi.wikipedia.org,0,0,caption,,qc_100,,,,YES,YES,YES,YES,NO,2022-08-13,2022-08-19,
12590,Phần Mềm SMS Brandname Nào Tốt Nhất?,publish,vi,1239,0,4,4,,,,2,1,vi.wikipedia.org,0,0,caption,,,,,,YES,YES,YES,YES,NO,2022-08-12,2022-08-12,
12599,SMS Marketing Giá Rẻ - Báo Giá Nhanh - Hiệu Quả Hàng Đầu,publish,vi,1121,0,3,9,,,,2,1,pasgo.vn,0,0,caption,,,,,,YES,YES,YES,YES,NO,2022-08-19,2022-08-19,
12625,"SMS Brandname Giá Rẻ, Uy Tín Tại Gcalls",publish,vi,1181,0,6,3,,,,1,2,vi.wikipedia.org,0,0,caption,,,,,,YES,YES,YES,YES,NO,2022-08-19,2022-08-19,
12686,Học Ngay 5 Kinh Nghiệm Bán Hàng Trên Shopee Cực Hiệu Quả 2022,publish,vi,1638,0,3,8,,,,1,2,bit.ly|meta.vn,0,0,caption,,,,,,YES,YES,YES,YES,NO,2022-08-12,2022-08-16,
12751,"Kinh Nghiệm Kinh Doanh Shopee, Bán Hàng Online Hiệu Quả",publish,vi,1660,0,3,4,,,,1,2,bit.ly|shopee.vn,0,0,caption,,,,,,YES,YES,YES,YES,NO,2022-08-11,2022-08-19,
12770,Shopee Template Và Cách Thiết Kế Chi Tiết Trên Canva,publish,vi,1468,0,4,5,,,,2,5,canva.com|drive.google.com|techtarget.com|zalo.me,0,0,caption,,,,,,YES,YES,YES,YES,NO,2022-08-13,2022-08-28,
12797,Khóa Học Bán Hàng Trên Shopee Nào Hiệu Quả Nhất,publish,vi,1619,0,4,6,,,,1,6,drive.google.com|vi.wikipedia.org|zalo.me,0,0,caption,,,,,,YES,YES,YES,YES,NO,2022-08-19,2022-08-28,
12953,Tối Ưu Quảng Cáo Shopee Hiệu Quả Nhất,draft,vi,1071,0,3,7,,,,1,1,brandsvietnam.com,0,0,caption,,,,,,YES,YES,YES,YES,NO,2022-08-25,2022-09-07,
12991,Kinh Nghiệm Bán Hàng Trên Lazada Cho Người Mới Bắt Đầu,draft,vi,1312,0,4,5,,,,2,1,vi.wikipedia.org,0,0,caption,,,,,,YES,YES,YES,YES,NO,2022-08-26,2022-08-26,
13012,Kinh Nghiệm Kinh Doanh Lazada Dành Cho Người Mới Bắt Đầu,private,vi,1350,0,6,4,,,,0,0,,0,0,caption,,,,,,YES,YES,YES,YES,NO,2022-09-05,2022-09-05,
13020,Khóa Học Kinh Doanh Shopee Hiệu Quả Trong Top 3,publish,vi,1329,0,4,3,,,,1,2,vi.wikipedia.org,0,0,caption,,save_50_80|pricing,YES,,,YES,YES,YES,YES,NO,2022-08-29,2022-09-07,
13047,Cách Tối Ưu Sản Phẩm Trên Shopee Hiệu Quả Nhất,publish,vi,1062,0,3,2,,,,0,0,,0,0,caption,,,,,,YES,YES,YES,YES,NO,2022-08-30,2022-09-07,
13067,Cách Thiết Kế Gian Hàng Trên Lazada 2022,publish,vi,1028,0,3,1,,,,1,2,canva.com|en.wikipedia.org,0,0,caption,,,,,,YES,YES,YES,YES,NO,2022-09-07,2022-09-17,
13094,Tối Ưu Quảng Cáo Lazada Hiệu Quả Và Chuyên Nghiệp,draft,vi,1098,0,2,5,,,,1,1,socprinting.net,0,0,caption,,,,,,YES,YES,YES,YES,NO,2022-09-07,2022-09-07,
13167,Cách Tối Ưu Sản Phẩm Trên Lazada,draft,vi,1262,0,2,5,,,,1,2,vi.wikipedia.org,0,0,ELHA700|caption,,,,,,YES,YES,YES,YES,NO,2022-09-09,2022-09-09,
13208,Dịch Vụ Call Center Là Gì? Công Ty Cung Cấp Uy Tín Nhất,publish,vi,1066,0,3,3,,,,2,1,marketingai.vn,0,0,caption,,always_247,,YES,,YES,YES,YES,YES,NO,2022-09-23,2022-09-30,
13242,Tổng Đài Ảo Miễn Phí Là Gì? Top 5+ Tổng Đài Ảo Miễn Phí CRM,publish,vi,1418,0,4,11,,,,2,1,en.wikipedia.org,0,0,caption,,,,,,YES,YES,YES,YES,NO,2022-09-30,2023-09-04,
13286,Tổng Đài Ảo Là Gì? Lợi Ích Hàng Đầu Dành Cho Doanh Nghiệp,publish,vi,1114,0,3,6,,,,1,1,tuyensi.vn,0,0,caption,,,,,,YES,YES,YES,YES,NO,2022-10-10,2022-10-10,
13378,Giải Pháp Tổng Đài Chăm Sóc Khách Hàng: Bỏ Vốn 1 Một Lời 10,draft,vi,1334,0,4,6,,,,2,1,en.wikipedia.org,0,0,caption,,,,,,YES,YES,YES,YES,NO,2022-10-01,2022-10-01,
13388,Tổng Đài Nội Bộ Ảo Khác Tổng Đài Ảo Điểm Nào?,publish,vi,1201,0,4,7,,,,2,2,vi.wikipedia.org,0,0,caption,,customer_named,,,YES,YES,YES,YES,YES,NO,2022-10-10,2022-10-10,
13409,Giải Pháp Tổng Đài Hỗ Trợ - Ưu Nhược Điểm,draft,vi,1077,0,3,6,,,,1,1,vi.wikipedia.org,0,0,caption,,,,,,YES,YES,NO,YES,NO,2022-10-06,2022-10-06,
13426,Lắp Đặt Tổng Đài Ảo Có Lợi Ích Gì?,draft,vi,1238,0,4,9,,,,1,2,en.wikipedia.org,0,0,caption,,,,,,YES,YES,NO,YES,NO,2022-10-08,2022-10-08,
13427,Giải Pháp Tổng Đài Ảo Không Dây Có Gì Tốt?,publish,vi,1355,0,5,2,,,,2,1,vi.wikipedia.org,0,0,caption,,qc_100,,,,YES,YES,YES,YES,NO,2022-10-10,2023-05-10,
13456,Tuyển dụng UI/UX Intern,publish,vi,439,0,2,0,,YES,,0,1,share.hsforms.com,0,0,,,,,,,YES,YES,NO,NO,NO,2022-10-12,2023-11-30,YES
13469,Tuyển dụng Customer Success Specialist Intern,publish,vi,803,0,1,0,14304,,,0,1,gcallsjsc.sg.larksuite.com,0,0,,,customer_named,,,YES,YES,YES,NO,NO,NO,2022-10-14,2024-07-03,YES
13483,Tổng Đài Công Nghệ Là Gì? Có Nên Đầu Tư Vào Tổng Đài Ảo?,publish,vi,1820,0,5,7,,,,5,1,en.wikipedia.org,0,0,caption,,qc_100|always_247|unlimited,,YES,,YES,YES,YES,YES,NO,2022-10-15,2022-12-08,
13535,HR Intern,publish,vi,538,0,1,0,14577,YES,,0,1,share.hsforms.com,0,0,,,pricing,YES,,,YES,YES,NO,NO,NO,2022-10-19,2023-11-30,YES
13899,Top 4 Kỹ Năng Chăm Sóc Khách Hàng Qua Điện Thoại,draft,vi,1363,0,5,7,,,,1,1,shopee.vn,0,0,caption,,,,,,YES,YES,YES,YES,NO,2022-11-05,2022-11-05,
14292,Marketing Automation Là Gì? Những Thông Tin Cần Biết,publish,vi,1029,0,6,0,,,,1,1,vi.wikipedia.org,0,0,caption,,,,,,YES,YES,YES,YES,NO,2022-11-24,2022-11-24,
14304,Customer Success Specialist Fulltime,publish,vi,733,0,1,0,13469,,,0,1,share.hsforms.com,0,0,,,customer_named,,,YES,YES,YES,NO,NO,NO,2022-11-24,2022-11-24,YES
14308,Customer Success Engineer Fulltime,publish,vi,465,0,3,2,,YES,,0,1,share.hsforms.com,0,0,,,,,,,YES,YES,NO,NO,NO,2022-11-24,2022-12-08,YES
14415,Kế Hoạch Chăm Sóc Khách Hàng Cũ Hiệu Quả Nhất,publish,vi,1229,0,3,4,,,,1,1,mona.media,0,0,caption,,,,,,YES,YES,YES,YES,NO,2022-11-30,2022-11-30,
14462,Hotline Là Gì? Có Những Loại Đầu Số Hotline Nào Hiện Nay?,publish,vi,1553,0,3,4,,,,2,1,en.wikipedia.org,0,0,caption,,pricing,YES,,,YES,YES,YES,YES,NO,2022-12-01,2022-12-01,
14502,IVR Là Gì? Và Những Điều Cần Biết Về IVR,publish,vi,1337,0,5,2,,,,2,2,en.wikipedia.org|vi.wikipedia.org,0,0,caption,,unlimited,,,,YES,YES,YES,YES,NO,2022-12-02,2022-12-03,
14506,Quy Trình Chăm Sóc Khách Hàng Sau Bán Hàng,publish,vi,1065,0,2,5,,,,1,2,en.wikipedia.org|vi.wikipedia.org,0,0,caption,,,,,,YES,NO,NO,YES,NO,2022-12-03,2022-12-03,
14522,ACD Là Gì? Ứng Dụng Thực Tế Của ACD Vào Call Center,publish,vi,1306,0,5,5,,,,1,1,vi.m.wikipedia.org,0,0,caption,,setup_time,,,,YES,YES,YES,YES,NO,2022-12-03,2023-01-27,
14536,Dịch Vụ Tổng Đài Ảo - 13 Tính Năng Nổi Bật,publish,vi,1162,0,3,13,,,,2,1,vi.wikipedia.org,0,0,caption,,unlimited,,,,YES,YES,NO,YES,NO,2022-12-06,2022-12-06,
14539,SIP Trunk Là Gì? Lợi Ích Dịch Vụ Này Mang Đến Như Thế Nào?,publish,vi,1140,0,5,4,,,,2,1,vi.wikipedia.org,0,0,caption,,unlimited,,,,YES,YES,YES,YES,NO,2022-12-06,2022-12-06,
14560,Số Tổng Đài 1800 Là Gì? Hướng Dẫn Đăng Ký Đầu Số 1800 Đơn Giản,publish,vi,1109,0,7,2,,,,1,1,hieuluat.vn,0,0,caption,,unlimited,,,,YES,YES,NO,YES,NO,2022-12-07,2022-12-07,
14568,Giải Đáp Thông Tin Về VoIP Và Ứng Dụng Thực Tế,publish,vi,1091,0,3,6,,,,1,1,vi.wikipedia.org,0,0,caption,,unlimited,,,,YES,YES,YES,YES,NO,2022-12-06,2022-12-13,
14577,HR Parttime,publish,vi,525,0,1,0,13535,YES,,0,1,share.hsforms.com,0,0,,,,,,,YES,YES,NO,NO,NO,2022-12-08,2022-12-08,YES
14607,Mẫu Lời Chào Tổng Đài Điện Thoại Phổ Biến Hiện Nay,publish,vi,1160,0,6,5,,,,3,1,vietteltelecom.vn,0,0,caption,,,,,,YES,YES,YES,YES,NO,2023-01-11,2023-01-11,
14614,Service Level Agreement Là Gì? Từ A - Z Thông Tin Về SLA,publish,vi,1118,0,6,0,,,,2,1,nganhangphapluat.lawnet.vn,0,0,caption,,sla_uptime,,YES,,YES,YES,YES,YES,NO,2022-12-12,2022-12-12,
14773,Best Virtual Phone System For Small Medium Business 2023,publish,non-vi,1879,0,8,19,,,,1,3,en.wikipedia.org,0,0,caption,,unlimited,,,,YES,YES,YES,YES,NO,2022-12-21,2022-12-23,
14787,Cách Xử Lý Các Tình Huống Chăm Sóc Khách Hàng,publish,vi,1441,0,6,4,,,,1,1,vi.wikipedia.org,0,0,caption,,,,,,YES,YES,NO,YES,NO,2022-12-21,2022-12-21,
14797,Tin Nhắn Chăm Sóc Khách Hàng Cũ Hiệu Quả Nhất,publish,vi,1164,0,3,6,,,,1,1,tuha.vn,0,0,caption,,,,,,YES,YES,YES,YES,NO,2022-12-22,2022-12-22,
14870,On Premise Là Gì Và Đây Có Phải Là Giải Pháp Tốt Nhất?,publish,vi,1198,0,3,4,,,,2,1,dictionary.cambridge.org,0,0,caption,,,,,,YES,YES,YES,YES,NO,2022-12-30,2022-12-31,
14890,Hệ Thống Tổng Đài Điện Thoại Chuẩn Là Như Thế Nào?,publish,vi,1048,0,6,0,,,,1,1,adsun.vn,0,0,caption,,,,,,YES,YES,YES,YES,NO,2023-01-05,2023-01-05,
14902,Dịch Vụ Chăm Sóc Khách Hàng Là Gì?,publish,vi,1232,0,6,0,,,,5,1,vi.wikipedia.org,0,0,caption,,,,,,YES,YES,NO,YES,NO,2023-01-05,2023-01-05,
15008,Tổng Đài IP Và Những Khác Biệt So Với Tổng Đài Analog,publish,vi,1199,0,4,2,,,,2,1,onlinecrm.vn,0,0,caption,,unlimited,,,,YES,YES,YES,YES,NO,2023-01-06,2023-01-06,
15049,Kịch Bản Tư Vấn Khách Hàng Spa Là Gì?,publish,vi,1301,0,2,2,,,,2,1,vi.wikipedia.org,0,0,caption,,pricing,YES,,,YES,YES,NO,YES,NO,2023-01-10,2023-01-10,
15195,Customer Lifetime Value Là Gì? Vai Trò Và Cách Tính,publish,vi,1142,0,4,3,,,,1,1,luatminhkhue.vn,0,0,caption,,,,,,YES,YES,YES,YES,NO,2023-01-12,2023-01-12,
15207,5 Lý Do Nên Chọn Dịch Vụ Chăm Sóc Khách Hàng Viettel,publish,vi,1098,0,3,5,,,,2,1,zingnews.vn,0,0,caption,,always_247|pricing|customer_named,YES,YES,YES,YES,YES,YES,YES,NO,2023-01-14,2023-01-15,
15217,Phần Mềm Quản Lý Bán Hàng Đa Kênh Là Gì? Có Nên Sử Dụng?,publish,vi,1127,0,5,0,,,,2,1,vi.wikipedia.org,0,0,caption,,,,,,YES,YES,YES,YES,NO,2023-01-18,2023-01-18,
15221,Dịch Vụ Voice Brandname Là Gì Và Những Lợi Ích Hiện Đại,publish,vi,1247,0,4,4,,,,2,2,3cx.vn|voicefpt.com.vn,0,0,caption,,,,,,YES,YES,YES,YES,NO,2023-01-17,2023-01-18,
15235,Customer Success Là Gì? Những Thông Tin Cụ Thể Nhất,publish,vi,1072,0,3,3,,,,1,1,advertisingvietnam.com,0,0,caption,,,,,,YES,YES,YES,YES,NO,2023-01-19,2023-01-19,
15250,Tổng Đài Contact Center Là Gì?,publish,vi,1106,0,4,5,,,,1,1,vi.wikipedia.org,0,0,caption,,always_247|customer_named,,YES,YES,YES,YES,NO,YES,NO,2023-01-20,2023-01-20,
15262,Phần Mềm Tổng Đài Ảo Là Gì?,publish,vi,1059,0,4,7,,,,2,1,en.wikipedia.org,0,0,caption,,,,,,YES,YES,NO,YES,NO,2023-01-20,2023-01-20,
15281,Mua Số Tổng Đài 1900 Có Lợi Ích Gì? Nên Mua Ở Đâu Uy Tín?,publish,vi,1094,0,6,6,,,,3,1,vi.wikipedia.org,0,0,caption,,never_miss|unlimited|pricing,YES,,,YES,YES,YES,YES,NO,2023-01-21,2023-01-29,
15306,Chăm Sóc Khách Hàng Qua Điện Thoại Và Kỹ Năng Cần Thiết,publish,vi,1454,0,4,5,,,,1,1,salesforce.com,0,0,caption,,,,,,YES,YES,YES,YES,NO,2023-01-31,2023-02-01,
15314,Salesforce Là Gì? Những Thông Tin Quan Trọng Nhất,publish,vi,1123,0,3,10,,,,1,2,vi.wikipedia.org,0,0,caption,,,,,,YES,YES,YES,YES,NO,2023-02-01,2023-03-08,
15328,salesforce,draft,non-vi,0,0,0,0,,YES,,0,0,,0,0,,,,,,,NO,NO,NO,NO,NO,2023-02-01,2023-02-01,
15332,Dịch Vụ Voice Brandname Là Gì?,publish,vi,2761,0,8,14,,,,2,0,,0,0,caption,,unlimited,,,,YES,YES,NO,YES,NO,2023-03-06,2023-03-06,
15335,Phần Mềm CRM Việt Nam Là Gì?,publish,vi,1121,0,4,8,,,,1,1,vi.wikipedia.org,0,0,caption,,,,,,YES,YES,NO,YES,NO,2023-02-05,2023-02-05,
15353,Cách Xây Dựng Quy Trình Bán Hàng Của Doanh Nghiệp Hiệu Quả,publish,vi,1537,0,4,8,,,,2,1,vi.wikipedia.org,0,0,caption,,,,,,YES,YES,YES,YES,NO,2023-02-06,2023-02-10,
15363,Vì Sao Chiến Lược Chăm Sóc Khách Hàng Với SalesForce Cần Thiết,publish,vi,1083,0,2,4,,,,1,1,tinhocmos.edu.vn,0,0,caption,,,,,,YES,YES,YES,YES,NO,2023-02-09,2023-02-09,
15380,So Sánh Salesforce CRM Và Các Phần Mềm Khác,publish,vi,1175,0,2,3,,,,1,1,aita.gov.vn,0,0,caption,,,,,,YES,YES,YES,YES,NO,2023-02-15,2023-03-08,
15384,Salesforce Marketing Cloud Là Gì? Tìm Hiểu Thông Tin Từ A-Z,publish,vi,1200,0,3,5,,,,2,1,vi.wikipedia.org,0,0,caption,,unlimited,,,,YES,YES,YES,YES,NO,2023-02-14,2023-02-15,
15558,8 Cách Giữ Khách Hàng Cũ Hiệu Quả,publish,vi,1619,0,3,8,,,,1,1,en.wikipedia.org,0,0,caption,,,,,,YES,YES,NO,YES,NO,2023-03-07,2023-03-07,
15561,Trải Nghiệm Khách Hàng Xuất Sắc Là Gì? Cách Nâng Cấp,publish,vi,1375,0,4,6,,,,1,1,nhanh.vn,0,0,caption,,unlimited,,,,YES,YES,YES,YES,NO,2023-03-07,2023-03-07,
15589,Câu Hỏi Chăm Sóc Khách Hàng Cũ & Kịch Bản CSKH Hiệu Quả,publish,vi,1624,0,5,3,,,,2,1,vi.wikipedia.org,0,0,caption,,,,,,YES,YES,YES,YES,NO,2023-03-07,2023-03-09,
15604,Giải Pháp Chăm Sóc Khách Hàng Nào Tối Ưu Nhất?,publish,vi,1227,0,3,5,,,,1,1,sapo.vn,0,0,caption,,,,,,YES,YES,YES,YES,NO,2023-03-09,2023-03-09,
15646,Top 5 Lợi Ích Của Phần Mềm Auto Answer,publish,vi,1584,0,3,9,,,,2,1,vi.wikipedia.org,0,0,caption,,always_247,,YES,,YES,NO,NO,YES,NO,2023-03-21,2023-03-26,
15660,Chiến Lược Giữ Chân Khách Hàng Hiệu Quả Nhất,publish,vi,1072,0,3,6,,,,1,1,sapo.vn,0,0,caption,,,,,,YES,YES,YES,YES,NO,2023-03-17,2023-03-17,
15681,Tin Nhắn Chăm Sóc Khách Hàng Cũ Giúp Gia Tăng Hiệu Quả,publish,vi,1390,0,3,6,,,,2,2,bitrix24.vn|zozo.vn,0,0,caption,,,,,,YES,YES,YES,YES,NO,2023-03-18,2023-03-18,
15687,Quản Lý Thông Tin Khách Hàng Hiệu Quả Qua Hệ Thống Nào?,publish,vi,809,0,1,3,,,,0,1,vi.wikipedia.org,0,0,caption,,,,,,YES,YES,YES,YES,NO,2023-03-18,2023-04-04,
15713,Quản Lý Cuộc Gọi Khách Hàng Có Thật Sự Dễ Dàng?,publish,vi,1854,0,4,8,,,,2,1,support.google.com,0,0,caption,,setup_time,,,,YES,YES,YES,YES,NO,2023-03-21,2023-03-22,
15724,Bí Quyết Chăm Sóc Khách Hàng Tuyệt Đỉnh Nhất,publish,vi,1084,0,2,6,,,,1,1,ieit.vn,0,0,caption,,,,,,YES,YES,YES,YES,NO,2023-03-22,2023-03-22,
15738,"Tại Sao Dịch Vụ Tổng Đài Ảo Dành Cho Startup ""Bùng Nổ"" 2023?",publish,vi,1826,0,5,11,,,,5,1,topcv.vn,0,0,caption,,,,,,YES,YES,YES,YES,NO,2023-03-24,2023-03-24,
15743,Đồng Bộ Hóa Dữ Liệu Là Gì? Tại Sao Nên Đồng Bộ Dữ Liệu?,publish,vi,1292,0,5,2,,,,2,1,vi.wikipedia.org,0,0,caption,,,,,,YES,YES,YES,YES,NO,2023-03-24,2023-03-24,
15765,Phần Mềm Auto Call Và Những Lợi Ích Cho Doanh Nghiệp,publish,vi,1197,0,5,3,,,,2,0,,0,0,caption,,save_50_80,,,,YES,YES,YES,YES,NO,2023-03-27,2023-03-27,
15775,5 Lợi Ích Của Dịch Vụ Hỗ Trợ Trực Tuyến,publish,vi,1358,0,4,8,,,,2,1,vi.wikipedia.org,0,0,caption,,,,,,YES,YES,NO,YES,NO,2023-03-27,2023-03-27,
15794,Hệ Thống Quản Lý Khách Hàng Và Phần Mềm Trên Điện Thoại,publish,vi,1031,0,3,4,,,,2,1,vi.wikipedia.org,0,0,caption,,,,,,YES,YES,YES,YES,NO,2023-03-28,2023-03-29,
15806,Giải Pháp Tổng Đài Ảo Cho Doanh Nghiệp Vừa Và Nhỏ,publish,vi,1137,0,3,7,,,,4,2,vi.wikipedia.org,0,0,caption,,always_247,,YES,,YES,YES,YES,YES,NO,2023-03-29,2023-03-29,
15830,Mô Hình Trải Nghiệm Khách Hàng Là Gì?,publish,vi,1494,0,5,16,,,,4,1,vi.wikipedia.org,0,0,caption,,,,,,YES,YES,NO,YES,NO,2023-04-05,2023-04-27,
15847,Lưu Trữ Thông Tin Khách Hàng Với Top 3 Phần Mềm Tốt Nhất,publish,vi,1390,0,4,9,,,,2,1,vi.wikipedia.org,0,0,caption,,,,,,YES,YES,YES,YES,NO,2023-04-05,2023-04-07,
15859,Tổng Đài IP Và Những Điều Cần Biết Trước Khi Lắp Đặt,publish,vi,1422,0,3,5,,,,2,2,dictionary.cambridge.org|google.com,0,0,caption,,,,,,YES,YES,YES,YES,NO,2023-04-06,2023-04-06,
15870,Nhân Viên Hỗ Trợ Khách Hàng - Chìa Khóa Thành Công Của Doanh Nghiệp,publish,vi,1179,0,3,3,,,,2,1,vncmd.com,0,0,caption,,,,,,YES,YES,YES,YES,NO,2023-04-07,2023-04-07,
15884,Dịch Vụ Tổng Đài Đám Mây Cho Start-Up,publish,vi,1282,0,3,7,,,,3,1,vi.wikipedia.org,0,0,caption,,,,,,YES,YES,NO,YES,NO,2023-04-11,2023-04-11,
15904,8 Bước Bán Hàng Cơ Bản Và Hiệu Quả Cho Nhân Viên Sales,publish,vi,1601,0,3,6,,,,2,0,,0,0,caption,,,,,,YES,YES,YES,YES,NO,2023-04-17,2023-04-18,
15916,Cách Gọi Sale Hiệu Quả Có Thể Bạn Không Biết,publish,vi,1110,0,2,6,,,,3,1,ilovemyvoice.vn,0,0,caption,,,,,,YES,YES,YES,YES,NO,2023-04-18,2023-04-18,
15926,Cách Telesale Cho Người Mới Bắt Đầu,publish,vi,1461,0,3,11,,,,4,1,vi.wikipedia.org,0,0,caption,,,,,,YES,YES,NO,YES,NO,2023-04-18,2023-04-27,
15943,Chương Trình Chăm Sóc Khách Hàng Tối Ưu Nhất,publish,vi,1075,0,2,5,,,,3,1,indongnam.com.vn,0,0,caption,,,,,,YES,YES,YES,YES,NO,2023-04-19,2023-04-19,
15982,Quản Lý Quan Hệ Khách Hàng Trong Doanh Nghiệp,publish,vi,1497,0,4,13,,,,3,2,glints.com|support.google.com,0,0,caption,,,,,,YES,YES,YES,YES,NO,2023-04-21,2023-04-27,
15993,Phương Pháp Quản Lý Telesale Hiệu Quả,publish,vi,1667,0,2,7,,,,3,1,en.wikipedia.org,0,0,caption,,,,,,YES,YES,NO,YES,NO,2023-04-24,2023-04-24,
16005,Hệ Thống Chăm Sóc Khách Hàng: Lợi Ích Và 6 Tính Năng,publish,vi,1459,0,4,12,,,,3,1,vi.wikipedia.org,0,0,caption,,customer_named,,,YES,YES,YES,YES,YES,NO,2023-04-24,2023-04-25,
16018,Đăng Ký Tổng Đài Ảo: Giải Pháp Chăm Sóc Khách Hàng Hiệu Quả,publish,vi,1488,0,4,9,,,,6,1,vi.wikipedia.org,0,0,caption,,always_247|customer_named,,YES,YES,YES,YES,YES,YES,NO,2023-04-12,2023-05-09,
16022,Cách Gọi Telesale Hiệu Quả Mà Bạn Chưa Biết,publish,vi,1079,0,2,6,,,,3,1,cafeland.vn,0,0,caption,,,,,,YES,YES,YES,YES,NO,2023-04-26,2023-04-26,
16035,8 Cách Nâng Cao Trải Nghiệm Dịch Vụ Khách Hàng,publish,vi,1233,0,2,8,,,,3,1,vi.wikipedia.org,0,0,caption,,,,,,YES,YES,YES,YES,NO,2023-04-27,2023-04-27,
16095,"Hệ Thống Quản Lý Khách Hàng Trong Nhà Hàng, Khách Sạn",publish,vi,1531,0,5,2,,,,3,2,google.com|salesforce.com,0,0,caption,,,,,,YES,YES,YES,YES,NO,2023-04-28,2023-04-28,
16109,Chú Ý Khi Xây Dựng Sơ Đồ Quy Trình Chăm Sóc Khách Hàng,publish,vi,1212,0,2,5,,,,2,1,vi.wikipedia.org,0,0,caption,,,,,,YES,YES,YES,YES,NO,2023-05-04,2023-05-04,
16131,Phần Mềm Quản Lý Khách Hàng Miễn Phí Cho Doanh Nghiệp,publish,vi,1574,0,4,5,,,,3,2,agilecrm.com|insightly.com,0,0,caption,,,,,,YES,YES,YES,YES,NO,2023-05-04,2023-05-05,
16145,Phương Pháp Chăm Sóc Khách Hàng Hiệu Quả Nhất Hiện Nay,publish,vi,1320,0,5,4,,,,3,2,nguyenkim.com|vtv.vn,0,0,caption,,,,,,YES,YES,YES,YES,NO,2023-05-07,2023-05-07,
16176,Nâng Cao Chất Lượng Nguồn Nhân Lực Trong Doanh Nghiệp,publish,vi,1781,0,4,4,,,,2,1,thinkingschool.vn,0,0,caption,,,,,,YES,YES,YES,YES,NO,2023-05-11,2023-05-12,
16180,Xây Dựng Chiến Lược Marketing Hiệu Quả Như Thế Nào?,publish,vi,1131,0,2,5,,,,1,1,banhang.shopee.vn,0,0,caption,,,,,,YES,YES,YES,YES,NO,2023-05-12,2023-05-12,
16201,9 Ý Tưởng Khởi Nghiệp Tuyệt Vời Cho Bạn,publish,vi,1309,0,2,2,,,,2,1,vi.wikipedia.org,0,0,caption,,,,,,YES,YES,NO,YES,NO,2023-05-13,2023-05-13,
16202,8 Phương Pháp Tiếp Cận Khách Hàng Hiệu Quả,publish,vi,1571,0,3,11,,,,4,1,vi.wikipedia.org,0,0,caption,,,,,,YES,YES,YES,YES,NO,2023-05-13,2023-05-13,
16240,Xác Định Khách Hàng Mục Tiêu: Vai Trò & Cách Xác Định,publish,vi,1548,0,5,8,,,,2,1,vi.wikipedia.org,0,0,caption,,,,,,YES,YES,YES,YES,NO,2023-05-15,2023-05-16,
16252,Mục Tiêu SMART Là Gì? Ví Dụ Và Cách Đặt Mục Tiêu SMART,publish,vi,1452,0,5,4,,,,4,1,vi.wikipedia.org,0,0,caption,,,,,,YES,YES,YES,YES,NO,2023-05-26,2023-05-26,
16254,5 Bước Lập Kế Hoạch Marketing Hiệu Quả Cho Doanh Nghiệp,publish,vi,1585,0,4,5,,,,3,1,support.google.com,0,0,caption,,,,,,YES,YES,YES,YES,NO,2023-05-22,2023-05-25,
16257,Xác Định Ngân Sách Marketing Như Thế Nào?,publish,vi,1167,0,4,4,,,,3,2,insivia.com|vieclam.thegioididong.com,0,0,caption,,,,,,YES,YES,YES,YES,NO,2023-05-17,2023-05-17,
16271,Nhà Đầu Tư Thiên Thần - Cứu Tinh Của Start Up,publish,vi,1821,0,6,9,,,,2,2,ventures.vinacapital.com|viisa.vn,0,0,caption,,,,,,YES,YES,YES,YES,NO,2023-05-19,2023-05-20,
16284,9 Bước Lập Kế Hoạch Digital Marketing,publish,vi,1169,0,2,1,,,,2,1,vi.wikipedia.org,0,0,caption,,,,,,YES,YES,NO,YES,NO,2023-05-22,2023-05-22,
16324,Tự Ghi Âm Cuộc Gọi Và Cách Hướng Dẫn Cài,publish,vi,1501,0,5,3,,,,2,2,apps.apple.com|thuvienphapluat.vn,0,0,caption,,,,,,YES,YES,NO,YES,NO,2023-05-26,2023-05-26,
16329,4 Website Gọi Vốn Cộng Đồng Hiệu Quả Dành Cho Start-Up,publish,vi,1314,0,4,4,,,,4,1,vi.wikipedia.org,0,0,caption,,,,,,YES,YES,YES,YES,NO,2023-05-30,2023-05-30,
16348,Hướng Dẫn Khởi Nghiệp Hiệu Quả,publish,vi,1348,0,2,2,,,,2,1,vi.wikipedia.org,0,0,caption,,,,,,YES,YES,NO,YES,NO,2023-05-28,2023-05-28,
16376,Quản Trị Theo Mục Tiêu SMART Là Gì?,publish,vi,1273,0,2,3,,,,3,1,vi.wikipedia.org,0,0,caption,,,,,,YES,YES,NO,YES,NO,2023-05-31,2023-05-31,
16389,Call Center Là Gì? Tất Tần Tật Về Call Center Mà Bạn Nên Biết,draft,vi,937,0,5,0,,,,0,0,,0,0,,,always_247,,YES,,NO,YES,NO,NO,NO,2023-05-31,2023-05-31,
16611,9 việc NÊN và KHÔNG NÊN làm trong quy trình đánh giá nhân viên,publish,vi,1909,0,9,0,,,,1,0,,0,0,,,,,,,YES,NO,YES,YES,NO,2023-07-14,2023-07-14,
17741,Thủ thuật tăng traffic website uy tín tại trafficSEO,publish,vi,825,0,3,4,,,,0,2,trafficseo.net,0,0,,,,,,,NO,YES,NO,YES,NO,2022-08-11,2023-11-18,
17775,Hướng dẫn quy trình bán bất động sản: Từ thời điểm mở bán cho đến lúc ký hợp đồng,draft,vi,6685,0,6,11,,,,1,0,,0,0,caption,,,,,,YES,YES,NO,YES,NO,2023-12-25,2023-12-25,
17795,8 cách xử lý từ chối của khách hàng,draft,vi,1424,0,8,0,,,,0,0,,0,0,caption,,,,,,YES,YES,NO,YES,NO,2023-12-25,2023-12-25,
17802,Tiêu chí đánh giá hiệu quả bán hàng,draft,vi,2028,0,3,7,1529,,,0,0,,0,0,caption,,,,,,YES,NO,NO,YES,NO,2023-12-25,2023-12-25,
17823,Vì sao nhắn tin với khách hàng là cách hiệu quả để tăng doanh số bán hàng?,draft,vi,1781,0,3,3,,,,0,0,,0,0,caption,,,,,,YES,YES,NO,YES,NO,2023-12-25,2023-12-25,
17827,Chỉ số CSAT là gì và cách đo lường chỉ số này trong dịch vụ khách hàng?,draft,vi,2677,0,7,2,2539,,,0,0,,0,0,,,,,,,YES,NO,NO,YES,NO,2023-12-25,2023-12-25,
17832,Làm thế nào để kết nối 2 bộ phận bán hàng và dịch vụ khách hàng trong doanh nghiệp?,draft,vi,2770,0,2,8,2761,,,0,0,,0,0,,,,,,,YES,NO,NO,YES,NO,2023-12-25,2023-12-25,
17839,6 cách tăng năng suất bán hàng và tối ưu công việc cho nhân viên bán hàng,draft,vi,1994,0,6,0,,,,0,0,,0,0,caption,,setup_time,,,,YES,NO,NO,YES,NO,2023-12-25,2023-12-25,
17846,Hướng dẫn tuyển dụng nhân sự cho bộ phận Hỗ trợ khách hàng của doanh nghiệp,draft,vi,2985,0,3,9,2425,,,0,1,docs.google.com,0,0,,,,,,,YES,NO,NO,YES,NO,2023-12-25,2023-12-25,YES
17856,Hướng dẫn cải thiện tình trạng quá tải tại Call Center vào các mùa lễ lớn sale to,draft,vi,1781,0,4,0,,,,2,0,,0,0,,,,,,,YES,NO,NO,YES,NO,2023-12-25,2023-12-25,
17875,Lead qualification: Cách đánh giá khách hàng tiềm năng hiệu quả,draft,vi,3882,0,6,14,2200,,,0,1,drive.google.com,0,0,caption,,,,,,YES,YES,NO,YES,NO,2023-12-25,2023-12-25,
17884,Tại sao tỷ lệ giữ chân khách hàng lại quan trọng đối với doanh nghiệp?,draft,vi,4248,0,5,15,2462,,,4,1,blog.hubspot.com,0,0,caption,,perf_30_50,,,,YES,YES,NO,YES,NO,2023-12-25,2023-12-25,
17894,"Tại sao nói: “Phản hồi của khách hàng của bạn vẫn còn quan trọng đối với doanh nghiệp?""",draft,vi,3061,0,5,12,2904,,,6,1,aircall.io,0,0,caption,,,,,,YES,YES,NO,YES,NO,2023-12-25,2023-12-25,
17902,"Zoho CRM: Tính năng và ưu, nhược điểm của phần mềm quản lý mối quan hệ khách hàng này",draft,vi,4438,0,3,6,2819,,,4,2,financesonline.com|youtu.be,0,0,,,,,,,YES,YES,NO,YES,NO,2023-12-25,2023-12-25,
17911,“Khách hàng luôn đúng”:Ý nghĩa và góc nhìn về tính đúng đắn của triết lý,draft,vi,2778,0,5,9,,,,4,2,inc.com|momentcrm.com,0,0,caption,,,,,,YES,YES,NO,YES,NO,2023-12-25,2023-12-25,
17917,15 cách để tránh cạn kiệt năng lượng của tổng đài viên,draft,vi,4535,0,5,20,,,,1,0,,0,0,caption,,setup_time,,,,YES,YES,NO,YES,NO,2023-12-25,2023-12-25,
17924,Product Demo là gì? Cách thực hiện Product Demo thành công dành cho nhân viên bán hàng,draft,vi,4718,0,9,3,,,,0,5,gong.io|walnut.io,0,0,caption,,customer_named,,,YES,YES,YES,NO,YES,NO,2023-12-25,2023-12-25,
