Post ID,Current Live URL,Current Path,Proposed Path,Redirect Type,Reason,Apply Status
314,https://gcalls.co/3-cach-de-doanh-nghiep-ton-tai-va-vuon-len-thoi-covid/,/3-cach-de-doanh-nghiep-ton-tai-va-vuon-len-thoi-covid/,/3-cach-de-doanh-nghiep-ton-tai-va-vuon-len-thoi-covid/,NONE,Permalink decision locked: /blog/ is the archive; post URLs stay at root,KEEP_EXISTING_URL
410,https://gcalls.co/nang-tam-gia-tri-thuong-hieu-cua-doanh-nghiep-ban-voi-voice-brandname/,/nang-tam-gia-tri-thuong-hieu-cua-doanh-nghiep-ban-voi-voice-brandname/,/nang-tam-gia-tri-thuong-hieu-cua-doanh-nghiep-ban-voi-voice-brandname/,NONE,Permalink decision locked: /blog/ is the archive; post URLs stay at root,KEEP_EXISTING_URL
439,https://gcalls.co/goc-nhin-cua-doanh-nghiep-va-khach-hang-ve-tong-dai-cskh-va-ban-hang/,/goc-nhin-cua-doanh-nghiep-va-khach-hang-ve-tong-dai-cskh-va-ban-hang/,/goc-nhin-cua-doanh-nghiep-va-khach-hang-ve-tong-dai-cskh-va-ban-hang/,NONE,Permalink decision locked: /blog/ is the archive; post URLs stay at root,KEEP_EXISTING_URL
553,https://gcalls.co/gcalls-va-ban-doi-tac-gioi-thieu-khach-hang/,/gcalls-va-ban-doi-tac-gioi-thieu-khach-hang/,/gcalls-va-ban-doi-tac-gioi-thieu-khach-hang/,NONE,Permalink decision locked: /blog/ is the archive; post URLs stay at root,KEEP_EXISTING_URL
566,https://gcalls.co/5-linh-vuc-rat-can-dich-vu-call-center-trung-tam-cuoc-goi/,/5-linh-vuc-rat-can-dich-vu-call-center-trung-tam-cuoc-goi/,/5-linh-vuc-rat-can-dich-vu-call-center-trung-tam-cuoc-goi/,NONE,Permalink decision locked: /blog/ is the archive; post URLs stay at root,KEEP_EXISTING_URL
588,https://gcalls.co/call-center-la-mot-trai-nghiem-thuong-hieu-trong-nganh-dich-vu-suc-khoe/,/call-center-la-mot-trai-nghiem-thuong-hieu-trong-nganh-dich-vu-suc-khoe/,/call-center-la-mot-trai-nghiem-thuong-hieu-trong-nganh-dich-vu-suc-khoe/,NONE,Permalink decision locked: /blog/ is the archive; post URLs stay at root,KEEP_EXISTING_URL
603,https://gcalls.co/10-thong-ke-ve-he-thong-voip-chung-minh-tam-quan-trong-cua-cong-nghe/,/10-thong-ke-ve-he-thong-voip-chung-minh-tam-quan-trong-cua-cong-nghe/,/10-thong-ke-ve-he-thong-voip-chung-minh-tam-quan-trong-cua-cong-nghe/,NONE,Permalink decision locked: /blog/ is the archive; post URLs stay at root,KEEP_EXISTING_URL
615,https://gcalls.co/10-meo-hay-nhat-de-telesales-thanh-cong/,/10-meo-hay-nhat-de-telesales-thanh-cong/,/10-meo-hay-nhat-de-telesales-thanh-cong/,NONE,Permalink decision locked: /blog/ is the archive; post URLs stay at root,KEEP_EXISTING_URL
647,https://gcalls.co/4-ly-do-su-dung-tong-dai-ao-call-center-la-can-thiet-voi-mot-doanh-nghiep/,/4-ly-do-su-dung-tong-dai-ao-call-center-la-can-thiet-voi-mot-doanh-nghiep/,/4-ly-do-su-dung-tong-dai-ao-call-center-la-can-thiet-voi-mot-doanh-nghiep/,NONE,Permalink decision locked: /blog/ is the archive; post URLs stay at root,KEEP_EXISTING_URL
654,https://gcalls.co/5-loi-ich-cua-viec-su-dung-bao-cao-tong-dai-call-center-phan-cuoi/,/5-loi-ich-cua-viec-su-dung-bao-cao-tong-dai-call-center-phan-cuoi/,/5-loi-ich-cua-viec-su-dung-bao-cao-tong-dai-call-center-phan-cuoi/,NONE,Permalink decision locked: /blog/ is the archive; post URLs stay at root,KEEP_EXISTING_URL
669,https://gcalls.co/5-loi-ich-cua-viec-su-dung-bao-cao-tong-dai-call-center-phan-1/,/5-loi-ich-cua-viec-su-dung-bao-cao-tong-dai-call-center-phan-1/,/5-loi-ich-cua-viec-su-dung-bao-cao-tong-dai-call-center-phan-1/,NONE,Permalink decision locked: /blog/ is the archive; post URLs stay at root,KEEP_EXISTING_URL
676,https://gcalls.co/lam-the-nao-de-mo-rong-mot-nhom-ban-hang-toan-cau/,/lam-the-nao-de-mo-rong-mot-nhom-ban-hang-toan-cau/,/lam-the-nao-de-mo-rong-mot-nhom-ban-hang-toan-cau/,NONE,Permalink decision locked: /blog/ is the archive; post URLs stay at root,KEEP_EXISTING_URL
684,https://gcalls.co/goals-muc-dich-vs-objectives-muc-tieu-phan-biet-don-gian/,/goals-muc-dich-vs-objectives-muc-tieu-phan-biet-don-gian/,/goals-muc-dich-vs-objectives-muc-tieu-phan-biet-don-gian/,NONE,Permalink decision locked: /blog/ is the archive; post URLs stay at root,KEEP_EXISTING_URL
694,https://gcalls.co/tai-sao-khong-tuy-y-dua-y-kien-trong-content-marketing/,/tai-sao-khong-tuy-y-dua-y-kien-trong-content-marketing/,/tai-sao-khong-tuy-y-dua-y-kien-trong-content-marketing/,NONE,Permalink decision locked: /blog/ is the archive; post URLs stay at root,KEEP_EXISTING_URL
826,https://gcalls.co/cach-mang-cong-nghiep-4-0-va-loi-ich-doi-voi-doanh-nghiep/,/cach-mang-cong-nghiep-4-0-va-loi-ich-doi-voi-doanh-nghiep/,/cach-mang-cong-nghiep-4-0-va-loi-ich-doi-voi-doanh-nghiep/,NONE,Permalink decision locked: /blog/ is the archive; post URLs stay at root,KEEP_EXISTING_URL
861,https://gcalls.co/11-chi-so-danh-gia-quan-trong-doi-voi-bo-phan-cham-soc-khach-hang/,/11-chi-so-danh-gia-quan-trong-doi-voi-bo-phan-cham-soc-khach-hang/,/11-chi-so-danh-gia-quan-trong-doi-voi-bo-phan-cham-soc-khach-hang/,NONE,Permalink decision locked: /blog/ is the archive; post URLs stay at root,KEEP_EXISTING_URL
872,https://gcalls.co/cong-nghe-dang-thay-doi-cach-moi-nguoi-lam-viec-tu-xa-nhu-the-nao/,/cong-nghe-dang-thay-doi-cach-moi-nguoi-lam-viec-tu-xa-nhu-the-nao/,/cong-nghe-dang-thay-doi-cach-moi-nguoi-lam-viec-tu-xa-nhu-the-nao/,NONE,Permalink decision locked: /blog/ is the archive; post URLs stay at root,KEEP_EXISTING_URL
884,https://gcalls.co/tiep-thi-qua-dien-thoai-13-meo-chinh-phuc-khach-hang/,/tiep-thi-qua-dien-thoai-13-meo-chinh-phuc-khach-hang/,/tiep-thi-qua-dien-thoai-13-meo-chinh-phuc-khach-hang/,NONE,Permalink decision locked: /blog/ is the archive; post URLs stay at root,KEEP_EXISTING_URL
897,https://gcalls.co/10-cong-nghe-phai-co-de-co-the-xay-dung-team-lam-viec-tu-xa-hieu-qua/,/10-cong-nghe-phai-co-de-co-the-xay-dung-team-lam-viec-tu-xa-hieu-qua/,/10-cong-nghe-phai-co-de-co-the-xay-dung-team-lam-viec-tu-xa-hieu-qua/,NONE,Permalink decision locked: /blog/ is the archive; post URLs stay at root,KEEP_EXISTING_URL
1071,https://gcalls.co/cach-tao-ho-so-khach-hang-ly-tuong-cho-nhom-khach-hang-tiem-nang-b2b/,/cach-tao-ho-so-khach-hang-ly-tuong-cho-nhom-khach-hang-tiem-nang-b2b/,/cach-tao-ho-so-khach-hang-ly-tuong-cho-nhom-khach-hang-tiem-nang-b2b/,NONE,Permalink decision locked: /blog/ is the archive; post URLs stay at root,KEEP_EXISTING_URL
1082,https://gcalls.co/top-10-phan-mem-theo-doi-ban-hang-hang-dau-danh-cho-doanh-nghiep/,/top-10-phan-mem-theo-doi-ban-hang-hang-dau-danh-cho-doanh-nghiep/,/top-10-phan-mem-theo-doi-ban-hang-hang-dau-danh-cho-doanh-nghiep/,NONE,Permalink decision locked: /blog/ is the archive; post URLs stay at root,KEEP_EXISTING_URL
1102,https://gcalls.co/5-chi-so-do-luong-hieu-suat-ban-hang-quan-trong-nen-theo-doi/,/5-chi-so-do-luong-hieu-suat-ban-hang-quan-trong-nen-theo-doi/,/5-chi-so-do-luong-hieu-suat-ban-hang-quan-trong-nen-theo-doi/,NONE,Permalink decision locked: /blog/ is the archive; post URLs stay at root,KEEP_EXISTING_URL
1113,https://gcalls.co/9-meo-cold-calling-danh-cho-nhan-vien-ban-hang-phan-1/,/9-meo-cold-calling-danh-cho-nhan-vien-ban-hang-phan-1/,/9-meo-cold-calling-danh-cho-nhan-vien-ban-hang-phan-1/,NONE,Permalink decision locked: /blog/ is the archive; post URLs stay at root,KEEP_EXISTING_URL
1134,https://gcalls.co/9-meo-cold-calling-danh-cho-nhan-vien-ban-hang-phan-cuoi/,/9-meo-cold-calling-danh-cho-nhan-vien-ban-hang-phan-cuoi/,/9-meo-cold-calling-danh-cho-nhan-vien-ban-hang-phan-cuoi/,NONE,Permalink decision locked: /blog/ is the archive; post URLs stay at root,KEEP_EXISTING_URL
1157,https://gcalls.co/cac-phan-mem-call-center-phu-hop-voi-cac-tong-dai-doanh-nghiep-hien-nay/,/cac-phan-mem-call-center-phu-hop-voi-cac-tong-dai-doanh-nghiep-hien-nay/,/cac-phan-mem-call-center-phu-hop-voi-cac-tong-dai-doanh-nghiep-hien-nay/,NONE,Permalink decision locked: /blog/ is the archive; post URLs stay at root,KEEP_EXISTING_URL
1187,https://gcalls.co/ban-hang-inbound-hay-ban-hang-outbound-phan-1/,/ban-hang-inbound-hay-ban-hang-outbound-phan-1/,/ban-hang-inbound-hay-ban-hang-outbound-phan-1/,NONE,Permalink decision locked: /blog/ is the archive; post URLs stay at root,KEEP_EXISTING_URL
1198,https://gcalls.co/ban-hang-inbound-hay-ban-hang-outbound-phan-2/,/ban-hang-inbound-hay-ban-hang-outbound-phan-2/,/ban-hang-inbound-hay-ban-hang-outbound-phan-2/,NONE,Permalink decision locked: /blog/ is the archive; post URLs stay at root,KEEP_EXISTING_URL
1219,https://gcalls.co/ban-hang-inbound-hay-outbound-dau-la-phuong-phap-ban-hang-ma-ban-nen-quan-tam-phan-3/,/ban-hang-inbound-hay-outbound-dau-la-phuong-phap-ban-hang-ma-ban-nen-quan-tam-phan-3/,/ban-hang-inbound-hay-outbound-dau-la-phuong-phap-ban-hang-ma-ban-nen-quan-tam-phan-3/,NONE,Permalink decision locked: /blog/ is the archive; post URLs stay at root,KEEP_EXISTING_URL
1231,https://gcalls.co/tuong-lai-cua-tong-dai-doanh-nghiep-10-xu-huong-noi-bat-nhat/,/tuong-lai-cua-tong-dai-doanh-nghiep-10-xu-huong-noi-bat-nhat/,/tuong-lai-cua-tong-dai-doanh-nghiep-10-xu-huong-noi-bat-nhat/,NONE,Permalink decision locked: /blog/ is the archive; post URLs stay at root,KEEP_EXISTING_URL
1296,https://gcalls.co/bi-quyet-telesales-nen-hay-khong-nen-su-dung-kich-ban-cuoc-goi-ban-hang/,/bi-quyet-telesales-nen-hay-khong-nen-su-dung-kich-ban-cuoc-goi-ban-hang/,/bi-quyet-telesales-nen-hay-khong-nen-su-dung-kich-ban-cuoc-goi-ban-hang/,NONE,Permalink decision locked: /blog/ is the archive; post URLs stay at root,KEEP_EXISTING_URL
1314,https://gcalls.co/telesales-cach-tap-trung-khi-goi-dien-ban-hang/,/telesales-cach-tap-trung-khi-goi-dien-ban-hang/,/telesales-cach-tap-trung-khi-goi-dien-ban-hang/,NONE,Permalink decision locked: /blog/ is the archive; post URLs stay at root,KEEP_EXISTING_URL
1324,https://gcalls.co/telesales-thanh-cong-va-cach-danh-gia-cuoc-goi-ban-hang/,/telesales-thanh-cong-va-cach-danh-gia-cuoc-goi-ban-hang/,/telesales-thanh-cong-va-cach-danh-gia-cuoc-goi-ban-hang/,NONE,Permalink decision locked: /blog/ is the archive; post URLs stay at root,KEEP_EXISTING_URL
1351,https://gcalls.co/6-cach-nhan-tin-cho-khach-hang-dat-hieu-qua-trong-quy-trinh-ban-hang/,/6-cach-nhan-tin-cho-khach-hang-dat-hieu-qua-trong-quy-trinh-ban-hang/,/6-cach-nhan-tin-cho-khach-hang-dat-hieu-qua-trong-quy-trinh-ban-hang/,NONE,Permalink decision locked: /blog/ is the archive; post URLs stay at root,KEEP_EXISTING_URL
1368,https://gcalls.co/phan-mem-goi-tu-dong-va-loi-ich-doi-voi-chien-luoc-ban-hang/,/phan-mem-goi-tu-dong-va-loi-ich-doi-voi-chien-luoc-ban-hang/,/phan-mem-goi-tu-dong-va-loi-ich-doi-voi-chien-luoc-ban-hang/,NONE,Permalink decision locked: /blog/ is the archive; post URLs stay at root,KEEP_EXISTING_URL
1381,https://gcalls.co/6-buoc-xay-dung-kich-ban-ban-hang-dinh-cao/,/6-buoc-xay-dung-kich-ban-ban-hang-dinh-cao/,/6-buoc-xay-dung-kich-ban-ban-hang-dinh-cao/,NONE,Permalink decision locked: /blog/ is the archive; post URLs stay at root,KEEP_EXISTING_URL
1396,https://gcalls.co/cach-goi-dien-thoai-cho-khach-hang-tiem-nang-da-mo-email/,/cach-goi-dien-thoai-cho-khach-hang-tiem-nang-da-mo-email/,/cach-goi-dien-thoai-cho-khach-hang-tiem-nang-da-mo-email/,NONE,Permalink decision locked: /blog/ is the archive; post URLs stay at root,KEEP_EXISTING_URL
1420,https://gcalls.co/cach-giam-ap-luc-khi-lam-telesales/,/cach-giam-ap-luc-khi-lam-telesales/,/cach-giam-ap-luc-khi-lam-telesales/,NONE,Permalink decision locked: /blog/ is the archive; post URLs stay at root,KEEP_EXISTING_URL
1427,https://gcalls.co/cac-chi-so-danh-gia-pheu-ban-hang-hieu-qua/,/cac-chi-so-danh-gia-pheu-ban-hang-hieu-qua/,/cac-chi-so-danh-gia-pheu-ban-hang-hieu-qua/,NONE,Permalink decision locked: /blog/ is the archive; post URLs stay at root,KEEP_EXISTING_URL
1440,https://gcalls.co/tiep-thi-qua-dien-thoai-huong-dan-nhanh-cold-calling-chuyen-nghiep/,/tiep-thi-qua-dien-thoai-huong-dan-nhanh-cold-calling-chuyen-nghiep/,/tiep-thi-qua-dien-thoai-huong-dan-nhanh-cold-calling-chuyen-nghiep/,NONE,Permalink decision locked: /blog/ is the archive; post URLs stay at root,KEEP_EXISTING_URL
1454,https://gcalls.co/?p=1454,/huong-dan-nhan-vien-ban-hang-saas-xu-ly-tu-choi-giao-dich-phan-1/,/huong-dan-nhan-vien-ban-hang-saas-xu-ly-tu-choi-giao-dich-phan-1/,NONE,Permalink decision locked: /blog/ is the archive; post URLs stay at root,KEEP_EXISTING_URL
1496,https://gcalls.co/?p=1496,/huong-dan-nhan-vien-ban-hang-saas-xu-ly-tu-choi-giao-dich-phan-cuoi/,/huong-dan-nhan-vien-ban-hang-saas-xu-ly-tu-choi-giao-dich-phan-cuoi/,NONE,Permalink decision locked: /blog/ is the archive; post URLs stay at root,KEEP_EXISTING_URL
1529,https://gcalls.co/?p=1529,/tieu-chi-danh-gia-hieu-qua-ban-hang/,/tieu-chi-danh-gia-hieu-qua-ban-hang/,NONE,Permalink decision locked: /blog/ is the archive; post URLs stay at root,KEEP_EXISTING_URL
1541,https://gcalls.co/?p=1541,/cac-buoc-to-chuc-mot-cuoc-hop-khach-hang-chuyen-nghiep/,/cac-buoc-to-chuc-mot-cuoc-hop-khach-hang-chuyen-nghiep/,NONE,Permalink decision locked: /blog/ is the archive; post URLs stay at root,KEEP_EXISTING_URL
1560,https://gcalls.co/tiep-thi-qua-dien-thoai-ky-nang-xu-ly-tu-choi/,/tiep-thi-qua-dien-thoai-ky-nang-xu-ly-tu-choi/,/tiep-thi-qua-dien-thoai-ky-nang-xu-ly-tu-choi/,NONE,Permalink decision locked: /blog/ is the archive; post URLs stay at root,KEEP_EXISTING_URL
1591,https://gcalls.co/giong-noi-yeu-to-quyet-dinh-thanh-cong-trong-tiep-thi-qua-dien-thoai/,/giong-noi-yeu-to-quyet-dinh-thanh-cong-trong-tiep-thi-qua-dien-thoai/,/giong-noi-yeu-to-quyet-dinh-thanh-cong-trong-tiep-thi-qua-dien-thoai/,NONE,Permalink decision locked: /blog/ is the archive; post URLs stay at root,KEEP_EXISTING_URL
1617,https://gcalls.co/?p=1617,/ebook-huong-dan-cac-buoc-xu-ly-tinh-huong-khach-hang-phan-nan/,/ebook-huong-dan-cac-buoc-xu-ly-tinh-huong-khach-hang-phan-nan/,NONE,Permalink decision locked: /blog/ is the archive; post URLs stay at root,KEEP_EXISTING_URL
1705,https://gcalls.co/cach-viet-ban-tu-danh-gia-cong-viec-cua-nhan-vien/,/cach-viet-ban-tu-danh-gia-cong-viec-cua-nhan-vien/,/cach-viet-ban-tu-danh-gia-cong-viec-cua-nhan-vien/,NONE,Permalink decision locked: /blog/ is the archive; post URLs stay at root,KEEP_EXISTING_URL
1805,https://gcalls.co/ban-hang-qua-dien-thoai-3-cau-hoi-ban-nen-tu-hoi-truoc-khi-thuc-hien-cuoc-goi/,/ban-hang-qua-dien-thoai-3-cau-hoi-ban-nen-tu-hoi-truoc-khi-thuc-hien-cuoc-goi/,/ban-hang-qua-dien-thoai-3-cau-hoi-ban-nen-tu-hoi-truoc-khi-thuc-hien-cuoc-goi/,NONE,Permalink decision locked: /blog/ is the archive; post URLs stay at root,KEEP_EXISTING_URL
1817,https://gcalls.co/cach-chiem-duoc-long-tin-cua-khach-hang-kin-tieng/,/cach-chiem-duoc-long-tin-cua-khach-hang-kin-tieng/,/cach-chiem-duoc-long-tin-cua-khach-hang-kin-tieng/,NONE,Permalink decision locked: /blog/ is the archive; post URLs stay at root,KEEP_EXISTING_URL
1828,https://gcalls.co/cai-thien-trai-nghiem-khach-hang-bang-bieu-mau-cham-diem-danh-gia-cuoc-goi/,/cai-thien-trai-nghiem-khach-hang-bang-bieu-mau-cham-diem-danh-gia-cuoc-goi/,/cai-thien-trai-nghiem-khach-hang-bang-bieu-mau-cham-diem-danh-gia-cuoc-goi/,NONE,Permalink decision locked: /blog/ is the archive; post URLs stay at root,KEEP_EXISTING_URL
1967,https://gcalls.co/chien-luoc-mo-rong-ra-thi-truong-nuoc-ngoai-va-phuc-vu-khach-hang-quoc-te/,/chien-luoc-mo-rong-ra-thi-truong-nuoc-ngoai-va-phuc-vu-khach-hang-quoc-te/,/chien-luoc-mo-rong-ra-thi-truong-nuoc-ngoai-va-phuc-vu-khach-hang-quoc-te/,NONE,Permalink decision locked: /blog/ is the archive; post URLs stay at root,KEEP_EXISTING_URL
1968,https://gcalls.co/tong-dai-quoc-te-mo-rong-thi-truong/,/tong-dai-quoc-te-mo-rong-thi-truong/,/tong-dai-quoc-te-mo-rong-thi-truong/,NONE,Permalink decision locked: /blog/ is the archive; post URLs stay at root,KEEP_EXISTING_URL
2167,https://gcalls.co/?p=2167,/mau-bang-danh-gia-nhan-vien-ban-hang-moi-nhat/,/mau-bang-danh-gia-nhan-vien-ban-hang-moi-nhat/,NONE,Permalink decision locked: /blog/ is the archive; post URLs stay at root,KEEP_EXISTING_URL
2200,https://gcalls.co/?p=2200,//,//,NONE,Permalink decision locked: /blog/ is the archive; post URLs stay at root,KEEP_EXISTING_URL
2244,https://gcalls.co/?p=2244,/lam-gi-de-mo-rong-doi-ngu-ho-tro-khach-hang-ma-khong-hi-sinh-chat-luong-dich-vu/,/lam-gi-de-mo-rong-doi-ngu-ho-tro-khach-hang-ma-khong-hi-sinh-chat-luong-dich-vu/,NONE,Permalink decision locked: /blog/ is the archive; post URLs stay at root,KEEP_EXISTING_URL
2261,https://gcalls.co/?p=2261,/cach-tinh-gia-tri-vong-doi-khach-hang-clv-cua-doanh-nghiep/,/cach-tinh-gia-tri-vong-doi-khach-hang-clv-cua-doanh-nghiep/,NONE,Permalink decision locked: /blog/ is the archive; post URLs stay at root,KEEP_EXISTING_URL
2400,https://gcalls.co/?p=2400,/huong-dan-do-luong-ket-qua-khao-sat-su-hai-long-cua-khach-hang/,/huong-dan-do-luong-ket-qua-khao-sat-su-hai-long-cua-khach-hang/,NONE,Permalink decision locked: /blog/ is the archive; post URLs stay at root,KEEP_EXISTING_URL
2425,https://gcalls.co/?p=2425,/huong-dan-tuyen-dung-nhan-su-cho-bo-phan-ho-tro-khach-hang-cua-doanh-nghiep/,/huong-dan-tuyen-dung-nhan-su-cho-bo-phan-ho-tro-khach-hang-cua-doanh-nghiep/,NONE,Permalink decision locked: /blog/ is the archive; post URLs stay at root,KEEP_EXISTING_URL
2437,https://gcalls.co/cong-cu-tao-phieu-yeu-cau-ho-tro-ticket-cho-bo-phan-dich-vu-khach-hang/,/cong-cu-tao-phieu-yeu-cau-ho-tro-ticket-cho-bo-phan-dich-vu-khach-hang/,/cong-cu-tao-phieu-yeu-cau-ho-tro-ticket-cho-bo-phan-dich-vu-khach-hang/,NONE,Permalink decision locked: /blog/ is the archive; post URLs stay at root,KEEP_EXISTING_URL
2449,https://gcalls.co/?p=2449,//,//,NONE,Permalink decision locked: /blog/ is the archive; post URLs stay at root,KEEP_EXISTING_URL
2462,https://gcalls.co/?p=2462,/tai-sao-ty-le-giu-chan-khach-hang-lai-quan-trong-doi-voi-doanh-nghiep/,/tai-sao-ty-le-giu-chan-khach-hang-lai-quan-trong-doi-voi-doanh-nghiep/,NONE,Permalink decision locked: /blog/ is the archive; post URLs stay at root,KEEP_EXISTING_URL
2472,https://gcalls.co/?p=2472,//,//,NONE,Permalink decision locked: /blog/ is the archive; post URLs stay at root,KEEP_EXISTING_URL
2486,https://gcalls.co/?p=2486,//,//,NONE,Permalink decision locked: /blog/ is the archive; post URLs stay at root,KEEP_EXISTING_URL
2495,https://gcalls.co/?p=2495,/19-vi-du-ve-khao-sat-su-hai-long-cua-khach-hang-va-cac-khao-sat-mau/,/19-vi-du-ve-khao-sat-su-hai-long-cua-khach-hang-va-cac-khao-sat-mau/,NONE,Permalink decision locked: /blog/ is the archive; post URLs stay at root,KEEP_EXISTING_URL
2539,https://gcalls.co/?p=2539,/chi-so-csat-la-gi-va-cach-do-luong-chi-so-nay-trong-dich-vu-khach-hang/,/chi-so-csat-la-gi-va-cach-do-luong-chi-so-nay-trong-dich-vu-khach-hang/,NONE,Permalink decision locked: /blog/ is the archive; post URLs stay at root,KEEP_EXISTING_URL
2584,https://gcalls.co/?p=2584,/phan-mem-getfly-tinh-nang-ung-dung-va-uu-nhuoc-diem-cua-phan-mem-crm-goc-viet/,/phan-mem-getfly-tinh-nang-ung-dung-va-uu-nhuoc-diem-cua-phan-mem-crm-goc-viet/,NONE,Permalink decision locked: /blog/ is the archive; post URLs stay at root,KEEP_EXISTING_URL
2621,https://gcalls.co/?p=2621,/uu-va-nhuoc-diem-cua-cac-giai-phap-trong-phan-mem-crm-hubspot/,/uu-va-nhuoc-diem-cua-cac-giai-phap-trong-phan-mem-crm-hubspot/,NONE,Permalink decision locked: /blog/ is the archive; post URLs stay at root,KEEP_EXISTING_URL
2641,https://gcalls.co/?p=2641,/phan-mem-bitrix24-cac-tinh-nang-noi-bat-va-ly-do-nen-lua-chon-bitrix24/,/phan-mem-bitrix24-cac-tinh-nang-noi-bat-va-ly-do-nen-lua-chon-bitrix24/,NONE,Permalink decision locked: /blog/ is the archive; post URLs stay at root,KEEP_EXISTING_URL
2665,https://gcalls.co/?p=2665,/chien-luoc-khach-hang-trung-tam-customer-centric-cho-doanh-nghiep/,/chien-luoc-khach-hang-trung-tam-customer-centric-cho-doanh-nghiep/,NONE,Permalink decision locked: /blog/ is the archive; post URLs stay at root,KEEP_EXISTING_URL
2684,https://gcalls.co/?p=2684,/doi-ngu-ban-hang-nen-quay-lai-van-phong-hay-lam-viec-tu-xa-sau-dai-dich/,/doi-ngu-ban-hang-nen-quay-lai-van-phong-hay-lam-viec-tu-xa-sau-dai-dich/,NONE,Permalink decision locked: /blog/ is the archive; post URLs stay at root,KEEP_EXISTING_URL
2695,https://gcalls.co/?p=2695,/10-dieu-khong-nen-noi-trong-mot-cuoc-goi-cham-soc-khach-hang/,/10-dieu-khong-nen-noi-trong-mot-cuoc-goi-cham-soc-khach-hang/,NONE,Permalink decision locked: /blog/ is the archive; post URLs stay at root,KEEP_EXISTING_URL
2704,https://gcalls.co/?p=2704,/cai-thien-trai-nghiem-khach-hang-voi-bieu-mau-cham-diem-danh-gia-cuoc-goi/,/cai-thien-trai-nghiem-khach-hang-voi-bieu-mau-cham-diem-danh-gia-cuoc-goi/,NONE,Permalink decision locked: /blog/ is the archive; post URLs stay at root,KEEP_EXISTING_URL
2715,https://gcalls.co/?p=2715,/huong-dan-tuyen-dung-nhan-vien-ho-tro-cho-bo-phan-dich-vu-khach-hang/,/huong-dan-tuyen-dung-nhan-vien-ho-tro-cho-bo-phan-dich-vu-khach-hang/,NONE,Permalink decision locked: /blog/ is the archive; post URLs stay at root,KEEP_EXISTING_URL
2738,https://gcalls.co/?p=2738,/tai-sao-phan-nan-cua-khach-hang-lai-co-ich-cho-doanh-nghiep-cua-ban/,/tai-sao-phan-nan-cua-khach-hang-lai-co-ich-cho-doanh-nghiep-cua-ban/,NONE,Permalink decision locked: /blog/ is the archive; post URLs stay at root,KEEP_EXISTING_URL
2752,https://gcalls.co/?p=2752,/khach-hang-tu-phuc-vu-va-vi-du-ve-cac-cong-thong-tin-tu-phuc-vu-tot-nhat/,/khach-hang-tu-phuc-vu-va-vi-du-ve-cac-cong-thong-tin-tu-phuc-vu-tot-nhat/,NONE,Permalink decision locked: /blog/ is the archive; post URLs stay at root,KEEP_EXISTING_URL
2761,https://gcalls.co/?p=2761,/lam-the-nao-de-ket-noi-2-bo-phan-ban-hang-va-dich-vu-khach-hang/,/lam-the-nao-de-ket-noi-2-bo-phan-ban-hang-va-dich-vu-khach-hang/,NONE,Permalink decision locked: /blog/ is the archive; post URLs stay at root,KEEP_EXISTING_URL
2768,https://gcalls.co/call-center-diem-khac-biet-giua-on-premises-va-cloud-call-center-phan-1/,/call-center-diem-khac-biet-giua-on-premises-va-cloud-call-center-phan-1/,/call-center-diem-khac-biet-giua-on-premises-va-cloud-call-center-phan-1/,NONE,Permalink decision locked: /blog/ is the archive; post URLs stay at root,KEEP_EXISTING_URL
2784,https://gcalls.co/loi-ich-ma-giai-phap-tich-hop-dien-thoai-may-tinh-dem-den-cho-call-center/,/loi-ich-ma-giai-phap-tich-hop-dien-thoai-may-tinh-dem-den-cho-call-center/,/loi-ich-ma-giai-phap-tich-hop-dien-thoai-may-tinh-dem-den-cho-call-center/,NONE,Permalink decision locked: /blog/ is the archive; post URLs stay at root,KEEP_EXISTING_URL
2811,https://gcalls.co/call-center-diem-khac-biet-giua-on-premises-va-cloud-call-center-phan-cuoi/,/call-center-diem-khac-biet-giua-on-premises-va-cloud-call-center-phan-cuoi/,/call-center-diem-khac-biet-giua-on-premises-va-cloud-call-center-phan-cuoi/,NONE,Permalink decision locked: /blog/ is the archive; post URLs stay at root,KEEP_EXISTING_URL
2819,https://gcalls.co/?p=2819,/uu-nhuoc-diem-cua-phan-mem-quan-ly-quan-he-khach-hang-zoho-crm/,/uu-nhuoc-diem-cua-phan-mem-quan-ly-quan-he-khach-hang-zoho-crm/,NONE,Permalink decision locked: /blog/ is the archive; post URLs stay at root,KEEP_EXISTING_URL
2835,https://gcalls.co/?p=2835,/lieu-salesforce-co-phai-la-phan-mem-crm-tot-nhat-tren-thi-truong/,/lieu-salesforce-co-phai-la-phan-mem-crm-tot-nhat-tren-thi-truong/,NONE,Permalink decision locked: /blog/ is the archive; post URLs stay at root,KEEP_EXISTING_URL
2850,https://gcalls.co/?p=2850,/uu-va-nhuoc-diem-cua-zendesk-dau-la-phan-mem-help-desk-tot-nhat/,/uu-va-nhuoc-diem-cua-zendesk-dau-la-phan-mem-help-desk-tot-nhat/,NONE,Permalink decision locked: /blog/ is the archive; post URLs stay at root,KEEP_EXISTING_URL
2864,https://gcalls.co/?p=2864,/phan-mem-pancake-pos-tinh-nang-va-nhung-uu-nhuoc-diem-can-biet/,/phan-mem-pancake-pos-tinh-nang-va-nhung-uu-nhuoc-diem-can-biet/,NONE,Permalink decision locked: /blog/ is the archive; post URLs stay at root,KEEP_EXISTING_URL
2883,https://gcalls.co/?p=2883,//,//,NONE,Permalink decision locked: /blog/ is the archive; post URLs stay at root,KEEP_EXISTING_URL
2904,https://gcalls.co/?p=2904,/phan-hoi-cua-khach-hang-cua-ban-van-con-quan-trong-doi-voi-doanh-nghiep/,/phan-hoi-cua-khach-hang-cua-ban-van-con-quan-trong-doi-voi-doanh-nghiep/,NONE,Permalink decision locked: /blog/ is the archive; post URLs stay at root,KEEP_EXISTING_URL
2920,https://gcalls.co/?p=2920,/36-meo-telesales-de-ban-hang-thanh-cong-nam-2021-phan-1/,/36-meo-telesales-de-ban-hang-thanh-cong-nam-2021-phan-1/,NONE,Permalink decision locked: /blog/ is the archive; post URLs stay at root,KEEP_EXISTING_URL
2930,https://gcalls.co/?p=2930,//,//,NONE,Permalink decision locked: /blog/ is the archive; post URLs stay at root,KEEP_EXISTING_URL
2958,https://gcalls.co/ban-hang-qua-dien-thoai-lam-gi-neu-khach-hang-noi-toi-khong-co-thoi-gian/,/ban-hang-qua-dien-thoai-lam-gi-neu-khach-hang-noi-toi-khong-co-thoi-gian/,/ban-hang-qua-dien-thoai-lam-gi-neu-khach-hang-noi-toi-khong-co-thoi-gian/,NONE,Permalink decision locked: /blog/ is the archive; post URLs stay at root,KEEP_EXISTING_URL
9980,https://gcalls.co/tai-nghe-epos-sennheiser-30-usb-ctrl/,/tai-nghe-epos-sennheiser-30-usb-ctrl/,/tai-nghe-epos-sennheiser-30-usb-ctrl/,NONE,Permalink decision locked: /blog/ is the archive; post URLs stay at root,KEEP_EXISTING_URL
9991,https://gcalls.co/tai-nghe-epos-sennheiser-sc-60-usb-ctrl/,/tai-nghe-epos-sennheiser-sc-60-usb-ctrl/,/tai-nghe-epos-sennheiser-sc-60-usb-ctrl/,NONE,Permalink decision locked: /blog/ is the archive; post URLs stay at root,KEEP_EXISTING_URL
9992,https://gcalls.co/tai-nghe-jabra-biz-1100qd-mono/,/tai-nghe-jabra-biz-1100qd-mono/,/tai-nghe-jabra-biz-1100qd-mono/,NONE,Permalink decision locked: /blog/ is the archive; post URLs stay at root,KEEP_EXISTING_URL
9993,https://gcalls.co/tai-nghe-jabra-biz-1100-qd-duo/,/tai-nghe-jabra-biz-1100-qd-duo/,/tai-nghe-jabra-biz-1100-qd-duo/,NONE,Permalink decision locked: /blog/ is the archive; post URLs stay at root,KEEP_EXISTING_URL
9994,https://gcalls.co/tai-nghe-jabra-biz-1100-usb-mono/,/tai-nghe-jabra-biz-1100-usb-mono/,/tai-nghe-jabra-biz-1100-usb-mono/,NONE,Permalink decision locked: /blog/ is the archive; post URLs stay at root,KEEP_EXISTING_URL
9995,https://gcalls.co/tai-nghe-jabra-biz-1100-usb-duo/,/tai-nghe-jabra-biz-1100-usb-duo/,/tai-nghe-jabra-biz-1100-usb-duo/,NONE,Permalink decision locked: /blog/ is the archive; post URLs stay at root,KEEP_EXISTING_URL
9996,https://gcalls.co/tai-nghe-logitech-h340/,/tai-nghe-logitech-h340/,/tai-nghe-logitech-h340/,NONE,Permalink decision locked: /blog/ is the archive; post URLs stay at root,KEEP_EXISTING_URL
10727,https://gcalls.co/?p=10727,/9-quy-tac-giao-tiep-qua-dien-thoai-voi-khach-hang/,/9-quy-tac-giao-tiep-qua-dien-thoai-voi-khach-hang/,NONE,Permalink decision locked: /blog/ is the archive; post URLs stay at root,KEEP_EXISTING_URL
10728,https://gcalls.co/?p=10728,//,//,NONE,Permalink decision locked: /blog/ is the archive; post URLs stay at root,KEEP_EXISTING_URL
10729,https://gcalls.co/?p=10729,/lam-the-nao-de-tao-ra-mot-cuoc-khao-sat-ve-muc-do-hai-long-cua-khach-hang-sao-cho-hieu-qua-nhat/,/lam-the-nao-de-tao-ra-mot-cuoc-khao-sat-ve-muc-do-hai-long-cua-khach-hang-sao-cho-hieu-qua-nhat/,NONE,Permalink decision locked: /blog/ is the archive; post URLs stay at root,KEEP_EXISTING_URL
10730,https://gcalls.co/?p=10730,/huong-dan-cac-buoc-xu-ly-tinh-huong-khach-hang-phan-nan/,/huong-dan-cac-buoc-xu-ly-tinh-huong-khach-hang-phan-nan/,NONE,Permalink decision locked: /blog/ is the archive; post URLs stay at root,KEEP_EXISTING_URL
10731,https://gcalls.co/?p=10731,//,//,NONE,Permalink decision locked: /blog/ is the archive; post URLs stay at root,KEEP_EXISTING_URL
10732,https://gcalls.co/?p=10732,/ebook-bi-quyet-telesales-hieu-qua/,/ebook-bi-quyet-telesales-hieu-qua/,NONE,Permalink decision locked: /blog/ is the archive; post URLs stay at root,KEEP_EXISTING_URL
10733,https://gcalls.co/cuoc-goi-tiep-thi-qua-dien-thoai-la-gi/,/cuoc-goi-tiep-thi-qua-dien-thoai-la-gi/,/cuoc-goi-tiep-thi-qua-dien-thoai-la-gi/,NONE,Permalink decision locked: /blog/ is the archive; post URLs stay at root,KEEP_EXISTING_URL
10734,https://gcalls.co/cach-tiep-thi-qua-dien-thoai-hieu-qua-xu-ly-3-loi-tu-choi-cuoc-goi-chao-hang/,/cach-tiep-thi-qua-dien-thoai-hieu-qua-xu-ly-3-loi-tu-choi-cuoc-goi-chao-hang/,/cach-tiep-thi-qua-dien-thoai-hieu-qua-xu-ly-3-loi-tu-choi-cuoc-goi-chao-hang/,NONE,Permalink decision locked: /blog/ is the archive; post URLs stay at root,KEEP_EXISTING_URL
10740,https://gcalls.co/bo-cau-hoi-phong-van-chuyen-vien-telemarketing-va-telesales/,/bo-cau-hoi-phong-van-chuyen-vien-telemarketing-va-telesales/,/bo-cau-hoi-phong-van-chuyen-vien-telemarketing-va-telesales/,NONE,Permalink decision locked: /blog/ is the archive; post URLs stay at root,KEEP_EXISTING_URL
10741,https://gcalls.co/8-loi-khuyen-danh-cho-nha-quan-ly-call-center/,/8-loi-khuyen-danh-cho-nha-quan-ly-call-center/,/8-loi-khuyen-danh-cho-nha-quan-ly-call-center/,NONE,Permalink decision locked: /blog/ is the archive; post URLs stay at root,KEEP_EXISTING_URL
10742,https://gcalls.co/quyet-toan-thue-tncn-doanh-nghiep-va-nguoi-lao-dong-can-biet/,/quyet-toan-thue-tncn-doanh-nghiep-va-nguoi-lao-dong-can-biet/,/quyet-toan-thue-tncn-doanh-nghiep-va-nguoi-lao-dong-can-biet/,NONE,Permalink decision locked: /blog/ is the archive; post URLs stay at root,KEEP_EXISTING_URL
10743,https://gcalls.co/?p=10743,/huong-dan-nhan-vien-tu-van-ban-hang-cach-xu-ly-khach-hang-nong-tinh/,/huong-dan-nhan-vien-tu-van-ban-hang-cach-xu-ly-khach-hang-nong-tinh/,NONE,Permalink decision locked: /blog/ is the archive; post URLs stay at root,KEEP_EXISTING_URL
10745,https://gcalls.co/xay-dung-chien-luoc-email-follow-up-giup-ban-hang-hieu-qua-phan-1/,/xay-dung-chien-luoc-email-follow-up-giup-ban-hang-hieu-qua-phan-1/,/xay-dung-chien-luoc-email-follow-up-giup-ban-hang-hieu-qua-phan-1/,NONE,Permalink decision locked: /blog/ is the archive; post URLs stay at root,KEEP_EXISTING_URL
10746,https://gcalls.co/xay-dung-chien-luoc-email-follow-up-phan-cuoi/,/xay-dung-chien-luoc-email-follow-up-phan-cuoi/,/xay-dung-chien-luoc-email-follow-up-phan-cuoi/,NONE,Permalink decision locked: /blog/ is the archive; post URLs stay at root,KEEP_EXISTING_URL
10747,https://gcalls.co/7-buoc-lap-ke-hoach-telesales-hieu-qua/,/7-buoc-lap-ke-hoach-telesales-hieu-qua/,/7-buoc-lap-ke-hoach-telesales-hieu-qua/,NONE,Permalink decision locked: /blog/ is the archive; post URLs stay at root,KEEP_EXISTING_URL
10748,https://gcalls.co/5-dieu-ve-trai-nghiem-khach-hang-moi-nhan-vien-ban-hang-nen-biet/,/5-dieu-ve-trai-nghiem-khach-hang-moi-nhan-vien-ban-hang-nen-biet/,/5-dieu-ve-trai-nghiem-khach-hang-moi-nhan-vien-ban-hang-nen-biet/,NONE,Permalink decision locked: /blog/ is the archive; post URLs stay at root,KEEP_EXISTING_URL
10749,https://gcalls.co/?p=10749,/ebook-mau-kich-ban-cham-soc-khach-hang-qua-dien-thoai/,/ebook-mau-kich-ban-cham-soc-khach-hang-qua-dien-thoai/,NONE,Permalink decision locked: /blog/ is the archive; post URLs stay at root,KEEP_EXISTING_URL
10750,https://gcalls.co/cach-ban-hang-hieu-qua-bang-giong-noi/,/cach-ban-hang-hieu-qua-bang-giong-noi/,/cach-ban-hang-hieu-qua-bang-giong-noi/,NONE,Permalink decision locked: /blog/ is the archive; post URLs stay at root,KEEP_EXISTING_URL
10751,https://gcalls.co/5-buoc-de-thiet-ke-mot-kich-ban-ban-hang-thanh-cong/,/5-buoc-de-thiet-ke-mot-kich-ban-ban-hang-thanh-cong/,/5-buoc-de-thiet-ke-mot-kich-ban-ban-hang-thanh-cong/,NONE,Permalink decision locked: /blog/ is the archive; post URLs stay at root,KEEP_EXISTING_URL
10752,https://gcalls.co/dung-bao-gia-giai-phap-truoc-khi-truyen-tai-duoc-gia-tri-den-khach-hang/,/dung-bao-gia-giai-phap-truoc-khi-truyen-tai-duoc-gia-tri-den-khach-hang/,/dung-bao-gia-giai-phap-truoc-khi-truyen-tai-duoc-gia-tri-den-khach-hang/,NONE,Permalink decision locked: /blog/ is the archive; post URLs stay at root,KEEP_EXISTING_URL
10753,https://gcalls.co/mau-bang-danh-gia-nhan-vien-ban-hang/,/mau-bang-danh-gia-nhan-vien-ban-hang/,/mau-bang-danh-gia-nhan-vien-ban-hang/,NONE,Permalink decision locked: /blog/ is the archive; post URLs stay at root,KEEP_EXISTING_URL
10754,https://gcalls.co/8-buoc-quan-trong-de-thuc-hien-cuoc-hop-danh-gia-ban-hang-hang-nam/,/8-buoc-quan-trong-de-thuc-hien-cuoc-hop-danh-gia-ban-hang-hang-nam/,/8-buoc-quan-trong-de-thuc-hien-cuoc-hop-danh-gia-ban-hang-hang-nam/,NONE,Permalink decision locked: /blog/ is the archive; post URLs stay at root,KEEP_EXISTING_URL
10756,https://gcalls.co/telesales-va-telemarketing/,/telesales-va-telemarketing/,/telesales-va-telemarketing/,NONE,Permalink decision locked: /blog/ is the archive; post URLs stay at root,KEEP_EXISTING_URL
10798,https://gcalls.co/tuyen-dung-customer-success-engineer-it-full-time/,/tuyen-dung-customer-success-engineer-it-full-time/,/tuyen-dung-customer-success-engineer-it-full-time/,NONE,Permalink decision locked: /blog/ is the archive; post URLs stay at root,KEEP_EXISTING_URL
10801,https://gcalls.co/tuyen-dung-customer-success-engineer-internship/,/tuyen-dung-customer-success-engineer-internship/,/tuyen-dung-customer-success-engineer-internship/,NONE,Permalink decision locked: /blog/ is the archive; post URLs stay at root,KEEP_EXISTING_URL
10957,https://gcalls.co/chuyen-vien-tu-van-doanh-nghiep/,/chuyen-vien-tu-van-doanh-nghiep/,/chuyen-vien-tu-van-doanh-nghiep/,NONE,Permalink decision locked: /blog/ is the archive; post URLs stay at root,KEEP_EXISTING_URL
10962,https://gcalls.co/thuc-tap-sinh-tu-van-doanh-nghiep/,/thuc-tap-sinh-tu-van-doanh-nghiep/,/thuc-tap-sinh-tu-van-doanh-nghiep/,NONE,Permalink decision locked: /blog/ is the archive; post URLs stay at root,KEEP_EXISTING_URL
11915,https://gcalls.co/chay-quang-cao-tren-shopee-tu-a-den-z/,/chay-quang-cao-tren-shopee-tu-a-den-z/,/chay-quang-cao-tren-shopee-tu-a-den-z/,NONE,Permalink decision locked: /blog/ is the archive; post URLs stay at root,KEEP_EXISTING_URL
12281,https://gcalls.co/sms-marketing-la-gi-vi-sao-ban-nen-dung-sms-marketing/,/sms-marketing-la-gi-vi-sao-ban-nen-dung-sms-marketing/,/sms-marketing-la-gi-vi-sao-ban-nen-dung-sms-marketing/,NONE,Permalink decision locked: /blog/ is the archive; post URLs stay at root,KEEP_EXISTING_URL
12293,https://gcalls.co/phan-mem-sms-marketing-va-nhung-dieu-can-biet/,/phan-mem-sms-marketing-va-nhung-dieu-can-biet/,/phan-mem-sms-marketing-va-nhung-dieu-can-biet/,NONE,Permalink decision locked: /blog/ is the archive; post URLs stay at root,KEEP_EXISTING_URL
12309,https://gcalls.co/dich-vu-tin-nhan-sms-brandname-la-gi/,/dich-vu-tin-nhan-sms-brandname-la-gi/,/dich-vu-tin-nhan-sms-brandname-la-gi/,NONE,Permalink decision locked: /blog/ is the archive; post URLs stay at root,KEEP_EXISTING_URL
12326,https://gcalls.co/sms-brandname-la-gi-gom-may-loai-va-co-loi-ich-gi-cho-doanh-nghiep/,/sms-brandname-la-gi-gom-may-loai-va-co-loi-ich-gi-cho-doanh-nghiep/,/sms-brandname-la-gi-gom-may-loai-va-co-loi-ich-gi-cho-doanh-nghiep/,NONE,Permalink decision locked: /blog/ is the archive; post URLs stay at root,KEEP_EXISTING_URL
12590,https://gcalls.co/phan-mem-sms-brandname-nao-tot-nhat/,/phan-mem-sms-brandname-nao-tot-nhat/,/phan-mem-sms-brandname-nao-tot-nhat/,NONE,Permalink decision locked: /blog/ is the archive; post URLs stay at root,KEEP_EXISTING_URL
12599,https://gcalls.co/sms-marketing-gia-re-bao-gia-nhanh-hieu-qua-hang-dau/,/sms-marketing-gia-re-bao-gia-nhanh-hieu-qua-hang-dau/,/sms-marketing-gia-re-bao-gia-nhanh-hieu-qua-hang-dau/,NONE,Permalink decision locked: /blog/ is the archive; post URLs stay at root,KEEP_EXISTING_URL
12625,https://gcalls.co/sms-brandname-gia-re-uy-tin-tai-gcalls/,/sms-brandname-gia-re-uy-tin-tai-gcalls/,/sms-brandname-gia-re-uy-tin-tai-gcalls/,NONE,Permalink decision locked: /blog/ is the archive; post URLs stay at root,KEEP_EXISTING_URL
12686,https://gcalls.co/hoc-ngay-5-kinh-nghiem-ban-hang-tren-shopee/,/hoc-ngay-5-kinh-nghiem-ban-hang-tren-shopee/,/hoc-ngay-5-kinh-nghiem-ban-hang-tren-shopee/,NONE,Permalink decision locked: /blog/ is the archive; post URLs stay at root,KEEP_EXISTING_URL
12751,https://gcalls.co/kinh-nghiem-kinh-doanh-shopee-ban-hang-online/,/kinh-nghiem-kinh-doanh-shopee-ban-hang-online/,/kinh-nghiem-kinh-doanh-shopee-ban-hang-online/,NONE,Permalink decision locked: /blog/ is the archive; post URLs stay at root,KEEP_EXISTING_URL
12770,https://gcalls.co/shopee-template-va-cach-thiet-ke-chi-tiet-tren-canva/,/shopee-template-va-cach-thiet-ke-chi-tiet-tren-canva/,/shopee-template-va-cach-thiet-ke-chi-tiet-tren-canva/,NONE,Permalink decision locked: /blog/ is the archive; post URLs stay at root,KEEP_EXISTING_URL
12797,https://gcalls.co/khoa-hoc-ban-hang-tren-shopee-nao-hieu-qua-nhat/,/khoa-hoc-ban-hang-tren-shopee-nao-hieu-qua-nhat/,/khoa-hoc-ban-hang-tren-shopee-nao-hieu-qua-nhat/,NONE,Permalink decision locked: /blog/ is the archive; post URLs stay at root,KEEP_EXISTING_URL
12953,https://gcalls.co/?p=12953,/toi-uu-quang-cao-shopee-hieu-qua-nhat/,/toi-uu-quang-cao-shopee-hieu-qua-nhat/,NONE,Permalink decision locked: /blog/ is the archive; post URLs stay at root,KEEP_EXISTING_URL
12991,https://gcalls.co/?p=12991,//,//,NONE,Permalink decision locked: /blog/ is the archive; post URLs stay at root,KEEP_EXISTING_URL
13012,https://gcalls.co/kinh-nghiem-kinh-doanh-lazada-danh-cho-nguoi-moi-bat-dau/,/kinh-nghiem-kinh-doanh-lazada-danh-cho-nguoi-moi-bat-dau/,/kinh-nghiem-kinh-doanh-lazada-danh-cho-nguoi-moi-bat-dau/,NONE,Permalink decision locked: /blog/ is the archive; post URLs stay at root,KEEP_EXISTING_URL
13020,https://gcalls.co/khoa-hoc-kinh-doanh-shopee-hieu-qua-trong-top-3/,/khoa-hoc-kinh-doanh-shopee-hieu-qua-trong-top-3/,/khoa-hoc-kinh-doanh-shopee-hieu-qua-trong-top-3/,NONE,Permalink decision locked: /blog/ is the archive; post URLs stay at root,KEEP_EXISTING_URL
13047,https://gcalls.co/cach-toi-uu-san-pham-tren-shopee-hieu-qua-nhat/,/cach-toi-uu-san-pham-tren-shopee-hieu-qua-nhat/,/cach-toi-uu-san-pham-tren-shopee-hieu-qua-nhat/,NONE,Permalink decision locked: /blog/ is the archive; post URLs stay at root,KEEP_EXISTING_URL
13067,https://gcalls.co/cach-thiet-ke-gian-hang-tren-lazada/,/cach-thiet-ke-gian-hang-tren-lazada/,/cach-thiet-ke-gian-hang-tren-lazada/,NONE,Permalink decision locked: /blog/ is the archive; post URLs stay at root,KEEP_EXISTING_URL
13094,https://gcalls.co/?p=13094,//,//,NONE,Permalink decision locked: /blog/ is the archive; post URLs stay at root,KEEP_EXISTING_URL
13167,https://gcalls.co/?p=13167,//,//,NONE,Permalink decision locked: /blog/ is the archive; post URLs stay at root,KEEP_EXISTING_URL
13208,https://gcalls.co/dich-vu-call-center-la-gi-cong-ty-cung-cap-uy-tin-nhat/,/dich-vu-call-center-la-gi-cong-ty-cung-cap-uy-tin-nhat/,/dich-vu-call-center-la-gi-cong-ty-cung-cap-uy-tin-nhat/,NONE,Permalink decision locked: /blog/ is the archive; post URLs stay at root,KEEP_EXISTING_URL
13242,https://gcalls.co/tong-dai-ao-mien-phi-la-gi-top-5-tong-dai-ao-mien-phi-crm/,/tong-dai-ao-mien-phi-la-gi-top-5-tong-dai-ao-mien-phi-crm/,/tong-dai-ao-mien-phi-la-gi-top-5-tong-dai-ao-mien-phi-crm/,NONE,Permalink decision locked: /blog/ is the archive; post URLs stay at root,KEEP_EXISTING_URL
13286,https://gcalls.co/tong-dai-ao-la-gi-loi-ich-hang-dau-danh-cho-doanh-nghiep/,/tong-dai-ao-la-gi-loi-ich-hang-dau-danh-cho-doanh-nghiep/,/tong-dai-ao-la-gi-loi-ich-hang-dau-danh-cho-doanh-nghiep/,NONE,Permalink decision locked: /blog/ is the archive; post URLs stay at root,KEEP_EXISTING_URL
13378,https://gcalls.co/?p=13378,/giai-phap-tong-dai-cham-soc-khach-hang-bo-mot-loi-muoi/,/giai-phap-tong-dai-cham-soc-khach-hang-bo-mot-loi-muoi/,NONE,Permalink decision locked: /blog/ is the archive; post URLs stay at root,KEEP_EXISTING_URL
13388,https://gcalls.co/tong-dai-noi-bo-ao-khac-tong-dai-ao-diem-nao/,/tong-dai-noi-bo-ao-khac-tong-dai-ao-diem-nao/,/tong-dai-noi-bo-ao-khac-tong-dai-ao-diem-nao/,NONE,Permalink decision locked: /blog/ is the archive; post URLs stay at root,KEEP_EXISTING_URL
13409,https://gcalls.co/?p=13409,//,//,NONE,Permalink decision locked: /blog/ is the archive; post URLs stay at root,KEEP_EXISTING_URL
13426,https://gcalls.co/?p=13426,//,//,NONE,Permalink decision locked: /blog/ is the archive; post URLs stay at root,KEEP_EXISTING_URL
13427,https://gcalls.co/giai-phap-tong-dai-ao-khong-day-co-gi-tot/,/giai-phap-tong-dai-ao-khong-day-co-gi-tot/,/giai-phap-tong-dai-ao-khong-day-co-gi-tot/,NONE,Permalink decision locked: /blog/ is the archive; post URLs stay at root,KEEP_EXISTING_URL
13456,https://gcalls.co/tuyen-dung-product-designer-ui-ux-intern/,/tuyen-dung-product-designer-ui-ux-intern/,/tuyen-dung-product-designer-ui-ux-intern/,NONE,Permalink decision locked: /blog/ is the archive; post URLs stay at root,KEEP_EXISTING_URL
13469,https://gcalls.co/tuyen-dung-customer-success-specialist-intern/,/tuyen-dung-customer-success-specialist-intern/,/tuyen-dung-customer-success-specialist-intern/,NONE,Permalink decision locked: /blog/ is the archive; post URLs stay at root,KEEP_EXISTING_URL
13483,https://gcalls.co/tong-dai-cong-nghe-la-gi-co-nen-dau-tu-vao-tong-dai-ao/,/tong-dai-cong-nghe-la-gi-co-nen-dau-tu-vao-tong-dai-ao/,/tong-dai-cong-nghe-la-gi-co-nen-dau-tu-vao-tong-dai-ao/,NONE,Permalink decision locked: /blog/ is the archive; post URLs stay at root,KEEP_EXISTING_URL
13535,https://gcalls.co/hr-intern/,/hr-intern/,/hr-intern/,NONE,Permalink decision locked: /blog/ is the archive; post URLs stay at root,KEEP_EXISTING_URL
13899,https://gcalls.co/?p=13899,//,//,NONE,Permalink decision locked: /blog/ is the archive; post URLs stay at root,KEEP_EXISTING_URL
14292,https://gcalls.co/marketing-automation-la-gi-nhung-thong-tin-can-biet/,/marketing-automation-la-gi-nhung-thong-tin-can-biet/,/marketing-automation-la-gi-nhung-thong-tin-can-biet/,NONE,Permalink decision locked: /blog/ is the archive; post URLs stay at root,KEEP_EXISTING_URL
14304,https://gcalls.co/tuyen-dung-customer-success-specialist-fulltime/,/tuyen-dung-customer-success-specialist-fulltime/,/tuyen-dung-customer-success-specialist-fulltime/,NONE,Permalink decision locked: /blog/ is the archive; post URLs stay at root,KEEP_EXISTING_URL
14308,https://gcalls.co/customer-success-engineer-fulltime/,/customer-success-engineer-fulltime/,/customer-success-engineer-fulltime/,NONE,Permalink decision locked: /blog/ is the archive; post URLs stay at root,KEEP_EXISTING_URL
14415,https://gcalls.co/ke-hoach-cham-soc-khach-hang-cu-hieu-qua-nhat/,/ke-hoach-cham-soc-khach-hang-cu-hieu-qua-nhat/,/ke-hoach-cham-soc-khach-hang-cu-hieu-qua-nhat/,NONE,Permalink decision locked: /blog/ is the archive; post URLs stay at root,KEEP_EXISTING_URL
14462,https://gcalls.co/hotline-la-gi-co-nhung-loai-dau-so-hotline-nao-hien-nay/,/hotline-la-gi-co-nhung-loai-dau-so-hotline-nao-hien-nay/,/hotline-la-gi-co-nhung-loai-dau-so-hotline-nao-hien-nay/,NONE,Permalink decision locked: /blog/ is the archive; post URLs stay at root,KEEP_EXISTING_URL
14502,https://gcalls.co/ivr-la-gi-va-nhung-dieu-can-biet-ve/,/ivr-la-gi-va-nhung-dieu-can-biet-ve/,/ivr-la-gi-va-nhung-dieu-can-biet-ve/,NONE,Permalink decision locked: /blog/ is the archive; post URLs stay at root,KEEP_EXISTING_URL
14506,https://gcalls.co/quy-trinh-cham-soc-khach-hang-sau-ban-hang/,/quy-trinh-cham-soc-khach-hang-sau-ban-hang/,/quy-trinh-cham-soc-khach-hang-sau-ban-hang/,NONE,Permalink decision locked: /blog/ is the archive; post URLs stay at root,KEEP_EXISTING_URL
14522,https://gcalls.co/acd-la-gi-ung-dung-thuc-te-cua-acd-vao-call-center/,/acd-la-gi-ung-dung-thuc-te-cua-acd-vao-call-center/,/acd-la-gi-ung-dung-thuc-te-cua-acd-vao-call-center/,NONE,Permalink decision locked: /blog/ is the archive; post URLs stay at root,KEEP_EXISTING_URL
14536,https://gcalls.co/dich-vu-tong-dai-ao-13-tinh-nang-noi-bat/,/dich-vu-tong-dai-ao-13-tinh-nang-noi-bat/,/dich-vu-tong-dai-ao-13-tinh-nang-noi-bat/,NONE,Permalink decision locked: /blog/ is the archive; post URLs stay at root,KEEP_EXISTING_URL
14539,https://gcalls.co/sip-trunk-la-gi-loi-ich-dich-vu-nay-mang-den-nhu-the-nao/,/sip-trunk-la-gi-loi-ich-dich-vu-nay-mang-den-nhu-the-nao/,/sip-trunk-la-gi-loi-ich-dich-vu-nay-mang-den-nhu-the-nao/,NONE,Permalink decision locked: /blog/ is the archive; post URLs stay at root,KEEP_EXISTING_URL
14560,https://gcalls.co/so-tong-dai-1800-la-gi-huong-dan-dang-ky-dau-so-1800-don-gian/,/so-tong-dai-1800-la-gi-huong-dan-dang-ky-dau-so-1800-don-gian/,/so-tong-dai-1800-la-gi-huong-dan-dang-ky-dau-so-1800-don-gian/,NONE,Permalink decision locked: /blog/ is the archive; post URLs stay at root,KEEP_EXISTING_URL
14568,https://gcalls.co/giai-dap-thong-tin-ve-voip-va-ung-dung-thuc-te/,/giai-dap-thong-tin-ve-voip-va-ung-dung-thuc-te/,/giai-dap-thong-tin-ve-voip-va-ung-dung-thuc-te/,NONE,Permalink decision locked: /blog/ is the archive; post URLs stay at root,KEEP_EXISTING_URL
14577,https://gcalls.co/hr-parttime/,/hr-parttime/,/hr-parttime/,NONE,Permalink decision locked: /blog/ is the archive; post URLs stay at root,KEEP_EXISTING_URL
14607,https://gcalls.co/mau-loi-chao-tong-dai-dien-thoai-pho-bien-hien-nay/,/mau-loi-chao-tong-dai-dien-thoai-pho-bien-hien-nay/,/mau-loi-chao-tong-dai-dien-thoai-pho-bien-hien-nay/,NONE,Permalink decision locked: /blog/ is the archive; post URLs stay at root,KEEP_EXISTING_URL
14614,https://gcalls.co/service-level-agreement-la-gi-tu-a-z-thong-tin-ve-sla/,/service-level-agreement-la-gi-tu-a-z-thong-tin-ve-sla/,/service-level-agreement-la-gi-tu-a-z-thong-tin-ve-sla/,NONE,Permalink decision locked: /blog/ is the archive; post URLs stay at root,KEEP_EXISTING_URL
14773,https://gcalls.co/best-virtual-phone-system-for-small-medium-business-2023/,/best-virtual-phone-system-for-small-medium-business-2023/,/best-virtual-phone-system-for-small-medium-business-2023/,NONE,Permalink decision locked: /blog/ is the archive; post URLs stay at root,KEEP_EXISTING_URL
14787,https://gcalls.co/cach-xu-ly-cac-tinh-huong-cham-soc-khach-hang/,/cach-xu-ly-cac-tinh-huong-cham-soc-khach-hang/,/cach-xu-ly-cac-tinh-huong-cham-soc-khach-hang/,NONE,Permalink decision locked: /blog/ is the archive; post URLs stay at root,KEEP_EXISTING_URL
14797,https://gcalls.co/tin-nhan-cham-soc-khach-hang-cu-hieu-qua-nhat/,/tin-nhan-cham-soc-khach-hang-cu-hieu-qua-nhat/,/tin-nhan-cham-soc-khach-hang-cu-hieu-qua-nhat/,NONE,Permalink decision locked: /blog/ is the archive; post URLs stay at root,KEEP_EXISTING_URL
14870,https://gcalls.co/on-premise-la-gi-va-day-co-phai-la-giai-phap-tot-nhat/,/on-premise-la-gi-va-day-co-phai-la-giai-phap-tot-nhat/,/on-premise-la-gi-va-day-co-phai-la-giai-phap-tot-nhat/,NONE,Permalink decision locked: /blog/ is the archive; post URLs stay at root,KEEP_EXISTING_URL
14890,https://gcalls.co/he-thong-tong-dai-dien-thoai-chuan-la-nhu-the-nao/,/he-thong-tong-dai-dien-thoai-chuan-la-nhu-the-nao/,/he-thong-tong-dai-dien-thoai-chuan-la-nhu-the-nao/,NONE,Permalink decision locked: /blog/ is the archive; post URLs stay at root,KEEP_EXISTING_URL
14902,https://gcalls.co/dich-vu-cham-soc-khach-hang-la-gi/,/dich-vu-cham-soc-khach-hang-la-gi/,/dich-vu-cham-soc-khach-hang-la-gi/,NONE,Permalink decision locked: /blog/ is the archive; post URLs stay at root,KEEP_EXISTING_URL
15008,https://gcalls.co/tong-dai-ip-va-nhung-khac-biet-so-voi-tong-dai-analog/,/tong-dai-ip-va-nhung-khac-biet-so-voi-tong-dai-analog/,/tong-dai-ip-va-nhung-khac-biet-so-voi-tong-dai-analog/,NONE,Permalink decision locked: /blog/ is the archive; post URLs stay at root,KEEP_EXISTING_URL
15049,https://gcalls.co/kich-ban-tu-van-khach-hang-spa-la-gi/,/kich-ban-tu-van-khach-hang-spa-la-gi/,/kich-ban-tu-van-khach-hang-spa-la-gi/,NONE,Permalink decision locked: /blog/ is the archive; post URLs stay at root,KEEP_EXISTING_URL
15195,https://gcalls.co/customer-lifetime-value-la-gi-vai-tro-va-cach-tinh/,/customer-lifetime-value-la-gi-vai-tro-va-cach-tinh/,/customer-lifetime-value-la-gi-vai-tro-va-cach-tinh/,NONE,Permalink decision locked: /blog/ is the archive; post URLs stay at root,KEEP_EXISTING_URL
15207,https://gcalls.co/5-ly-do-nen-chon-dich-vu-cham-soc-khach-hang-viettel/,/5-ly-do-nen-chon-dich-vu-cham-soc-khach-hang-viettel/,/5-ly-do-nen-chon-dich-vu-cham-soc-khach-hang-viettel/,NONE,Permalink decision locked: /blog/ is the archive; post URLs stay at root,KEEP_EXISTING_URL
15217,https://gcalls.co/phan-mem-quan-ly-ban-hang-da-kenh-la-gi-co-nen-su-dung/,/phan-mem-quan-ly-ban-hang-da-kenh-la-gi-co-nen-su-dung/,/phan-mem-quan-ly-ban-hang-da-kenh-la-gi-co-nen-su-dung/,NONE,Permalink decision locked: /blog/ is the archive; post URLs stay at root,KEEP_EXISTING_URL
15221,https://gcalls.co/dich-vu-voice-brandname-la-gi-va-nhung-loi-ich/,/dich-vu-voice-brandname-la-gi-va-nhung-loi-ich/,/dich-vu-voice-brandname-la-gi-va-nhung-loi-ich/,NONE,Permalink decision locked: /blog/ is the archive; post URLs stay at root,KEEP_EXISTING_URL
15235,https://gcalls.co/customer-success-la-gi-nhung-thong-tin-cu-the-nhat/,/customer-success-la-gi-nhung-thong-tin-cu-the-nhat/,/customer-success-la-gi-nhung-thong-tin-cu-the-nhat/,NONE,Permalink decision locked: /blog/ is the archive; post URLs stay at root,KEEP_EXISTING_URL
15250,https://gcalls.co/tong-dai-contact-center-la-gi/,/tong-dai-contact-center-la-gi/,/tong-dai-contact-center-la-gi/,NONE,Permalink decision locked: /blog/ is the archive; post URLs stay at root,KEEP_EXISTING_URL
15262,https://gcalls.co/phan-mem-tong-dai-ao-la-gi/,/phan-mem-tong-dai-ao-la-gi/,/phan-mem-tong-dai-ao-la-gi/,NONE,Permalink decision locked: /blog/ is the archive; post URLs stay at root,KEEP_EXISTING_URL
15281,https://gcalls.co/mua-so-tong-dai-1900-co-loi-ich-gi-nen-mua-o-dau-uy-tin/,/mua-so-tong-dai-1900-co-loi-ich-gi-nen-mua-o-dau-uy-tin/,/mua-so-tong-dai-1900-co-loi-ich-gi-nen-mua-o-dau-uy-tin/,NONE,Permalink decision locked: /blog/ is the archive; post URLs stay at root,KEEP_EXISTING_URL
15306,https://gcalls.co/cham-soc-khach-hang-qua-dien-thoai/,/cham-soc-khach-hang-qua-dien-thoai/,/cham-soc-khach-hang-qua-dien-thoai/,NONE,Permalink decision locked: /blog/ is the archive; post URLs stay at root,KEEP_EXISTING_URL
15314,https://gcalls.co/salesforce-la-gi-nhung-thong-tin-quan-trong-nhat/,/salesforce-la-gi-nhung-thong-tin-quan-trong-nhat/,/salesforce-la-gi-nhung-thong-tin-quan-trong-nhat/,NONE,Permalink decision locked: /blog/ is the archive; post URLs stay at root,KEEP_EXISTING_URL
15328,https://gcalls.co/?p=15328,//,//,NONE,Permalink decision locked: /blog/ is the archive; post URLs stay at root,KEEP_EXISTING_URL
15332,https://gcalls.co/dich-vu-voice-brandname-la-gi/,/dich-vu-voice-brandname-la-gi/,/dich-vu-voice-brandname-la-gi/,NONE,Permalink decision locked: /blog/ is the archive; post URLs stay at root,KEEP_EXISTING_URL
15335,https://gcalls.co/phan-mem-crm-viet-nam-la-gi/,/phan-mem-crm-viet-nam-la-gi/,/phan-mem-crm-viet-nam-la-gi/,NONE,Permalink decision locked: /blog/ is the archive; post URLs stay at root,KEEP_EXISTING_URL
15353,https://gcalls.co/cach-xay-dung-quy-trinh-ban-hang-cua-doanh-nghiep-hieu-qua/,/cach-xay-dung-quy-trinh-ban-hang-cua-doanh-nghiep-hieu-qua/,/cach-xay-dung-quy-trinh-ban-hang-cua-doanh-nghiep-hieu-qua/,NONE,Permalink decision locked: /blog/ is the archive; post URLs stay at root,KEEP_EXISTING_URL
15363,https://gcalls.co/vi-sao-chien-luoc-cham-soc-khach-hang-voi-salesforce-can-thiet/,/vi-sao-chien-luoc-cham-soc-khach-hang-voi-salesforce-can-thiet/,/vi-sao-chien-luoc-cham-soc-khach-hang-voi-salesforce-can-thiet/,NONE,Permalink decision locked: /blog/ is the archive; post URLs stay at root,KEEP_EXISTING_URL
15380,https://gcalls.co/so-sanh-salesforce-crm-va-cac-phan-mem-khac/,/so-sanh-salesforce-crm-va-cac-phan-mem-khac/,/so-sanh-salesforce-crm-va-cac-phan-mem-khac/,NONE,Permalink decision locked: /blog/ is the archive; post URLs stay at root,KEEP_EXISTING_URL
15384,https://gcalls.co/salesforce-marketing-cloud-la-gi-tim-hieu-thong-tin-tu-a-z/,/salesforce-marketing-cloud-la-gi-tim-hieu-thong-tin-tu-a-z/,/salesforce-marketing-cloud-la-gi-tim-hieu-thong-tin-tu-a-z/,NONE,Permalink decision locked: /blog/ is the archive; post URLs stay at root,KEEP_EXISTING_URL
15558,https://gcalls.co/8-cach-giu-khach-hang-cu-hieu-qua/,/8-cach-giu-khach-hang-cu-hieu-qua/,/8-cach-giu-khach-hang-cu-hieu-qua/,NONE,Permalink decision locked: /blog/ is the archive; post URLs stay at root,KEEP_EXISTING_URL
15561,https://gcalls.co/trai-nghiem-khach-hang-xuat-sac-la-gi-cach-nang-cap/,/trai-nghiem-khach-hang-xuat-sac-la-gi-cach-nang-cap/,/trai-nghiem-khach-hang-xuat-sac-la-gi-cach-nang-cap/,NONE,Permalink decision locked: /blog/ is the archive; post URLs stay at root,KEEP_EXISTING_URL
15589,https://gcalls.co/cau-hoi-cham-soc-khach-hang-cu-kich-ban-cskh-hieu-qua/,/cau-hoi-cham-soc-khach-hang-cu-kich-ban-cskh-hieu-qua/,/cau-hoi-cham-soc-khach-hang-cu-kich-ban-cskh-hieu-qua/,NONE,Permalink decision locked: /blog/ is the archive; post URLs stay at root,KEEP_EXISTING_URL
15604,https://gcalls.co/giai-phap-cham-soc-khach-hang-nao-toi-uu-nhat/,/giai-phap-cham-soc-khach-hang-nao-toi-uu-nhat/,/giai-phap-cham-soc-khach-hang-nao-toi-uu-nhat/,NONE,Permalink decision locked: /blog/ is the archive; post URLs stay at root,KEEP_EXISTING_URL
15646,https://gcalls.co/top-5-loi-ich-cua-phan-mem-auto-answer/,/top-5-loi-ich-cua-phan-mem-auto-answer/,/top-5-loi-ich-cua-phan-mem-auto-answer/,NONE,Permalink decision locked: /blog/ is the archive; post URLs stay at root,KEEP_EXISTING_URL
15660,https://gcalls.co/chien-luoc-giu-chan-khach-hang-hieu-qua-nhat/,/chien-luoc-giu-chan-khach-hang-hieu-qua-nhat/,/chien-luoc-giu-chan-khach-hang-hieu-qua-nhat/,NONE,Permalink decision locked: /blog/ is the archive; post URLs stay at root,KEEP_EXISTING_URL
15681,https://gcalls.co/tin-nhan-cham-soc-khach-hang-cu-giup-gia-tang-hieu-qua/,/tin-nhan-cham-soc-khach-hang-cu-giup-gia-tang-hieu-qua/,/tin-nhan-cham-soc-khach-hang-cu-giup-gia-tang-hieu-qua/,NONE,Permalink decision locked: /blog/ is the archive; post URLs stay at root,KEEP_EXISTING_URL
15687,https://gcalls.co/quan-ly-thong-tin-khach-hang-hieu-qua-qua-he-thong-nao/,/quan-ly-thong-tin-khach-hang-hieu-qua-qua-he-thong-nao/,/quan-ly-thong-tin-khach-hang-hieu-qua-qua-he-thong-nao/,NONE,Permalink decision locked: /blog/ is the archive; post URLs stay at root,KEEP_EXISTING_URL
15713,https://gcalls.co/quan-ly-cuoc-goi-khach-hang/,/quan-ly-cuoc-goi-khach-hang/,/quan-ly-cuoc-goi-khach-hang/,NONE,Permalink decision locked: /blog/ is the archive; post URLs stay at root,KEEP_EXISTING_URL
15724,https://gcalls.co/bi-quyet-cham-soc-khach-hang-tuyet-dinh-nhat/,/bi-quyet-cham-soc-khach-hang-tuyet-dinh-nhat/,/bi-quyet-cham-soc-khach-hang-tuyet-dinh-nhat/,NONE,Permalink decision locked: /blog/ is the archive; post URLs stay at root,KEEP_EXISTING_URL
15738,https://gcalls.co/tai-sao-dich-vu-tong-dai-ao-danh-cho-startup-bung-no-2023/,/tai-sao-dich-vu-tong-dai-ao-danh-cho-startup-bung-no-2023/,/tai-sao-dich-vu-tong-dai-ao-danh-cho-startup-bung-no-2023/,NONE,Permalink decision locked: /blog/ is the archive; post URLs stay at root,KEEP_EXISTING_URL
15743,https://gcalls.co/dong-bo-hoa-du-lieu-la-gi-tai-sao-nen-dong-bo-du-lieu/,/dong-bo-hoa-du-lieu-la-gi-tai-sao-nen-dong-bo-du-lieu/,/dong-bo-hoa-du-lieu-la-gi-tai-sao-nen-dong-bo-du-lieu/,NONE,Permalink decision locked: /blog/ is the archive; post URLs stay at root,KEEP_EXISTING_URL
15765,https://gcalls.co/phan-mem-auto-call-va-nhung-loi-ich-cho-doanh-nghiep/,/phan-mem-auto-call-va-nhung-loi-ich-cho-doanh-nghiep/,/phan-mem-auto-call-va-nhung-loi-ich-cho-doanh-nghiep/,NONE,Permalink decision locked: /blog/ is the archive; post URLs stay at root,KEEP_EXISTING_URL
15775,https://gcalls.co/5-loi-ich-cua-dich-vu-ho-tro-truc-tuyen/,/5-loi-ich-cua-dich-vu-ho-tro-truc-tuyen/,/5-loi-ich-cua-dich-vu-ho-tro-truc-tuyen/,NONE,Permalink decision locked: /blog/ is the archive; post URLs stay at root,KEEP_EXISTING_URL
15794,https://gcalls.co/he-thong-quan-ly-khach-hang/,/he-thong-quan-ly-khach-hang/,/he-thong-quan-ly-khach-hang/,NONE,Permalink decision locked: /blog/ is the archive; post URLs stay at root,KEEP_EXISTING_URL
15806,https://gcalls.co/giai-phap-tong-dai-ao-cho-doanh-nghiep-vua-va-nho/,/giai-phap-tong-dai-ao-cho-doanh-nghiep-vua-va-nho/,/giai-phap-tong-dai-ao-cho-doanh-nghiep-vua-va-nho/,NONE,Permalink decision locked: /blog/ is the archive; post URLs stay at root,KEEP_EXISTING_URL
15830,https://gcalls.co/mo-hinh-trai-nghiem-khach-hang-la-gi/,/mo-hinh-trai-nghiem-khach-hang-la-gi/,/mo-hinh-trai-nghiem-khach-hang-la-gi/,NONE,Permalink decision locked: /blog/ is the archive; post URLs stay at root,KEEP_EXISTING_URL
15847,https://gcalls.co/luu-tru-thong-tin-khach-hang-voi-top-3-phan-mem-tot-nhat/,/luu-tru-thong-tin-khach-hang-voi-top-3-phan-mem-tot-nhat/,/luu-tru-thong-tin-khach-hang-voi-top-3-phan-mem-tot-nhat/,NONE,Permalink decision locked: /blog/ is the archive; post URLs stay at root,KEEP_EXISTING_URL
15859,https://gcalls.co/tong-dai-ip-va-nhung-dieu-can-biet/,/tong-dai-ip-va-nhung-dieu-can-biet/,/tong-dai-ip-va-nhung-dieu-can-biet/,NONE,Permalink decision locked: /blog/ is the archive; post URLs stay at root,KEEP_EXISTING_URL
15870,https://gcalls.co/nhan-vien-ho-tro-khach-hang-chia-khoa-thanh-cong-cua-doanh-nghiep/,/nhan-vien-ho-tro-khach-hang-chia-khoa-thanh-cong-cua-doanh-nghiep/,/nhan-vien-ho-tro-khach-hang-chia-khoa-thanh-cong-cua-doanh-nghiep/,NONE,Permalink decision locked: /blog/ is the archive; post URLs stay at root,KEEP_EXISTING_URL
15884,https://gcalls.co/dich-vu-tong-dai-dam-may-cho-start-up/,/dich-vu-tong-dai-dam-may-cho-start-up/,/dich-vu-tong-dai-dam-may-cho-start-up/,NONE,Permalink decision locked: /blog/ is the archive; post URLs stay at root,KEEP_EXISTING_URL
15904,https://gcalls.co/8-buoc-ban-hang-co-ban-va-hieu-qua-cho-nhan-vien-sales/,/8-buoc-ban-hang-co-ban-va-hieu-qua-cho-nhan-vien-sales/,/8-buoc-ban-hang-co-ban-va-hieu-qua-cho-nhan-vien-sales/,NONE,Permalink decision locked: /blog/ is the archive; post URLs stay at root,KEEP_EXISTING_URL
15916,https://gcalls.co/cach-goi-sale-hieu-qua-co-the-ban-khong-biet/,/cach-goi-sale-hieu-qua-co-the-ban-khong-biet/,/cach-goi-sale-hieu-qua-co-the-ban-khong-biet/,NONE,Permalink decision locked: /blog/ is the archive; post URLs stay at root,KEEP_EXISTING_URL
15926,https://gcalls.co/cach-telesale-cho-nguoi-moi-bat-dau/,/cach-telesale-cho-nguoi-moi-bat-dau/,/cach-telesale-cho-nguoi-moi-bat-dau/,NONE,Permalink decision locked: /blog/ is the archive; post URLs stay at root,KEEP_EXISTING_URL
15943,https://gcalls.co/chuong-trinh-cham-soc-khach-hang-toi-uu-nhat/,/chuong-trinh-cham-soc-khach-hang-toi-uu-nhat/,/chuong-trinh-cham-soc-khach-hang-toi-uu-nhat/,NONE,Permalink decision locked: /blog/ is the archive; post URLs stay at root,KEEP_EXISTING_URL
15982,https://gcalls.co/quan-ly-quan-he-khach-hang/,/quan-ly-quan-he-khach-hang/,/quan-ly-quan-he-khach-hang/,NONE,Permalink decision locked: /blog/ is the archive; post URLs stay at root,KEEP_EXISTING_URL
15993,https://gcalls.co/phuong-phap-quan-ly-telesale-hieu-qua/,/phuong-phap-quan-ly-telesale-hieu-qua/,/phuong-phap-quan-ly-telesale-hieu-qua/,NONE,Permalink decision locked: /blog/ is the archive; post URLs stay at root,KEEP_EXISTING_URL
16005,https://gcalls.co/he-thong-cham-soc-khach-hang-loi-ich-va-6-tinh-nang/,/he-thong-cham-soc-khach-hang-loi-ich-va-6-tinh-nang/,/he-thong-cham-soc-khach-hang-loi-ich-va-6-tinh-nang/,NONE,Permalink decision locked: /blog/ is the archive; post URLs stay at root,KEEP_EXISTING_URL
16018,https://gcalls.co/dang-ky-tong-dai-ao-giai-phap-cham-soc-khach-hang-hieu-qua/,/dang-ky-tong-dai-ao-giai-phap-cham-soc-khach-hang-hieu-qua/,/dang-ky-tong-dai-ao-giai-phap-cham-soc-khach-hang-hieu-qua/,NONE,Permalink decision locked: /blog/ is the archive; post URLs stay at root,KEEP_EXISTING_URL
16022,https://gcalls.co/cach-goi-telesale-hieu-qua-ma-ban-chua-biet/,/cach-goi-telesale-hieu-qua-ma-ban-chua-biet/,/cach-goi-telesale-hieu-qua-ma-ban-chua-biet/,NONE,Permalink decision locked: /blog/ is the archive; post URLs stay at root,KEEP_EXISTING_URL
16035,https://gcalls.co/8-cach-nang-cao-trai-nghiem-dich-vu-khach-hang/,/8-cach-nang-cao-trai-nghiem-dich-vu-khach-hang/,/8-cach-nang-cao-trai-nghiem-dich-vu-khach-hang/,NONE,Permalink decision locked: /blog/ is the archive; post URLs stay at root,KEEP_EXISTING_URL
16095,https://gcalls.co/he-thong-quan-ly-khach-hang-trong-nha-hang-khach-san/,/he-thong-quan-ly-khach-hang-trong-nha-hang-khach-san/,/he-thong-quan-ly-khach-hang-trong-nha-hang-khach-san/,NONE,Permalink decision locked: /blog/ is the archive; post URLs stay at root,KEEP_EXISTING_URL
16109,https://gcalls.co/chu-y-khi-xay-dung-so-do-quy-trinh-cham-soc-khach-hang/,/chu-y-khi-xay-dung-so-do-quy-trinh-cham-soc-khach-hang/,/chu-y-khi-xay-dung-so-do-quy-trinh-cham-soc-khach-hang/,NONE,Permalink decision locked: /blog/ is the archive; post URLs stay at root,KEEP_EXISTING_URL
16131,https://gcalls.co/phan-mem-quan-ly-khach-hang-mien-phi/,/phan-mem-quan-ly-khach-hang-mien-phi/,/phan-mem-quan-ly-khach-hang-mien-phi/,NONE,Permalink decision locked: /blog/ is the archive; post URLs stay at root,KEEP_EXISTING_URL
16145,https://gcalls.co/phuong-phap-cham-soc-khach-hang-hieu-qua/,/phuong-phap-cham-soc-khach-hang-hieu-qua/,/phuong-phap-cham-soc-khach-hang-hieu-qua/,NONE,Permalink decision locked: /blog/ is the archive; post URLs stay at root,KEEP_EXISTING_URL
16176,https://gcalls.co/nang-cao-chat-luong-nguon-nhan-luc/,/nang-cao-chat-luong-nguon-nhan-luc/,/nang-cao-chat-luong-nguon-nhan-luc/,NONE,Permalink decision locked: /blog/ is the archive; post URLs stay at root,KEEP_EXISTING_URL
16180,https://gcalls.co/xay-dung-chien-luoc-marketing-hieu-qua-nhu-the-nao/,/xay-dung-chien-luoc-marketing-hieu-qua-nhu-the-nao/,/xay-dung-chien-luoc-marketing-hieu-qua-nhu-the-nao/,NONE,Permalink decision locked: /blog/ is the archive; post URLs stay at root,KEEP_EXISTING_URL
16201,https://gcalls.co/9-y-tuong-khoi-nghiep-tuyet-voi-cho-ban/,/9-y-tuong-khoi-nghiep-tuyet-voi-cho-ban/,/9-y-tuong-khoi-nghiep-tuyet-voi-cho-ban/,NONE,Permalink decision locked: /blog/ is the archive; post URLs stay at root,KEEP_EXISTING_URL
16202,https://gcalls.co/8-phuong-phap-tiep-can-khach-hang-hieu-qua/,/8-phuong-phap-tiep-can-khach-hang-hieu-qua/,/8-phuong-phap-tiep-can-khach-hang-hieu-qua/,NONE,Permalink decision locked: /blog/ is the archive; post URLs stay at root,KEEP_EXISTING_URL
16240,https://gcalls.co/xac-dinh-khach-hang-muc-tieu-vai-tro-cach-xac-dinh/,/xac-dinh-khach-hang-muc-tieu-vai-tro-cach-xac-dinh/,/xac-dinh-khach-hang-muc-tieu-vai-tro-cach-xac-dinh/,NONE,Permalink decision locked: /blog/ is the archive; post URLs stay at root,KEEP_EXISTING_URL
16252,https://gcalls.co/muc-tieu-smart-la-gi-vi-du-va-cach-dat-muc-tieu-smart/,/muc-tieu-smart-la-gi-vi-du-va-cach-dat-muc-tieu-smart/,/muc-tieu-smart-la-gi-vi-du-va-cach-dat-muc-tieu-smart/,NONE,Permalink decision locked: /blog/ is the archive; post URLs stay at root,KEEP_EXISTING_URL
16254,https://gcalls.co/5-buoc-lap-ke-hoach-marketing-hieu-qua-cho-doanh-nghiep/,/5-buoc-lap-ke-hoach-marketing-hieu-qua-cho-doanh-nghiep/,/5-buoc-lap-ke-hoach-marketing-hieu-qua-cho-doanh-nghiep/,NONE,Permalink decision locked: /blog/ is the archive; post URLs stay at root,KEEP_EXISTING_URL
16257,https://gcalls.co/xac-dinh-ngan-sach-marketing-nhu-the-nao/,/xac-dinh-ngan-sach-marketing-nhu-the-nao/,/xac-dinh-ngan-sach-marketing-nhu-the-nao/,NONE,Permalink decision locked: /blog/ is the archive; post URLs stay at root,KEEP_EXISTING_URL
16271,https://gcalls.co/nha-dau-tu-thien-than-cuu-tinh-cua-start-up/,/nha-dau-tu-thien-than-cuu-tinh-cua-start-up/,/nha-dau-tu-thien-than-cuu-tinh-cua-start-up/,NONE,Permalink decision locked: /blog/ is the archive; post URLs stay at root,KEEP_EXISTING_URL
16284,https://gcalls.co/9-buoc-lap-ke-hoach-digital-marketing/,/9-buoc-lap-ke-hoach-digital-marketing/,/9-buoc-lap-ke-hoach-digital-marketing/,NONE,Permalink decision locked: /blog/ is the archive; post URLs stay at root,KEEP_EXISTING_URL
16324,https://gcalls.co/tu-ghi-am-cuoc-goi-va-cach-huong-dan-cai/,/tu-ghi-am-cuoc-goi-va-cach-huong-dan-cai/,/tu-ghi-am-cuoc-goi-va-cach-huong-dan-cai/,NONE,Permalink decision locked: /blog/ is the archive; post URLs stay at root,KEEP_EXISTING_URL
16329,https://gcalls.co/4-website-goi-von-cong-dong-hieu-qua-danh-cho-start-up/,/4-website-goi-von-cong-dong-hieu-qua-danh-cho-start-up/,/4-website-goi-von-cong-dong-hieu-qua-danh-cho-start-up/,NONE,Permalink decision locked: /blog/ is the archive; post URLs stay at root,KEEP_EXISTING_URL
16348,https://gcalls.co/huong-dan-khoi-nghiep-hieu-qua/,/huong-dan-khoi-nghiep-hieu-qua/,/huong-dan-khoi-nghiep-hieu-qua/,NONE,Permalink decision locked: /blog/ is the archive; post URLs stay at root,KEEP_EXISTING_URL
16376,https://gcalls.co/quan-tri-theo-muc-tieu-smart-la-gi/,/quan-tri-theo-muc-tieu-smart-la-gi/,/quan-tri-theo-muc-tieu-smart-la-gi/,NONE,Permalink decision locked: /blog/ is the archive; post URLs stay at root,KEEP_EXISTING_URL
16389,https://gcalls.co/?p=16389,//,//,NONE,Permalink decision locked: /blog/ is the archive; post URLs stay at root,KEEP_EXISTING_URL
16611,https://gcalls.co/9-viec-nen-va-khong-nen-lam-trong-quy-trinh-danh-gia-nhan-vien/,/9-viec-nen-va-khong-nen-lam-trong-quy-trinh-danh-gia-nhan-vien/,/9-viec-nen-va-khong-nen-lam-trong-quy-trinh-danh-gia-nhan-vien/,NONE,Permalink decision locked: /blog/ is the archive; post URLs stay at root,KEEP_EXISTING_URL
17741,https://gcalls.co/thu-thuat-tang-traffic-website-uy-tin-tai-trafficseo/,/thu-thuat-tang-traffic-website-uy-tin-tai-trafficseo/,/thu-thuat-tang-traffic-website-uy-tin-tai-trafficseo/,NONE,Permalink decision locked: /blog/ is the archive; post URLs stay at root,KEEP_EXISTING_URL
17775,https://gcalls.co/?p=17775,//,//,NONE,Permalink decision locked: /blog/ is the archive; post URLs stay at root,KEEP_EXISTING_URL
17795,https://gcalls.co/?p=17795,//,//,NONE,Permalink decision locked: /blog/ is the archive; post URLs stay at root,KEEP_EXISTING_URL
17802,https://gcalls.co/?p=17802,//,//,NONE,Permalink decision locked: /blog/ is the archive; post URLs stay at root,KEEP_EXISTING_URL
17823,https://gcalls.co/?p=17823,//,//,NONE,Permalink decision locked: /blog/ is the archive; post URLs stay at root,KEEP_EXISTING_URL
17827,https://gcalls.co/?p=17827,//,//,NONE,Permalink decision locked: /blog/ is the archive; post URLs stay at root,KEEP_EXISTING_URL
17832,https://gcalls.co/?p=17832,//,//,NONE,Permalink decision locked: /blog/ is the archive; post URLs stay at root,KEEP_EXISTING_URL
17839,https://gcalls.co/?p=17839,//,//,NONE,Permalink decision locked: /blog/ is the archive; post URLs stay at root,KEEP_EXISTING_URL
17846,https://gcalls.co/?p=17846,//,//,NONE,Permalink decision locked: /blog/ is the archive; post URLs stay at root,KEEP_EXISTING_URL
17856,https://gcalls.co/?p=17856,//,//,NONE,Permalink decision locked: /blog/ is the archive; post URLs stay at root,KEEP_EXISTING_URL
17875,https://gcalls.co/?p=17875,//,//,NONE,Permalink decision locked: /blog/ is the archive; post URLs stay at root,KEEP_EXISTING_URL
17884,https://gcalls.co/?p=17884,//,//,NONE,Permalink decision locked: /blog/ is the archive; post URLs stay at root,KEEP_EXISTING_URL
17894,https://gcalls.co/?p=17894,//,//,NONE,Permalink decision locked: /blog/ is the archive; post URLs stay at root,KEEP_EXISTING_URL
17902,https://gcalls.co/?p=17902,//,//,NONE,Permalink decision locked: /blog/ is the archive; post URLs stay at root,KEEP_EXISTING_URL
17911,https://gcalls.co/?p=17911,//,//,NONE,Permalink decision locked: /blog/ is the archive; post URLs stay at root,KEEP_EXISTING_URL
17917,https://gcalls.co/?p=17917,//,//,NONE,Permalink decision locked: /blog/ is the archive; post URLs stay at root,KEEP_EXISTING_URL
17924,https://gcalls.co/?p=17924,//,//,NONE,Permalink decision locked: /blog/ is the archive; post URLs stay at root,KEEP_EXISTING_URL
18048,https://gcalls.co/hr-parttime-copy/,/hr-parttime-copy/,(removed),410 (pending decision),Removed from WordPress between 2026-07-29 and 2026-08-12; 19/20 were injected gambling spam,SECURITY_REVIEW
18073,https://gcalls.co/%d0%ba%d0%b0%d0%ba%d0%b8%d0%b5-%d1%81%d0%bb%d0%be%d1%82%d1%8b-%d0%b4%d0%b0%d1%8e%d1%82-%d0%b8%d0%b3%d1%80%d0%b0%d1%8e%d1%82-%d1%81%d0%b5%d0%b3%d0%be%d0%b4%d0%bd%d1%8f-%d0%b2-%d0%ba%d0%b0%d0%b7%d0%b8/,/%d0%ba%d0%b0%d0%ba%d0%b8%d0%b5-%d1%81%d0%bb%d0%be%d1%82%d1%8b-%d0%b4%d0%b0%d1%8e%d1%82-%d0%b8%d0%b3%d1%80%d0%b0%d1%8e%d1%82-%d1%81%d0%b5%d0%b3%d0%be%d0%b4%d0%bd%d1%8f-%d0%b2-%d0%ba%d0%b0%d0%b7%d0%b8/,(removed),410 (pending decision),Removed from WordPress between 2026-07-29 and 2026-08-12; 19/20 were injected gambling spam,SECURITY_REVIEW
18101,https://gcalls.co/%d1%8d%d0%ba%d1%81%d0%bf%d1%80%d0%b5%d1%81%d1%81-%d0%b4%d0%bd%d1%8f-6-%d1%84%d0%b5%d0%b2%d1%80%d0%b0%d0%bb%d1%8f-%d1%81%d1%82%d0%b0%d0%b2%d0%ba%d0%b8-%d0%b8-%d0%bf%d1%80%d0%be%d0%b3%d0%bd%d0%be%d0%b7/,/%d1%8d%d0%ba%d1%81%d0%bf%d1%80%d0%b5%d1%81%d1%81-%d0%b4%d0%bd%d1%8f-6-%d1%84%d0%b5%d0%b2%d1%80%d0%b0%d0%bb%d1%8f-%d1%81%d1%82%d0%b0%d0%b2%d0%ba%d0%b8-%d0%b8-%d0%bf%d1%80%d0%be%d0%b3%d0%bd%d0%be%d0%b7/,(removed),410 (pending decision),Removed from WordPress between 2026-07-29 and 2026-08-12; 19/20 were injected gambling spam,SECURITY_REVIEW
18118,https://gcalls.co/avrupanin-1-numarali-cevrimici-kumar-hedef-2/,/avrupanin-1-numarali-cevrimici-kumar-hedef-2/,(removed),410 (pending decision),Removed from WordPress between 2026-07-29 and 2026-08-12; 19/20 were injected gambling spam,SECURITY_REVIEW
18122,https://gcalls.co/%d1%81%d1%82%d0%b0%d0%b2%d0%ba%d0%b8-%d0%bd%d0%b0-%d1%84%d1%83%d1%82%d0%b1%d0%be%d0%bb-webmoney-%d0%ba%d0%b0%d1%82%d0%b5%d0%b3%d0%be%d1%80/,/%d1%81%d1%82%d0%b0%d0%b2%d0%ba%d0%b8-%d0%bd%d0%b0-%d1%84%d1%83%d1%82%d0%b1%d0%be%d0%bb-webmoney-%d0%ba%d0%b0%d1%82%d0%b5%d0%b3%d0%be%d1%80/,(removed),410 (pending decision),Removed from WordPress between 2026-07-29 and 2026-08-12; 19/20 were injected gambling spam,SECURITY_REVIEW
18142,https://gcalls.co/pin-up-casino-resmi-web-sitesi-giris-ve-kayi-leading-it-training-as-well-as-placement-company/,/pin-up-casino-resmi-web-sitesi-giris-ve-kayi-leading-it-training-as-well-as-placement-company/,(removed),410 (pending decision),Removed from WordPress between 2026-07-29 and 2026-08-12; 19/20 were injected gambling spam,SECURITY_REVIEW
18144,https://gcalls.co/%d0%be%d0%b7%d0%bd%d0%b0%d0%ba%d0%be%d0%bc%d0%b8%d1%82%d0%b5%d0%bb%d1%8c%d0%bd%d1%8b%d0%b9-%d0%bf%d0%b5%d1%80%d0%b2%d1%8b%d0%b9-%d0%bf%d0%be%d1%81%d1%82-%d1%81%d1%82%d0%b0%d0%b2%d0%ba%d0%b8-%d0%bd/,/%d0%be%d0%b7%d0%bd%d0%b0%d0%ba%d0%be%d0%bc%d0%b8%d1%82%d0%b5%d0%bb%d1%8c%d0%bd%d1%8b%d0%b9-%d0%bf%d0%b5%d1%80%d0%b2%d1%8b%d0%b9-%d0%bf%d0%be%d1%81%d1%82-%d1%81%d1%82%d0%b0%d0%b2%d0%ba%d0%b8-%d0%bd/,(removed),410 (pending decision),Removed from WordPress between 2026-07-29 and 2026-08-12; 19/20 were injected gambling spam,SECURITY_REVIEW
18146,https://gcalls.co/zaklady-bukmacherskie-w-polsce-19-aktualnych-bonuso/,/zaklady-bukmacherskie-w-polsce-19-aktualnych-bonuso/,(removed),410 (pending decision),Removed from WordPress between 2026-07-29 and 2026-08-12; 19/20 were injected gambling spam,SECURITY_REVIEW
18164,https://gcalls.co/ksw-91-wyniki-walk-na-zywo-kto-wygral-t-libercu-17-02-2024/,/ksw-91-wyniki-walk-na-zywo-kto-wygral-t-libercu-17-02-2024/,(removed),410 (pending decision),Removed from WordPress between 2026-07-29 and 2026-08-12; 19/20 were injected gambling spam,SECURITY_REVIEW
18170,https://gcalls.co/przyjmuje-zaklady-sportowe-odpowiedzi-do-krzyzowk-karkoc-gebze-oto-klima-sistemler/,/przyjmuje-zaklady-sportowe-odpowiedzi-do-krzyzowk-karkoc-gebze-oto-klima-sistemler/,(removed),410 (pending decision),Removed from WordPress between 2026-07-29 and 2026-08-12; 19/20 were injected gambling spam,SECURITY_REVIEW
18184,https://gcalls.co/zaklady-sportowe-totolotek-pl-szereg-zakladow-on-the-internet-zaklady-onlin/,/zaklady-sportowe-totolotek-pl-szereg-zakladow-on-the-internet-zaklady-onlin/,(removed),410 (pending decision),Removed from WordPress between 2026-07-29 and 2026-08-12; 19/20 were injected gambling spam,SECURITY_REVIEW
18186,https://gcalls.co/ggbet-zaklady-sportowe-i-esportowe-twoje-kasyno-onlin/,/ggbet-zaklady-sportowe-i-esportowe-twoje-kasyno-onlin/,(removed),410 (pending decision),Removed from WordPress between 2026-07-29 and 2026-08-12; 19/20 were injected gambling spam,SECURITY_REVIEW
18188,https://gcalls.co/ksw-ranking-kto-jest-mistrzem-w-danej-kategorii-ksw/,/ksw-ranking-kto-jest-mistrzem-w-danej-kategorii-ksw/,(removed),410 (pending decision),Removed from WordPress between 2026-07-29 and 2026-08-12; 19/20 were injected gambling spam,SECURITY_REVIEW
18190,https://gcalls.co/turnieje-e-sportowe-2023-wszystkie-zawody-watts-grac/,/turnieje-e-sportowe-2023-wszystkie-zawody-watts-grac/,(removed),410 (pending decision),Removed from WordPress between 2026-07-29 and 2026-08-12; 19/20 were injected gambling spam,SECURITY_REVIEW
18193,https://gcalls.co/bet-at-home-zaklady-sportowe-bet-at-home-polsk/,/bet-at-home-zaklady-sportowe-bet-at-home-polsk/,(removed),410 (pending decision),Removed from WordPress between 2026-07-29 and 2026-08-12; 19/20 were injected gambling spam,SECURITY_REVIEW
18195,https://gcalls.co/marsylia-villarreal-kursy-typy-zaklady-na-le-seven-03-2024/,/marsylia-villarreal-kursy-typy-zaklady-na-le-seven-03-2024/,(removed),410 (pending decision),Removed from WordPress between 2026-07-29 and 2026-08-12; 19/20 were injected gambling spam,SECURITY_REVIEW
18198,https://gcalls.co/sts-cash-out-company-to-jest-i-actually-na-jakich-zasadach-dziala/,/sts-cash-out-company-to-jest-i-actually-na-jakich-zasadach-dziala/,(removed),410 (pending decision),Removed from WordPress between 2026-07-29 and 2026-08-12; 19/20 were injected gambling spam,SECURITY_REVIEW
18205,https://gcalls.co/ksw-obstawianie-gdzie-obstawiac-ksw-92-u-bukmachera/,/ksw-obstawianie-gdzie-obstawiac-ksw-92-u-bukmachera/,(removed),410 (pending decision),Removed from WordPress between 2026-07-29 and 2026-08-12; 19/20 were injected gambling spam,SECURITY_REVIEW
18209,https://gcalls.co/gg-wager-zaklady-na-sports-activity-i-esport-kasyno-gr/,/gg-wager-zaklady-na-sports-activity-i-esport-kasyno-gr/,(removed),410 (pending decision),Removed from WordPress between 2026-07-29 and 2026-08-12; 19/20 were injected gambling spam,SECURITY_REVIEW
18223,https://gcalls.co/ggbet-strona-oficjalna-zaklady-bukmacherskie-onlin/,/ggbet-strona-oficjalna-zaklady-bukmacherskie-onlin/,(removed),410 (pending decision),Removed from WordPress between 2026-07-29 and 2026-08-12; 19/20 were injected gambling spam,SECURITY_REVIEW
