Post ID,Title,Hub,Status,Planned Related Posts (2-5),Planned Product/Solution Links,Link Status
314,3 cách để doanh nghiệp tồn tại và vươn lên thời Covid,HUB-08,publish,1705:cach-viet-ban-tu-danh-gia-cong-viec-cua-nhan | 15332:dich-vu-voice-brandname-la-gi | 872:cong-nghe-dang-thay-doi-cach-moi-nguoi-lam-v | 16611:9-viec-nen-va-khong-nen-lam-trong-quy-trinh-,Gcalls Plus Webphone:/gcalls-plus-webphone/,PLANNED_NOT_IMPLEMENTED
410,Nâng tầm giá trị thương hiệu của doanh nghiệp bạn với Voice Brandname,HUB-08,publish,1705:cach-viet-ban-tu-danh-gia-cong-viec-cua-nhan | 15332:dich-vu-voice-brandname-la-gi | 872:cong-nghe-dang-thay-doi-cach-moi-nguoi-lam-v | 16611:9-viec-nen-va-khong-nen-lam-trong-quy-trinh-,Gcalls Plus Webphone:/gcalls-plus-webphone/,PLANNED_NOT_IMPLEMENTED
439,Góc nhìn của doanh nghiệp và khách hàng về tổng đài CSKH và bán hàng,HUB-04,publish,861:11-chi-so-danh-gia-quan-trong-doi-voi-bo-pha | 15589:cau-hoi-cham-soc-khach-hang-cu-kich-ban-cskh | 15830:mo-hinh-trai-nghiem-khach-hang-la-gi | 16005:he-thong-cham-soc-khach-hang-loi-ich-va-6-ti,Gcalls CX:/gcalls-cx/ | Tổng đài tích hợp Helpdesk:/tong-dai-tich-hop-helpdesk/,PLANNED_NOT_IMPLEMENTED
553,"Gcalls và bạn - đối tác giới thiệu khách hàng - Cùng hợp tác, cùng có lợi",HUB-08,publish,1705:cach-viet-ban-tu-danh-gia-cong-viec-cua-nhan | 15332:dich-vu-voice-brandname-la-gi | 872:cong-nghe-dang-thay-doi-cach-moi-nguoi-lam-v | 16611:9-viec-nen-va-khong-nen-lam-trong-quy-trinh-,Gcalls Plus Webphone:/gcalls-plus-webphone/,PLANNED_NOT_IMPLEMENTED
566,Dịch Vụ Call Center là gì? Dịch vụ Tổng đài Call Center,HUB-01,publish,647:4-ly-do-su-dung-tong-dai-ao-call-center-la-c | 588:call-center-la-mot-trai-nghiem-thuong-hieu-t | 1157:cac-phan-mem-call-center-phu-hop-voi-cac-ton | 1967:chien-luoc-mo-rong-ra-thi-truong-nuoc-ngoai-,Cloud Call Center:/lien-he/ | Gcalls Plus Webphone:/gcalls-plus-webphone/,PLANNED_NOT_IMPLEMENTED
588,"Tổng Đài Call Center Và Những Kiến Thức ""Cứu Sống"" Doanh Nghiệp",HUB-01,publish,647:4-ly-do-su-dung-tong-dai-ao-call-center-la-c | 1157:cac-phan-mem-call-center-phu-hop-voi-cac-ton | 566:5-linh-vuc-rat-can-dich-vu-call-center-trung | 1967:chien-luoc-mo-rong-ra-thi-truong-nuoc-ngoai-,Cloud Call Center:/lien-he/ | Gcalls Plus Webphone:/gcalls-plus-webphone/,PLANNED_NOT_IMPLEMENTED
603,10 Thống kê về hệ thống VoIP chứng minh tầm quan trọng của công nghệ,HUB-01,publish,647:4-ly-do-su-dung-tong-dai-ao-call-center-la-c | 588:call-center-la-mot-trai-nghiem-thuong-hieu-t | 1157:cac-phan-mem-call-center-phu-hop-voi-cac-ton | 566:5-linh-vuc-rat-can-dich-vu-call-center-trung,Cloud Call Center:/lien-he/ | Gcalls Plus Webphone:/gcalls-plus-webphone/,PLANNED_NOT_IMPLEMENTED
615,10 mẹo hay nhất để Telesales thành công,HUB-03,publish,1198:ban-hang-inbound-hay-ban-hang-outbound-phan- | 1381:6-buoc-xay-dung-kich-ban-ban-hang-dinh-cao | 1396:cach-goi-dien-thoai-cho-khach-hang-tiem-nang | 1082:top-10-phan-mem-theo-doi-ban-hang-hang-dau-d,Gcalls Plus Webphone:/gcalls-plus-webphone/ | Tổng đài tích hợp CRM:/tong-dai-tich-hop-crm/,PLANNED_NOT_IMPLEMENTED
647,7 Lý Do Nên Chọn Tổng Đài Ảo Call Center Cho Doanh Nghiệp,HUB-01,publish,588:call-center-la-mot-trai-nghiem-thuong-hieu-t | 1157:cac-phan-mem-call-center-phu-hop-voi-cac-ton | 566:5-linh-vuc-rat-can-dich-vu-call-center-trung | 1967:chien-luoc-mo-rong-ra-thi-truong-nuoc-ngoai-,Cloud Call Center:/lien-he/ | Gcalls Plus Webphone:/gcalls-plus-webphone/,PLANNED_NOT_IMPLEMENTED
654,5 Lợi ích của việc Sử dụng Báo cáo Tổng đài Call Center (Phần cuối),HUB-01,publish,647:4-ly-do-su-dung-tong-dai-ao-call-center-la-c | 588:call-center-la-mot-trai-nghiem-thuong-hieu-t | 1157:cac-phan-mem-call-center-phu-hop-voi-cac-ton | 566:5-linh-vuc-rat-can-dich-vu-call-center-trung,Cloud Call Center:/lien-he/ | Gcalls Plus Webphone:/gcalls-plus-webphone/,PLANNED_NOT_IMPLEMENTED
669,5 Lợi ích của việc Sử dụng Báo cáo Tổng đài Call Center (Phần 1),HUB-01,publish,647:4-ly-do-su-dung-tong-dai-ao-call-center-la-c | 588:call-center-la-mot-trai-nghiem-thuong-hieu-t | 1157:cac-phan-mem-call-center-phu-hop-voi-cac-ton | 566:5-linh-vuc-rat-can-dich-vu-call-center-trung,Cloud Call Center:/lien-he/ | Gcalls Plus Webphone:/gcalls-plus-webphone/,PLANNED_NOT_IMPLEMENTED
676,Làm thế nào để mở rộng một nhóm bán hàng toàn cầu?,HUB-03,publish,1198:ban-hang-inbound-hay-ban-hang-outbound-phan- | 1381:6-buoc-xay-dung-kich-ban-ban-hang-dinh-cao | 1396:cach-goi-dien-thoai-cho-khach-hang-tiem-nang | 1082:top-10-phan-mem-theo-doi-ban-hang-hang-dau-d,Gcalls Plus Webphone:/gcalls-plus-webphone/ | Tổng đài tích hợp CRM:/tong-dai-tich-hop-crm/,PLANNED_NOT_IMPLEMENTED
684,Goals (Mục đích) vs Objectives (Mục tiêu): phân biệt đơn giản,HUB-08,publish,1705:cach-viet-ban-tu-danh-gia-cong-viec-cua-nhan | 15332:dich-vu-voice-brandname-la-gi | 872:cong-nghe-dang-thay-doi-cach-moi-nguoi-lam-v | 16611:9-viec-nen-va-khong-nen-lam-trong-quy-trinh-,Gcalls Plus Webphone:/gcalls-plus-webphone/,PLANNED_NOT_IMPLEMENTED
694,"Tại sao không ""tùy ý"" đưa ý kiến trong content marketing",HUB-08,publish,1705:cach-viet-ban-tu-danh-gia-cong-viec-cua-nhan | 15332:dich-vu-voice-brandname-la-gi | 872:cong-nghe-dang-thay-doi-cach-moi-nguoi-lam-v | 16611:9-viec-nen-va-khong-nen-lam-trong-quy-trinh-,Gcalls Plus Webphone:/gcalls-plus-webphone/,PLANNED_NOT_IMPLEMENTED
826,Cách mạng Công nghiệp 4.0 và lợi ích đối với doanh nghiệp,HUB-08,publish,1705:cach-viet-ban-tu-danh-gia-cong-viec-cua-nhan | 15332:dich-vu-voice-brandname-la-gi | 872:cong-nghe-dang-thay-doi-cach-moi-nguoi-lam-v | 16611:9-viec-nen-va-khong-nen-lam-trong-quy-trinh-,Gcalls Plus Webphone:/gcalls-plus-webphone/,PLANNED_NOT_IMPLEMENTED
861,11 chỉ số đánh giá quan trọng đối với bộ phận Chăm Sóc Khách Hàng,HUB-04,publish,15589:cau-hoi-cham-soc-khach-hang-cu-kich-ban-cskh | 15830:mo-hinh-trai-nghiem-khach-hang-la-gi | 16005:he-thong-cham-soc-khach-hang-loi-ich-va-6-ti | 15306:cham-soc-khach-hang-qua-dien-thoai,Gcalls CX:/gcalls-cx/ | Tổng đài tích hợp Helpdesk:/tong-dai-tich-hop-helpdesk/,PLANNED_NOT_IMPLEMENTED
872,Công nghệ đang thay đổi cách mọi người làm việc từ xa như thế nào?,HUB-08,publish,1705:cach-viet-ban-tu-danh-gia-cong-viec-cua-nhan | 15332:dich-vu-voice-brandname-la-gi | 16611:9-viec-nen-va-khong-nen-lam-trong-quy-trinh- | 14773:best-virtual-phone-system-for-small-medium-b,Gcalls Plus Webphone:/gcalls-plus-webphone/,PLANNED_NOT_IMPLEMENTED
884,Tiếp thị qua điện thoại: 13 mẹo chinh phục khách hàng,HUB-03,publish,1198:ban-hang-inbound-hay-ban-hang-outbound-phan- | 1381:6-buoc-xay-dung-kich-ban-ban-hang-dinh-cao | 1396:cach-goi-dien-thoai-cho-khach-hang-tiem-nang | 1082:top-10-phan-mem-theo-doi-ban-hang-hang-dau-d,Gcalls Plus Webphone:/gcalls-plus-webphone/ | Tổng đài tích hợp CRM:/tong-dai-tich-hop-crm/,PLANNED_NOT_IMPLEMENTED
897,10 công nghệ mà bạn phải có để có thể xây dựng Team làm việc từ xa hiệu quả,HUB-08,publish,1705:cach-viet-ban-tu-danh-gia-cong-viec-cua-nhan | 15332:dich-vu-voice-brandname-la-gi | 872:cong-nghe-dang-thay-doi-cach-moi-nguoi-lam-v | 16611:9-viec-nen-va-khong-nen-lam-trong-quy-trinh-,Gcalls Plus Webphone:/gcalls-plus-webphone/,PLANNED_NOT_IMPLEMENTED
1071,Cách tạo hồ sơ khách hàng lý tưởng cho nhóm khách hàng tiềm năng B2B,HUB-03,publish,1198:ban-hang-inbound-hay-ban-hang-outbound-phan- | 1381:6-buoc-xay-dung-kich-ban-ban-hang-dinh-cao | 1396:cach-goi-dien-thoai-cho-khach-hang-tiem-nang | 1082:top-10-phan-mem-theo-doi-ban-hang-hang-dau-d,Gcalls Plus Webphone:/gcalls-plus-webphone/ | Tổng đài tích hợp CRM:/tong-dai-tich-hop-crm/,PLANNED_NOT_IMPLEMENTED
1082,TOP 10 phần mềm theo dõi bán hàng hàng đầu dành cho doanh nghiệp,HUB-03,publish,1198:ban-hang-inbound-hay-ban-hang-outbound-phan- | 1381:6-buoc-xay-dung-kich-ban-ban-hang-dinh-cao | 1396:cach-goi-dien-thoai-cho-khach-hang-tiem-nang | 1134:9-meo-cold-calling-danh-cho-nhan-vien-ban-ha,Gcalls Plus Webphone:/gcalls-plus-webphone/ | Tổng đài tích hợp CRM:/tong-dai-tich-hop-crm/,PLANNED_NOT_IMPLEMENTED
1102,5 chỉ số đo lường hiệu suất bán hàng quan trọng mà quản lý nên theo dõi,HUB-03,publish,1198:ban-hang-inbound-hay-ban-hang-outbound-phan- | 1381:6-buoc-xay-dung-kich-ban-ban-hang-dinh-cao | 1396:cach-goi-dien-thoai-cho-khach-hang-tiem-nang | 1082:top-10-phan-mem-theo-doi-ban-hang-hang-dau-d,Gcalls Plus Webphone:/gcalls-plus-webphone/ | Tổng đài tích hợp CRM:/tong-dai-tich-hop-crm/,PLANNED_NOT_IMPLEMENTED
1113,9 mẹo Cold Calling dành cho nhân viên bán hàng (Phần 1),HUB-03,publish,1198:ban-hang-inbound-hay-ban-hang-outbound-phan- | 1381:6-buoc-xay-dung-kich-ban-ban-hang-dinh-cao | 1396:cach-goi-dien-thoai-cho-khach-hang-tiem-nang | 1082:top-10-phan-mem-theo-doi-ban-hang-hang-dau-d,Gcalls Plus Webphone:/gcalls-plus-webphone/ | Tổng đài tích hợp CRM:/tong-dai-tich-hop-crm/,PLANNED_NOT_IMPLEMENTED
1134,9 mẹo Cold Calling dành cho nhân viên bán hàng (Phần cuối),HUB-03,publish,1198:ban-hang-inbound-hay-ban-hang-outbound-phan- | 1381:6-buoc-xay-dung-kich-ban-ban-hang-dinh-cao | 1396:cach-goi-dien-thoai-cho-khach-hang-tiem-nang | 1082:top-10-phan-mem-theo-doi-ban-hang-hang-dau-d,Gcalls Plus Webphone:/gcalls-plus-webphone/ | Tổng đài tích hợp CRM:/tong-dai-tich-hop-crm/,PLANNED_NOT_IMPLEMENTED
1157,Phần Mềm Contact Center - Giải Pháp Tổng Đài Chuyên Nghiệp 2023,HUB-01,publish,647:4-ly-do-su-dung-tong-dai-ao-call-center-la-c | 588:call-center-la-mot-trai-nghiem-thuong-hieu-t | 566:5-linh-vuc-rat-can-dich-vu-call-center-trung | 1967:chien-luoc-mo-rong-ra-thi-truong-nuoc-ngoai-,Cloud Call Center:/lien-he/ | Gcalls Plus Webphone:/gcalls-plus-webphone/,PLANNED_NOT_IMPLEMENTED
1187,Bán hàng Inbound hay Outbound - Đâu là phương pháp mà bạn nên quan tâm? (Phần 1),HUB-03,publish,1198:ban-hang-inbound-hay-ban-hang-outbound-phan- | 1381:6-buoc-xay-dung-kich-ban-ban-hang-dinh-cao | 1396:cach-goi-dien-thoai-cho-khach-hang-tiem-nang | 1082:top-10-phan-mem-theo-doi-ban-hang-hang-dau-d,Gcalls Plus Webphone:/gcalls-plus-webphone/ | Tổng đài tích hợp CRM:/tong-dai-tich-hop-crm/,PLANNED_NOT_IMPLEMENTED
1198,Bán hàng Inbound hay Outbound - Đâu là phương pháp mà bạn nên quan tâm? (Phần 2),HUB-03,publish,1381:6-buoc-xay-dung-kich-ban-ban-hang-dinh-cao | 1396:cach-goi-dien-thoai-cho-khach-hang-tiem-nang | 1082:top-10-phan-mem-theo-doi-ban-hang-hang-dau-d | 1134:9-meo-cold-calling-danh-cho-nhan-vien-ban-ha,Gcalls Plus Webphone:/gcalls-plus-webphone/ | Tổng đài tích hợp CRM:/tong-dai-tich-hop-crm/,PLANNED_NOT_IMPLEMENTED
1219,Bán hàng Inbound hay Outbound - Đâu là phương pháp mà bạn nên quan tâm? (Phần 3),HUB-03,publish,1198:ban-hang-inbound-hay-ban-hang-outbound-phan- | 1381:6-buoc-xay-dung-kich-ban-ban-hang-dinh-cao | 1396:cach-goi-dien-thoai-cho-khach-hang-tiem-nang | 1082:top-10-phan-mem-theo-doi-ban-hang-hang-dau-d,Gcalls Plus Webphone:/gcalls-plus-webphone/ | Tổng đài tích hợp CRM:/tong-dai-tich-hop-crm/,PLANNED_NOT_IMPLEMENTED
1231,Tương lai của tổng đài doanh nghiệp: 10 xu hướng nổi bật nhất,HUB-01,publish,647:4-ly-do-su-dung-tong-dai-ao-call-center-la-c | 588:call-center-la-mot-trai-nghiem-thuong-hieu-t | 1157:cac-phan-mem-call-center-phu-hop-voi-cac-ton | 566:5-linh-vuc-rat-can-dich-vu-call-center-trung,Cloud Call Center:/lien-he/ | Gcalls Plus Webphone:/gcalls-plus-webphone/,PLANNED_NOT_IMPLEMENTED
1296,Bí quyết telesales: Nên hay không sử dụng kịch bản cuộc gọi bán hàng?,HUB-03,publish,1198:ban-hang-inbound-hay-ban-hang-outbound-phan- | 1381:6-buoc-xay-dung-kich-ban-ban-hang-dinh-cao | 1396:cach-goi-dien-thoai-cho-khach-hang-tiem-nang | 1082:top-10-phan-mem-theo-doi-ban-hang-hang-dau-d,Gcalls Plus Webphone:/gcalls-plus-webphone/ | Tổng đài tích hợp CRM:/tong-dai-tich-hop-crm/,PLANNED_NOT_IMPLEMENTED
1314,Telesales: Cách tập trung khi gọi điện bán hàng,HUB-03,publish,1198:ban-hang-inbound-hay-ban-hang-outbound-phan- | 1381:6-buoc-xay-dung-kich-ban-ban-hang-dinh-cao | 1396:cach-goi-dien-thoai-cho-khach-hang-tiem-nang | 1082:top-10-phan-mem-theo-doi-ban-hang-hang-dau-d,Gcalls Plus Webphone:/gcalls-plus-webphone/ | Tổng đài tích hợp CRM:/tong-dai-tich-hop-crm/,PLANNED_NOT_IMPLEMENTED
1324,Thế nào là telesales thành công và cách đánh giá cuộc gọi bán hàng?,HUB-03,publish,1198:ban-hang-inbound-hay-ban-hang-outbound-phan- | 1381:6-buoc-xay-dung-kich-ban-ban-hang-dinh-cao | 1396:cach-goi-dien-thoai-cho-khach-hang-tiem-nang | 1082:top-10-phan-mem-theo-doi-ban-hang-hang-dau-d,Gcalls Plus Webphone:/gcalls-plus-webphone/ | Tổng đài tích hợp CRM:/tong-dai-tich-hop-crm/,PLANNED_NOT_IMPLEMENTED
1351,6 cách nhắn tin cho khách hàng đạt hiệu quả trong quy trình bán hàng,HUB-03,publish,1198:ban-hang-inbound-hay-ban-hang-outbound-phan- | 1381:6-buoc-xay-dung-kich-ban-ban-hang-dinh-cao | 1396:cach-goi-dien-thoai-cho-khach-hang-tiem-nang | 1082:top-10-phan-mem-theo-doi-ban-hang-hang-dau-d,Gcalls Plus Webphone:/gcalls-plus-webphone/ | Tổng đài tích hợp CRM:/tong-dai-tich-hop-crm/,PLANNED_NOT_IMPLEMENTED
1368,Phần mềm gọi tự động và lợi ích đối với chiến lược bán hàng,HUB-03,publish,1198:ban-hang-inbound-hay-ban-hang-outbound-phan- | 1381:6-buoc-xay-dung-kich-ban-ban-hang-dinh-cao | 1396:cach-goi-dien-thoai-cho-khach-hang-tiem-nang | 1082:top-10-phan-mem-theo-doi-ban-hang-hang-dau-d,Gcalls Plus Webphone:/gcalls-plus-webphone/ | Tổng đài tích hợp CRM:/tong-dai-tich-hop-crm/,PLANNED_NOT_IMPLEMENTED
1381,6 bước xây dựng kịch bản bán hàng đỉnh cao,HUB-03,publish,1198:ban-hang-inbound-hay-ban-hang-outbound-phan- | 1396:cach-goi-dien-thoai-cho-khach-hang-tiem-nang | 1082:top-10-phan-mem-theo-doi-ban-hang-hang-dau-d | 1134:9-meo-cold-calling-danh-cho-nhan-vien-ban-ha,Gcalls Plus Webphone:/gcalls-plus-webphone/ | Tổng đài tích hợp CRM:/tong-dai-tich-hop-crm/,PLANNED_NOT_IMPLEMENTED
1396,Cách gọi điện thoại cho khách hàng tiềm năng đã mở email,HUB-03,publish,1198:ban-hang-inbound-hay-ban-hang-outbound-phan- | 1381:6-buoc-xay-dung-kich-ban-ban-hang-dinh-cao | 1082:top-10-phan-mem-theo-doi-ban-hang-hang-dau-d | 1134:9-meo-cold-calling-danh-cho-nhan-vien-ban-ha,Gcalls Plus Webphone:/gcalls-plus-webphone/ | Tổng đài tích hợp CRM:/tong-dai-tich-hop-crm/,PLANNED_NOT_IMPLEMENTED
1420,Cách giảm áp lực khi làm telesales,HUB-03,publish,1198:ban-hang-inbound-hay-ban-hang-outbound-phan- | 1381:6-buoc-xay-dung-kich-ban-ban-hang-dinh-cao | 1396:cach-goi-dien-thoai-cho-khach-hang-tiem-nang | 1082:top-10-phan-mem-theo-doi-ban-hang-hang-dau-d,Gcalls Plus Webphone:/gcalls-plus-webphone/ | Tổng đài tích hợp CRM:/tong-dai-tich-hop-crm/,PLANNED_NOT_IMPLEMENTED
1427,Các chỉ số đánh giá phễu bán hàng hiệu quả,HUB-03,publish,1198:ban-hang-inbound-hay-ban-hang-outbound-phan- | 1381:6-buoc-xay-dung-kich-ban-ban-hang-dinh-cao | 1396:cach-goi-dien-thoai-cho-khach-hang-tiem-nang | 1082:top-10-phan-mem-theo-doi-ban-hang-hang-dau-d,Gcalls Plus Webphone:/gcalls-plus-webphone/ | Tổng đài tích hợp CRM:/tong-dai-tich-hop-crm/,PLANNED_NOT_IMPLEMENTED
1440,Tiếp thị qua điện thoại: Hướng dẫn nhanh Cold Calling chuyên nghiệp,HUB-03,publish,1198:ban-hang-inbound-hay-ban-hang-outbound-phan- | 1381:6-buoc-xay-dung-kich-ban-ban-hang-dinh-cao | 1396:cach-goi-dien-thoai-cho-khach-hang-tiem-nang | 1082:top-10-phan-mem-theo-doi-ban-hang-hang-dau-d,Gcalls Plus Webphone:/gcalls-plus-webphone/ | Tổng đài tích hợp CRM:/tong-dai-tich-hop-crm/,PLANNED_NOT_IMPLEMENTED
1454,Hướng dẫn nhân viên bán hàng SaaS xử lý từ chối giao dịch (Phần 1),HUB-03,draft,1198:ban-hang-inbound-hay-ban-hang-outbound-phan- | 1381:6-buoc-xay-dung-kich-ban-ban-hang-dinh-cao | 1396:cach-goi-dien-thoai-cho-khach-hang-tiem-nang | 1082:top-10-phan-mem-theo-doi-ban-hang-hang-dau-d,Gcalls Plus Webphone:/gcalls-plus-webphone/ | Tổng đài tích hợp CRM:/tong-dai-tich-hop-crm/,PLANNED_NOT_IMPLEMENTED
1496,Hướng dẫn nhân viên bán hàng SaaS xử lý từ chối giao dịch (Phần cuối),HUB-03,draft,1198:ban-hang-inbound-hay-ban-hang-outbound-phan- | 1381:6-buoc-xay-dung-kich-ban-ban-hang-dinh-cao | 1396:cach-goi-dien-thoai-cho-khach-hang-tiem-nang | 1082:top-10-phan-mem-theo-doi-ban-hang-hang-dau-d,Gcalls Plus Webphone:/gcalls-plus-webphone/ | Tổng đài tích hợp CRM:/tong-dai-tich-hop-crm/,PLANNED_NOT_IMPLEMENTED
1529,Tiêu chí đánh giá hiệu quả bán hàng,HUB-03,draft,1198:ban-hang-inbound-hay-ban-hang-outbound-phan- | 1381:6-buoc-xay-dung-kich-ban-ban-hang-dinh-cao | 1396:cach-goi-dien-thoai-cho-khach-hang-tiem-nang | 1082:top-10-phan-mem-theo-doi-ban-hang-hang-dau-d,Gcalls Plus Webphone:/gcalls-plus-webphone/ | Tổng đài tích hợp CRM:/tong-dai-tich-hop-crm/,PLANNED_NOT_IMPLEMENTED
1541,Các bước tổ chức một cuộc họp khách hàng chuyên nghiệp,HUB-04,draft,861:11-chi-so-danh-gia-quan-trong-doi-voi-bo-pha | 15589:cau-hoi-cham-soc-khach-hang-cu-kich-ban-cskh | 15830:mo-hinh-trai-nghiem-khach-hang-la-gi | 16005:he-thong-cham-soc-khach-hang-loi-ich-va-6-ti,Gcalls CX:/gcalls-cx/ | Tổng đài tích hợp Helpdesk:/tong-dai-tich-hop-helpdesk/,PLANNED_NOT_IMPLEMENTED
1560,Tiếp thị qua điện thoại: Kỹ năng xử lý từ chối giúp tăng cơ hội bán hàng,HUB-03,publish,1198:ban-hang-inbound-hay-ban-hang-outbound-phan- | 1381:6-buoc-xay-dung-kich-ban-ban-hang-dinh-cao | 1396:cach-goi-dien-thoai-cho-khach-hang-tiem-nang | 1082:top-10-phan-mem-theo-doi-ban-hang-hang-dau-d,Gcalls Plus Webphone:/gcalls-plus-webphone/ | Tổng đài tích hợp CRM:/tong-dai-tich-hop-crm/,PLANNED_NOT_IMPLEMENTED
1591,Giọng nói: Yếu tố quyết định thành công trong tiếp thị qua điện thoại,HUB-03,publish,1198:ban-hang-inbound-hay-ban-hang-outbound-phan- | 1381:6-buoc-xay-dung-kich-ban-ban-hang-dinh-cao | 1396:cach-goi-dien-thoai-cho-khach-hang-tiem-nang | 1082:top-10-phan-mem-theo-doi-ban-hang-hang-dau-d,Gcalls Plus Webphone:/gcalls-plus-webphone/ | Tổng đài tích hợp CRM:/tong-dai-tich-hop-crm/,PLANNED_NOT_IMPLEMENTED
1617,Ebook: Hướng dẫn các bước xử lý tình huống khách hàng phàn nàn,HUB-08,draft,1705:cach-viet-ban-tu-danh-gia-cong-viec-cua-nhan | 15332:dich-vu-voice-brandname-la-gi | 872:cong-nghe-dang-thay-doi-cach-moi-nguoi-lam-v | 16611:9-viec-nen-va-khong-nen-lam-trong-quy-trinh-,Gcalls Plus Webphone:/gcalls-plus-webphone/,PLANNED_NOT_IMPLEMENTED
1705,Cách viết bản tự đánh giá công việc của nhân viên đầy đủ và ấn tượng,HUB-08,publish,15332:dich-vu-voice-brandname-la-gi | 872:cong-nghe-dang-thay-doi-cach-moi-nguoi-lam-v | 16611:9-viec-nen-va-khong-nen-lam-trong-quy-trinh- | 14773:best-virtual-phone-system-for-small-medium-b,Gcalls Plus Webphone:/gcalls-plus-webphone/,PLANNED_NOT_IMPLEMENTED
1805,Bán hàng qua điện thoại: 3 câu hỏi bạn nên tự hỏi bản thân trước khi thực hiện cuộc gọi,HUB-03,publish,1198:ban-hang-inbound-hay-ban-hang-outbound-phan- | 1381:6-buoc-xay-dung-kich-ban-ban-hang-dinh-cao | 1396:cach-goi-dien-thoai-cho-khach-hang-tiem-nang | 1082:top-10-phan-mem-theo-doi-ban-hang-hang-dau-d,Gcalls Plus Webphone:/gcalls-plus-webphone/ | Tổng đài tích hợp CRM:/tong-dai-tich-hop-crm/,PLANNED_NOT_IMPLEMENTED
1817,Cách chiếm được lòng tin của khách hàng kín tiếng,HUB-03,publish,1198:ban-hang-inbound-hay-ban-hang-outbound-phan- | 1381:6-buoc-xay-dung-kich-ban-ban-hang-dinh-cao | 1396:cach-goi-dien-thoai-cho-khach-hang-tiem-nang | 1082:top-10-phan-mem-theo-doi-ban-hang-hang-dau-d,Gcalls Plus Webphone:/gcalls-plus-webphone/ | Tổng đài tích hợp CRM:/tong-dai-tich-hop-crm/,PLANNED_NOT_IMPLEMENTED
1828,Cải thiện trải nghiệm khách hàng tại Call Center bằng biểu mẫu chấm điểm đánh giá cuộc gọi,HUB-01,publish,647:4-ly-do-su-dung-tong-dai-ao-call-center-la-c | 588:call-center-la-mot-trai-nghiem-thuong-hieu-t | 1157:cac-phan-mem-call-center-phu-hop-voi-cac-ton | 566:5-linh-vuc-rat-can-dich-vu-call-center-trung,Cloud Call Center:/lien-he/ | Gcalls Plus Webphone:/gcalls-plus-webphone/,PLANNED_NOT_IMPLEMENTED
1967,Chiến lược mở rộng ra thị trường nước quốc tế,HUB-01,publish,647:4-ly-do-su-dung-tong-dai-ao-call-center-la-c | 588:call-center-la-mot-trai-nghiem-thuong-hieu-t | 1157:cac-phan-mem-call-center-phu-hop-voi-cac-ton | 566:5-linh-vuc-rat-can-dich-vu-call-center-trung,Cloud Call Center:/lien-he/ | Gcalls Plus Webphone:/gcalls-plus-webphone/,PLANNED_NOT_IMPLEMENTED
1968,Tổng đài quốc tế: Mở rộng thị trường dễ dàng với phần mềm Call Center kết nối số nước ngoài,HUB-01,publish,647:4-ly-do-su-dung-tong-dai-ao-call-center-la-c | 588:call-center-la-mot-trai-nghiem-thuong-hieu-t | 1157:cac-phan-mem-call-center-phu-hop-voi-cac-ton | 566:5-linh-vuc-rat-can-dich-vu-call-center-trung,Cloud Call Center:/lien-he/ | Gcalls Plus Webphone:/gcalls-plus-webphone/,PLANNED_NOT_IMPLEMENTED
2167,Mẫu bảng đánh giá nhân viên bán hàng mới nhất,HUB-03,draft,1198:ban-hang-inbound-hay-ban-hang-outbound-phan- | 1381:6-buoc-xay-dung-kich-ban-ban-hang-dinh-cao | 1396:cach-goi-dien-thoai-cho-khach-hang-tiem-nang | 1082:top-10-phan-mem-theo-doi-ban-hang-hang-dau-d,Gcalls Plus Webphone:/gcalls-plus-webphone/ | Tổng đài tích hợp CRM:/tong-dai-tich-hop-crm/,PLANNED_NOT_IMPLEMENTED
2200,Lead qualification: Cách đánh giá khách hàng tiềm năng hiệu quả,HUB-03,draft,1198:ban-hang-inbound-hay-ban-hang-outbound-phan- | 1381:6-buoc-xay-dung-kich-ban-ban-hang-dinh-cao | 1396:cach-goi-dien-thoai-cho-khach-hang-tiem-nang | 1082:top-10-phan-mem-theo-doi-ban-hang-hang-dau-d,Gcalls Plus Webphone:/gcalls-plus-webphone/ | Tổng đài tích hợp CRM:/tong-dai-tich-hop-crm/,PLANNED_NOT_IMPLEMENTED
2244,Làm gì để mở rộng đội ngũ hỗ trợ khách hàng mà không hi sinh chất lượng dịch vụ?,HUB-04,draft,861:11-chi-so-danh-gia-quan-trong-doi-voi-bo-pha | 15589:cau-hoi-cham-soc-khach-hang-cu-kich-ban-cskh | 15830:mo-hinh-trai-nghiem-khach-hang-la-gi | 16005:he-thong-cham-soc-khach-hang-loi-ich-va-6-ti,Gcalls CX:/gcalls-cx/ | Tổng đài tích hợp Helpdesk:/tong-dai-tich-hop-helpdesk/,PLANNED_NOT_IMPLEMENTED
2261,Cách tính giá trị vòng đời khách hàng CLV của doanh nghiệp,HUB-04,draft,861:11-chi-so-danh-gia-quan-trong-doi-voi-bo-pha | 15589:cau-hoi-cham-soc-khach-hang-cu-kich-ban-cskh | 15830:mo-hinh-trai-nghiem-khach-hang-la-gi | 16005:he-thong-cham-soc-khach-hang-loi-ich-va-6-ti,Gcalls CX:/gcalls-cx/ | Tổng đài tích hợp Helpdesk:/tong-dai-tich-hop-helpdesk/,PLANNED_NOT_IMPLEMENTED
2400,Hướng dẫn đo lường kết quả khảo sát sự hài lòng của khách hàng,HUB-04,draft,861:11-chi-so-danh-gia-quan-trong-doi-voi-bo-pha | 15589:cau-hoi-cham-soc-khach-hang-cu-kich-ban-cskh | 15830:mo-hinh-trai-nghiem-khach-hang-la-gi | 16005:he-thong-cham-soc-khach-hang-loi-ich-va-6-ti,Gcalls CX:/gcalls-cx/ | Tổng đài tích hợp Helpdesk:/tong-dai-tich-hop-helpdesk/,PLANNED_NOT_IMPLEMENTED
2425,Hướng dẫn tuyển dụng nhân sự cho bộ phận Hỗ trợ khách hàng,HUB-04,draft,861:11-chi-so-danh-gia-quan-trong-doi-voi-bo-pha | 15589:cau-hoi-cham-soc-khach-hang-cu-kich-ban-cskh | 15830:mo-hinh-trai-nghiem-khach-hang-la-gi | 16005:he-thong-cham-soc-khach-hang-loi-ich-va-6-ti,Gcalls CX:/gcalls-cx/ | Tổng đài tích hợp Helpdesk:/tong-dai-tich-hop-helpdesk/,PLANNED_NOT_IMPLEMENTED
2437,16 công cụ tạo phiếu yêu cầu hỗ trợ ticket cho bộ phận Dịch vụ khách hàng,HUB-02,private,15743:dong-bo-hoa-du-lieu-la-gi-tai-sao-nen-dong-b | 15384:salesforce-marketing-cloud-la-gi-tim-hieu-th | 15380:so-sanh-salesforce-crm-va-cac-phan-mem-khac | 15314:salesforce-la-gi-nhung-thong-tin-quan-trong-,Tổng đài tích hợp CRM:/tong-dai-tich-hop-crm/ | Tổng đài tích hợp Helpdesk:/tong-dai-tich-hop-helpdesk/,PLANNED_NOT_IMPLEMENTED
2449,Hướng dẫn tính toán và cải thiện chỉ số CAC cho doanh nghiệp năm 2022,HUB-04,draft,861:11-chi-so-danh-gia-quan-trong-doi-voi-bo-pha | 15589:cau-hoi-cham-soc-khach-hang-cu-kich-ban-cskh | 15830:mo-hinh-trai-nghiem-khach-hang-la-gi | 16005:he-thong-cham-soc-khach-hang-loi-ich-va-6-ti,Gcalls CX:/gcalls-cx/ | Tổng đài tích hợp Helpdesk:/tong-dai-tich-hop-helpdesk/,PLANNED_NOT_IMPLEMENTED
2462,Tại sao tỷ lệ giữ chân khách hàng lại quan trọng đối với doanh nghiệp?,HUB-04,draft,861:11-chi-so-danh-gia-quan-trong-doi-voi-bo-pha | 15589:cau-hoi-cham-soc-khach-hang-cu-kich-ban-cskh | 15830:mo-hinh-trai-nghiem-khach-hang-la-gi | 16005:he-thong-cham-soc-khach-hang-loi-ich-va-6-ti,Gcalls CX:/gcalls-cx/ | Tổng đài tích hợp Helpdesk:/tong-dai-tich-hop-helpdesk/,PLANNED_NOT_IMPLEMENTED
2472,Chỉ số CES là gì và khi nào nên sử dụng khảo sát CES?,HUB-04,draft,861:11-chi-so-danh-gia-quan-trong-doi-voi-bo-pha | 15589:cau-hoi-cham-soc-khach-hang-cu-kich-ban-cskh | 15830:mo-hinh-trai-nghiem-khach-hang-la-gi | 16005:he-thong-cham-soc-khach-hang-loi-ich-va-6-ti,Gcalls CX:/gcalls-cx/ | Tổng đài tích hợp Helpdesk:/tong-dai-tich-hop-helpdesk/,PLANNED_NOT_IMPLEMENTED
2486,Chỉ số NPS là gì và tại sao nó lại quan trọng đối với doanh nghiệp?,HUB-04,draft,861:11-chi-so-danh-gia-quan-trong-doi-voi-bo-pha | 15589:cau-hoi-cham-soc-khach-hang-cu-kich-ban-cskh | 15830:mo-hinh-trai-nghiem-khach-hang-la-gi | 16005:he-thong-cham-soc-khach-hang-loi-ich-va-6-ti,Gcalls CX:/gcalls-cx/ | Tổng đài tích hợp Helpdesk:/tong-dai-tich-hop-helpdesk/,PLANNED_NOT_IMPLEMENTED
2495,19 ví dụ về khảo sát sự hài lòng của khách hàng và các khảo sát mẫu,HUB-04,draft,861:11-chi-so-danh-gia-quan-trong-doi-voi-bo-pha | 15589:cau-hoi-cham-soc-khach-hang-cu-kich-ban-cskh | 15830:mo-hinh-trai-nghiem-khach-hang-la-gi | 16005:he-thong-cham-soc-khach-hang-loi-ich-va-6-ti,Gcalls CX:/gcalls-cx/ | Tổng đài tích hợp Helpdesk:/tong-dai-tich-hop-helpdesk/,PLANNED_NOT_IMPLEMENTED
2539,Chỉ số CSAT là gì và cách đo lường chỉ số này trong dịch vụ khách hàng?,HUB-04,draft,861:11-chi-so-danh-gia-quan-trong-doi-voi-bo-pha | 15589:cau-hoi-cham-soc-khach-hang-cu-kich-ban-cskh | 15830:mo-hinh-trai-nghiem-khach-hang-la-gi | 16005:he-thong-cham-soc-khach-hang-loi-ich-va-6-ti,Gcalls CX:/gcalls-cx/ | Tổng đài tích hợp Helpdesk:/tong-dai-tich-hop-helpdesk/,PLANNED_NOT_IMPLEMENTED
2584,Phần mềm Getfly: Tính năng và ứng dụng của phần mềm CRM “gốc Việt”,HUB-02,draft,15743:dong-bo-hoa-du-lieu-la-gi-tai-sao-nen-dong-b | 15384:salesforce-marketing-cloud-la-gi-tim-hieu-th | 15380:so-sanh-salesforce-crm-va-cac-phan-mem-khac | 15314:salesforce-la-gi-nhung-thong-tin-quan-trong-,Tổng đài tích hợp CRM:/tong-dai-tich-hop-crm/ | Tổng đài tích hợp Helpdesk:/tong-dai-tich-hop-helpdesk/,PLANNED_NOT_IMPLEMENTED
2621,Ưu và nhược điểm của các giải pháp trong  phần mềm CRM HubSpot,HUB-02,draft,15743:dong-bo-hoa-du-lieu-la-gi-tai-sao-nen-dong-b | 15384:salesforce-marketing-cloud-la-gi-tim-hieu-th | 15380:so-sanh-salesforce-crm-va-cac-phan-mem-khac | 15314:salesforce-la-gi-nhung-thong-tin-quan-trong-,Tổng đài tích hợp CRM:/tong-dai-tich-hop-crm/ | Tổng đài tích hợp Helpdesk:/tong-dai-tich-hop-helpdesk/,PLANNED_NOT_IMPLEMENTED
2641,Phần mềm Bitrix24 - Các tính năng nổi bật và lý do nên lựa chọn Bitrix24,HUB-08,draft,1705:cach-viet-ban-tu-danh-gia-cong-viec-cua-nhan | 15332:dich-vu-voice-brandname-la-gi | 872:cong-nghe-dang-thay-doi-cach-moi-nguoi-lam-v | 16611:9-viec-nen-va-khong-nen-lam-trong-quy-trinh-,Gcalls Plus Webphone:/gcalls-plus-webphone/,PLANNED_NOT_IMPLEMENTED
2665,Chiến lược khách hàng trung tâm (Customer-Centric) cho doanh nghiệp,HUB-04,draft,861:11-chi-so-danh-gia-quan-trong-doi-voi-bo-pha | 15589:cau-hoi-cham-soc-khach-hang-cu-kich-ban-cskh | 15830:mo-hinh-trai-nghiem-khach-hang-la-gi | 16005:he-thong-cham-soc-khach-hang-loi-ich-va-6-ti,Gcalls CX:/gcalls-cx/ | Tổng đài tích hợp Helpdesk:/tong-dai-tich-hop-helpdesk/,PLANNED_NOT_IMPLEMENTED
2684,Đội ngũ bán hàng nên quay lại văn phòng hay làm việc từ xa sau đại dịch?,HUB-03,draft,1198:ban-hang-inbound-hay-ban-hang-outbound-phan- | 1381:6-buoc-xay-dung-kich-ban-ban-hang-dinh-cao | 1396:cach-goi-dien-thoai-cho-khach-hang-tiem-nang | 1082:top-10-phan-mem-theo-doi-ban-hang-hang-dau-d,Gcalls Plus Webphone:/gcalls-plus-webphone/ | Tổng đài tích hợp CRM:/tong-dai-tich-hop-crm/,PLANNED_NOT_IMPLEMENTED
2695,10 điều không nên nói trong một cuộc gọi chăm sóc khách hàng,HUB-04,draft,861:11-chi-so-danh-gia-quan-trong-doi-voi-bo-pha | 15589:cau-hoi-cham-soc-khach-hang-cu-kich-ban-cskh | 15830:mo-hinh-trai-nghiem-khach-hang-la-gi | 16005:he-thong-cham-soc-khach-hang-loi-ich-va-6-ti,Gcalls CX:/gcalls-cx/ | Tổng đài tích hợp Helpdesk:/tong-dai-tich-hop-helpdesk/,PLANNED_NOT_IMPLEMENTED
2704,Hướng dẫn tạo biểu mẫu chấm điểm đánh giá cuộc gọi tại Call Center,HUB-01,draft,647:4-ly-do-su-dung-tong-dai-ao-call-center-la-c | 588:call-center-la-mot-trai-nghiem-thuong-hieu-t | 1157:cac-phan-mem-call-center-phu-hop-voi-cac-ton | 566:5-linh-vuc-rat-can-dich-vu-call-center-trung,Cloud Call Center:/lien-he/ | Gcalls Plus Webphone:/gcalls-plus-webphone/,PLANNED_NOT_IMPLEMENTED
2715,Hướng dẫn tuyển dụng nhân viên hỗ trợ cho bộ phận dịch vụ khách hàng,HUB-04,draft,861:11-chi-so-danh-gia-quan-trong-doi-voi-bo-pha | 15589:cau-hoi-cham-soc-khach-hang-cu-kich-ban-cskh | 15830:mo-hinh-trai-nghiem-khach-hang-la-gi | 16005:he-thong-cham-soc-khach-hang-loi-ich-va-6-ti,Gcalls CX:/gcalls-cx/ | Tổng đài tích hợp Helpdesk:/tong-dai-tich-hop-helpdesk/,PLANNED_NOT_IMPLEMENTED
2738,Tại sao phàn nàn của khách hàng lại có ích cho doanh nghiệp của bạn?,HUB-04,draft,861:11-chi-so-danh-gia-quan-trong-doi-voi-bo-pha | 15589:cau-hoi-cham-soc-khach-hang-cu-kich-ban-cskh | 15830:mo-hinh-trai-nghiem-khach-hang-la-gi | 16005:he-thong-cham-soc-khach-hang-loi-ich-va-6-ti,Gcalls CX:/gcalls-cx/ | Tổng đài tích hợp Helpdesk:/tong-dai-tich-hop-helpdesk/,PLANNED_NOT_IMPLEMENTED
2752,Khách hàng tự phục vụ và ví dụ về các cổng thông tin tự phục vụ tốt nhất,HUB-04,draft,861:11-chi-so-danh-gia-quan-trong-doi-voi-bo-pha | 15589:cau-hoi-cham-soc-khach-hang-cu-kich-ban-cskh | 15830:mo-hinh-trai-nghiem-khach-hang-la-gi | 16005:he-thong-cham-soc-khach-hang-loi-ich-va-6-ti,Gcalls CX:/gcalls-cx/ | Tổng đài tích hợp Helpdesk:/tong-dai-tich-hop-helpdesk/,PLANNED_NOT_IMPLEMENTED
2761,Làm thế nào để kết nối 2 bộ phận bán hàng và dịch vụ khách hàng?,HUB-03,draft,1198:ban-hang-inbound-hay-ban-hang-outbound-phan- | 1381:6-buoc-xay-dung-kich-ban-ban-hang-dinh-cao | 1396:cach-goi-dien-thoai-cho-khach-hang-tiem-nang | 1082:top-10-phan-mem-theo-doi-ban-hang-hang-dau-d,Gcalls Plus Webphone:/gcalls-plus-webphone/ | Tổng đài tích hợp CRM:/tong-dai-tich-hop-crm/,PLANNED_NOT_IMPLEMENTED
2768,Call Center: Điểm khác biệt giữa On-Premises và Cloud Call Center (Phần 1),HUB-01,publish,647:4-ly-do-su-dung-tong-dai-ao-call-center-la-c | 588:call-center-la-mot-trai-nghiem-thuong-hieu-t | 1157:cac-phan-mem-call-center-phu-hop-voi-cac-ton | 566:5-linh-vuc-rat-can-dich-vu-call-center-trung,Cloud Call Center:/lien-he/ | Gcalls Plus Webphone:/gcalls-plus-webphone/,PLANNED_NOT_IMPLEMENTED
2784,18 lợi ích mà giải pháp tích hợp điện thoại máy tính đem đến cho Call Center,HUB-01,publish,647:4-ly-do-su-dung-tong-dai-ao-call-center-la-c | 588:call-center-la-mot-trai-nghiem-thuong-hieu-t | 1157:cac-phan-mem-call-center-phu-hop-voi-cac-ton | 566:5-linh-vuc-rat-can-dich-vu-call-center-trung,Cloud Call Center:/lien-he/ | Gcalls Plus Webphone:/gcalls-plus-webphone/,PLANNED_NOT_IMPLEMENTED
2811,Call Center: Điểm khác biệt giữa On-Premises và Cloud Call Center (Phần cuối),HUB-01,publish,647:4-ly-do-su-dung-tong-dai-ao-call-center-la-c | 588:call-center-la-mot-trai-nghiem-thuong-hieu-t | 1157:cac-phan-mem-call-center-phu-hop-voi-cac-ton | 566:5-linh-vuc-rat-can-dich-vu-call-center-trung,Cloud Call Center:/lien-he/ | Gcalls Plus Webphone:/gcalls-plus-webphone/,PLANNED_NOT_IMPLEMENTED
2819,"Ưu, nhược điểm của phần mềm quản lý quan hệ khách hàng Zoho CRM",HUB-02,draft,15743:dong-bo-hoa-du-lieu-la-gi-tai-sao-nen-dong-b | 15384:salesforce-marketing-cloud-la-gi-tim-hieu-th | 15380:so-sanh-salesforce-crm-va-cac-phan-mem-khac | 15314:salesforce-la-gi-nhung-thong-tin-quan-trong-,Tổng đài tích hợp CRM:/tong-dai-tich-hop-crm/ | Tổng đài tích hợp Helpdesk:/tong-dai-tich-hop-helpdesk/,PLANNED_NOT_IMPLEMENTED
2835,Liệu Salesforce có phải là phần mềm CRM tốt nhất trên thị trường?,HUB-02,draft,15743:dong-bo-hoa-du-lieu-la-gi-tai-sao-nen-dong-b | 15384:salesforce-marketing-cloud-la-gi-tim-hieu-th | 15380:so-sanh-salesforce-crm-va-cac-phan-mem-khac | 15314:salesforce-la-gi-nhung-thong-tin-quan-trong-,Tổng đài tích hợp CRM:/tong-dai-tich-hop-crm/ | Tổng đài tích hợp Helpdesk:/tong-dai-tich-hop-helpdesk/,PLANNED_NOT_IMPLEMENTED
2850,Ưu và nhược điểm của Zendesk: Đâu là phần mềm help desk tốt nhất?,HUB-02,draft,15743:dong-bo-hoa-du-lieu-la-gi-tai-sao-nen-dong-b | 15384:salesforce-marketing-cloud-la-gi-tim-hieu-th | 15380:so-sanh-salesforce-crm-va-cac-phan-mem-khac | 15314:salesforce-la-gi-nhung-thong-tin-quan-trong-,Tổng đài tích hợp CRM:/tong-dai-tich-hop-crm/ | Tổng đài tích hợp Helpdesk:/tong-dai-tich-hop-helpdesk/,PLANNED_NOT_IMPLEMENTED
2864,Phần mềm Pancake POS: Tính năng và những ưu nhược điểm cần biết,HUB-08,draft,1705:cach-viet-ban-tu-danh-gia-cong-viec-cua-nhan | 15332:dich-vu-voice-brandname-la-gi | 872:cong-nghe-dang-thay-doi-cach-moi-nguoi-lam-v | 16611:9-viec-nen-va-khong-nen-lam-trong-quy-trinh-,Gcalls Plus Webphone:/gcalls-plus-webphone/,PLANNED_NOT_IMPLEMENTED
2883,Sapo POS là gì? Phần mềm Sapo POS có tốt không?,HUB-08,draft,1705:cach-viet-ban-tu-danh-gia-cong-viec-cua-nhan | 15332:dich-vu-voice-brandname-la-gi | 872:cong-nghe-dang-thay-doi-cach-moi-nguoi-lam-v | 16611:9-viec-nen-va-khong-nen-lam-trong-quy-trinh-,Gcalls Plus Webphone:/gcalls-plus-webphone/,PLANNED_NOT_IMPLEMENTED
2904,"Tại sao nói: “Phản hồi của khách hàng của bạn vẫn còn quan trọng đối với doanh nghiệp?""",HUB-04,draft,861:11-chi-so-danh-gia-quan-trong-doi-voi-bo-pha | 15589:cau-hoi-cham-soc-khach-hang-cu-kich-ban-cskh | 15830:mo-hinh-trai-nghiem-khach-hang-la-gi | 16005:he-thong-cham-soc-khach-hang-loi-ich-va-6-ti,Gcalls CX:/gcalls-cx/ | Tổng đài tích hợp Helpdesk:/tong-dai-tich-hop-helpdesk/,PLANNED_NOT_IMPLEMENTED
2920,36 mẹo telesales để bán hàng thành công năm 2021 (PHẦN 1),HUB-03,draft,1198:ban-hang-inbound-hay-ban-hang-outbound-phan- | 1381:6-buoc-xay-dung-kich-ban-ban-hang-dinh-cao | 1396:cach-goi-dien-thoai-cho-khach-hang-tiem-nang | 1082:top-10-phan-mem-theo-doi-ban-hang-hang-dau-d,Gcalls Plus Webphone:/gcalls-plus-webphone/ | Tổng đài tích hợp CRM:/tong-dai-tich-hop-crm/,PLANNED_NOT_IMPLEMENTED
2930,36 Mẹo telesales để bán hàng thành công năm 2021 (PHẦN CUỐI),HUB-03,draft,1198:ban-hang-inbound-hay-ban-hang-outbound-phan- | 1381:6-buoc-xay-dung-kich-ban-ban-hang-dinh-cao | 1396:cach-goi-dien-thoai-cho-khach-hang-tiem-nang | 1082:top-10-phan-mem-theo-doi-ban-hang-hang-dau-d,Gcalls Plus Webphone:/gcalls-plus-webphone/ | Tổng đài tích hợp CRM:/tong-dai-tich-hop-crm/,PLANNED_NOT_IMPLEMENTED
2958,Bán hàng qua điện thoại: Làm gì nếu khách hàng nói không có thời gian?,HUB-03,publish,1198:ban-hang-inbound-hay-ban-hang-outbound-phan- | 1381:6-buoc-xay-dung-kich-ban-ban-hang-dinh-cao | 1396:cach-goi-dien-thoai-cho-khach-hang-tiem-nang | 1082:top-10-phan-mem-theo-doi-ban-hang-hang-dau-d,Gcalls Plus Webphone:/gcalls-plus-webphone/ | Tổng đài tích hợp CRM:/tong-dai-tich-hop-crm/,PLANNED_NOT_IMPLEMENTED
9980,Tai nghe EPOS Sennheiser 30 USB CTRL,HUB-08,publish,1705:cach-viet-ban-tu-danh-gia-cong-viec-cua-nhan | 15332:dich-vu-voice-brandname-la-gi | 872:cong-nghe-dang-thay-doi-cach-moi-nguoi-lam-v | 16611:9-viec-nen-va-khong-nen-lam-trong-quy-trinh-,Gcalls Plus Webphone:/gcalls-plus-webphone/,PLANNED_NOT_IMPLEMENTED
9991,Tai nghe EPOS Sennheiser SC 60 USB CTRL,HUB-08,publish,1705:cach-viet-ban-tu-danh-gia-cong-viec-cua-nhan | 15332:dich-vu-voice-brandname-la-gi | 872:cong-nghe-dang-thay-doi-cach-moi-nguoi-lam-v | 16611:9-viec-nen-va-khong-nen-lam-trong-quy-trinh-,Gcalls Plus Webphone:/gcalls-plus-webphone/,PLANNED_NOT_IMPLEMENTED
9992,Tai nghe Jabra Biz 1100QD Mono,HUB-08,publish,1705:cach-viet-ban-tu-danh-gia-cong-viec-cua-nhan | 15332:dich-vu-voice-brandname-la-gi | 872:cong-nghe-dang-thay-doi-cach-moi-nguoi-lam-v | 16611:9-viec-nen-va-khong-nen-lam-trong-quy-trinh-,Gcalls Plus Webphone:/gcalls-plus-webphone/,PLANNED_NOT_IMPLEMENTED
9993,Tai Nghe Jabra Biz 1100 QD Duo,HUB-08,publish,1705:cach-viet-ban-tu-danh-gia-cong-viec-cua-nhan | 15332:dich-vu-voice-brandname-la-gi | 872:cong-nghe-dang-thay-doi-cach-moi-nguoi-lam-v | 16611:9-viec-nen-va-khong-nen-lam-trong-quy-trinh-,Gcalls Plus Webphone:/gcalls-plus-webphone/,PLANNED_NOT_IMPLEMENTED
9994,Tai nghe Jabra Biz 1100 USB Mono,HUB-08,publish,1705:cach-viet-ban-tu-danh-gia-cong-viec-cua-nhan | 15332:dich-vu-voice-brandname-la-gi | 872:cong-nghe-dang-thay-doi-cach-moi-nguoi-lam-v | 16611:9-viec-nen-va-khong-nen-lam-trong-quy-trinh-,Gcalls Plus Webphone:/gcalls-plus-webphone/,PLANNED_NOT_IMPLEMENTED
9995,Tai nghe Jabra Biz 1100 USB Duo,HUB-08,publish,1705:cach-viet-ban-tu-danh-gia-cong-viec-cua-nhan | 15332:dich-vu-voice-brandname-la-gi | 872:cong-nghe-dang-thay-doi-cach-moi-nguoi-lam-v | 16611:9-viec-nen-va-khong-nen-lam-trong-quy-trinh-,Gcalls Plus Webphone:/gcalls-plus-webphone/,PLANNED_NOT_IMPLEMENTED
9996,Tai nghe Logitech H340,HUB-08,publish,1705:cach-viet-ban-tu-danh-gia-cong-viec-cua-nhan | 15332:dich-vu-voice-brandname-la-gi | 872:cong-nghe-dang-thay-doi-cach-moi-nguoi-lam-v | 16611:9-viec-nen-va-khong-nen-lam-trong-quy-trinh-,Gcalls Plus Webphone:/gcalls-plus-webphone/,PLANNED_NOT_IMPLEMENTED
10727,9 quy tắc giao tiếp qua điện thoại với khách hàng mà tổng đài viên cần biết,HUB-01,draft,647:4-ly-do-su-dung-tong-dai-ao-call-center-la-c | 588:call-center-la-mot-trai-nghiem-thuong-hieu-t | 1157:cac-phan-mem-call-center-phu-hop-voi-cac-ton | 566:5-linh-vuc-rat-can-dich-vu-call-center-trung,Cloud Call Center:/lien-he/ | Gcalls Plus Webphone:/gcalls-plus-webphone/,PLANNED_NOT_IMPLEMENTED
10728,Dịch vụ khách hàng chủ động: Chiến lược và giá trị đối với doanh nghiệp,HUB-04,draft,861:11-chi-so-danh-gia-quan-trong-doi-voi-bo-pha | 15589:cau-hoi-cham-soc-khach-hang-cu-kich-ban-cskh | 15830:mo-hinh-trai-nghiem-khach-hang-la-gi | 16005:he-thong-cham-soc-khach-hang-loi-ich-va-6-ti,Gcalls CX:/gcalls-cx/ | Tổng đài tích hợp Helpdesk:/tong-dai-tich-hop-helpdesk/,PLANNED_NOT_IMPLEMENTED
10729,Làm gì để tạo cuộc khảo sát về mức độ hài lòng của khách hàng hiệu quả?,HUB-04,draft,861:11-chi-so-danh-gia-quan-trong-doi-voi-bo-pha | 15589:cau-hoi-cham-soc-khach-hang-cu-kich-ban-cskh | 15830:mo-hinh-trai-nghiem-khach-hang-la-gi | 16005:he-thong-cham-soc-khach-hang-loi-ich-va-6-ti,Gcalls CX:/gcalls-cx/ | Tổng đài tích hợp Helpdesk:/tong-dai-tich-hop-helpdesk/,PLANNED_NOT_IMPLEMENTED
10730,Hướng dẫn các bước xử lý tình huống khách hàng phàn nàn,HUB-04,draft,861:11-chi-so-danh-gia-quan-trong-doi-voi-bo-pha | 15589:cau-hoi-cham-soc-khach-hang-cu-kich-ban-cskh | 15830:mo-hinh-trai-nghiem-khach-hang-la-gi | 16005:he-thong-cham-soc-khach-hang-loi-ich-va-6-ti,Gcalls CX:/gcalls-cx/ | Tổng đài tích hợp Helpdesk:/tong-dai-tich-hop-helpdesk/,PLANNED_NOT_IMPLEMENTED
10731,Khách hàng tự phục vụ và các ví dụ về loại hình trang web self-service,HUB-04,draft,861:11-chi-so-danh-gia-quan-trong-doi-voi-bo-pha | 15589:cau-hoi-cham-soc-khach-hang-cu-kich-ban-cskh | 15830:mo-hinh-trai-nghiem-khach-hang-la-gi | 16005:he-thong-cham-soc-khach-hang-loi-ich-va-6-ti,Gcalls CX:/gcalls-cx/ | Tổng đài tích hợp Helpdesk:/tong-dai-tich-hop-helpdesk/,PLANNED_NOT_IMPLEMENTED
10732,Ebook: Bí quyết telesales hiệu quả,HUB-03,draft,1198:ban-hang-inbound-hay-ban-hang-outbound-phan- | 1381:6-buoc-xay-dung-kich-ban-ban-hang-dinh-cao | 1396:cach-goi-dien-thoai-cho-khach-hang-tiem-nang | 1082:top-10-phan-mem-theo-doi-ban-hang-hang-dau-d,Gcalls Plus Webphone:/gcalls-plus-webphone/ | Tổng đài tích hợp CRM:/tong-dai-tich-hop-crm/,PLANNED_NOT_IMPLEMENTED
10733,Cuộc gọi tiếp thị qua điện thoại là gì và cách thực hiện cuộc gọi hiệu quả?,HUB-01,publish,647:4-ly-do-su-dung-tong-dai-ao-call-center-la-c | 588:call-center-la-mot-trai-nghiem-thuong-hieu-t | 1157:cac-phan-mem-call-center-phu-hop-voi-cac-ton | 566:5-linh-vuc-rat-can-dich-vu-call-center-trung,Cloud Call Center:/lien-he/ | Gcalls Plus Webphone:/gcalls-plus-webphone/,PLANNED_NOT_IMPLEMENTED
10734,Cách tiếp thị qua điện thoại hiệu quả xử lý 3 lời từ chối cuộc gọi chào hàng,HUB-01,publish,647:4-ly-do-su-dung-tong-dai-ao-call-center-la-c | 588:call-center-la-mot-trai-nghiem-thuong-hieu-t | 1157:cac-phan-mem-call-center-phu-hop-voi-cac-ton | 566:5-linh-vuc-rat-can-dich-vu-call-center-trung,Cloud Call Center:/lien-he/ | Gcalls Plus Webphone:/gcalls-plus-webphone/,PLANNED_NOT_IMPLEMENTED
10740,Bộ câu hỏi phỏng vấn chuyên viên Telemarketing và Telesales,HUB-03,publish,1198:ban-hang-inbound-hay-ban-hang-outbound-phan- | 1381:6-buoc-xay-dung-kich-ban-ban-hang-dinh-cao | 1396:cach-goi-dien-thoai-cho-khach-hang-tiem-nang | 1082:top-10-phan-mem-theo-doi-ban-hang-hang-dau-d,Gcalls Plus Webphone:/gcalls-plus-webphone/ | Tổng đài tích hợp CRM:/tong-dai-tich-hop-crm/,PLANNED_NOT_IMPLEMENTED
10741,8 lời khuyên dành cho nhà quản lý Call Center,HUB-08,publish,1705:cach-viet-ban-tu-danh-gia-cong-viec-cua-nhan | 15332:dich-vu-voice-brandname-la-gi | 872:cong-nghe-dang-thay-doi-cach-moi-nguoi-lam-v | 16611:9-viec-nen-va-khong-nen-lam-trong-quy-trinh-,Gcalls Plus Webphone:/gcalls-plus-webphone/,PLANNED_NOT_IMPLEMENTED
10742,Quyết toán thuế TNCN - Doanh nghiệp và người lao động cần biết,HUB-08,publish,1705:cach-viet-ban-tu-danh-gia-cong-viec-cua-nhan | 15332:dich-vu-voice-brandname-la-gi | 872:cong-nghe-dang-thay-doi-cach-moi-nguoi-lam-v | 16611:9-viec-nen-va-khong-nen-lam-trong-quy-trinh-,Gcalls Plus Webphone:/gcalls-plus-webphone/,PLANNED_NOT_IMPLEMENTED
10743,Hướng dẫn nhân viên tư vấn bán hàng cách xử lý khách hàng nóng tính,HUB-03,draft,1198:ban-hang-inbound-hay-ban-hang-outbound-phan- | 1381:6-buoc-xay-dung-kich-ban-ban-hang-dinh-cao | 1396:cach-goi-dien-thoai-cho-khach-hang-tiem-nang | 1082:top-10-phan-mem-theo-doi-ban-hang-hang-dau-d,Gcalls Plus Webphone:/gcalls-plus-webphone/ | Tổng đài tích hợp CRM:/tong-dai-tich-hop-crm/,PLANNED_NOT_IMPLEMENTED
10745,Xây dựng chiến lược email follow-up giúp bán hàng hiệu quả (Phần 1),HUB-03,publish,1198:ban-hang-inbound-hay-ban-hang-outbound-phan- | 1381:6-buoc-xay-dung-kich-ban-ban-hang-dinh-cao | 1396:cach-goi-dien-thoai-cho-khach-hang-tiem-nang | 1082:top-10-phan-mem-theo-doi-ban-hang-hang-dau-d,Gcalls Plus Webphone:/gcalls-plus-webphone/ | Tổng đài tích hợp CRM:/tong-dai-tich-hop-crm/,PLANNED_NOT_IMPLEMENTED
10746,Xây dựng chiến lược email follow-up giúp bán hàng hiệu quả (Phần cuối),HUB-03,publish,1198:ban-hang-inbound-hay-ban-hang-outbound-phan- | 1381:6-buoc-xay-dung-kich-ban-ban-hang-dinh-cao | 1396:cach-goi-dien-thoai-cho-khach-hang-tiem-nang | 1082:top-10-phan-mem-theo-doi-ban-hang-hang-dau-d,Gcalls Plus Webphone:/gcalls-plus-webphone/ | Tổng đài tích hợp CRM:/tong-dai-tich-hop-crm/,PLANNED_NOT_IMPLEMENTED
10747,7 bước lập kế hoạch telesales hiệu quả,HUB-03,publish,1198:ban-hang-inbound-hay-ban-hang-outbound-phan- | 1381:6-buoc-xay-dung-kich-ban-ban-hang-dinh-cao | 1396:cach-goi-dien-thoai-cho-khach-hang-tiem-nang | 1082:top-10-phan-mem-theo-doi-ban-hang-hang-dau-d,Gcalls Plus Webphone:/gcalls-plus-webphone/ | Tổng đài tích hợp CRM:/tong-dai-tich-hop-crm/,PLANNED_NOT_IMPLEMENTED
10748,5 điều về trải nghiệm khách hàng mà mọi nhân viên bán hàng nên biết,HUB-03,publish,1198:ban-hang-inbound-hay-ban-hang-outbound-phan- | 1381:6-buoc-xay-dung-kich-ban-ban-hang-dinh-cao | 1396:cach-goi-dien-thoai-cho-khach-hang-tiem-nang | 1082:top-10-phan-mem-theo-doi-ban-hang-hang-dau-d,Gcalls Plus Webphone:/gcalls-plus-webphone/ | Tổng đài tích hợp CRM:/tong-dai-tich-hop-crm/,PLANNED_NOT_IMPLEMENTED
10749,EBOOK: MẪU KỊCH BẢN CHĂM SÓC KHÁCH HÀNG QUA ĐIỆN THOẠI,HUB-04,draft,861:11-chi-so-danh-gia-quan-trong-doi-voi-bo-pha | 15589:cau-hoi-cham-soc-khach-hang-cu-kich-ban-cskh | 15830:mo-hinh-trai-nghiem-khach-hang-la-gi | 16005:he-thong-cham-soc-khach-hang-loi-ich-va-6-ti,Gcalls CX:/gcalls-cx/ | Tổng đài tích hợp Helpdesk:/tong-dai-tich-hop-helpdesk/,PLANNED_NOT_IMPLEMENTED
10750,Cách bán hàng hiệu quả bằng giọng nói,HUB-03,publish,1198:ban-hang-inbound-hay-ban-hang-outbound-phan- | 1381:6-buoc-xay-dung-kich-ban-ban-hang-dinh-cao | 1396:cach-goi-dien-thoai-cho-khach-hang-tiem-nang | 1082:top-10-phan-mem-theo-doi-ban-hang-hang-dau-d,Gcalls Plus Webphone:/gcalls-plus-webphone/ | Tổng đài tích hợp CRM:/tong-dai-tich-hop-crm/,PLANNED_NOT_IMPLEMENTED
10751,5 bước để thiết kế một kịch bản bán hàng thành công,HUB-03,publish,1198:ban-hang-inbound-hay-ban-hang-outbound-phan- | 1381:6-buoc-xay-dung-kich-ban-ban-hang-dinh-cao | 1396:cach-goi-dien-thoai-cho-khach-hang-tiem-nang | 1082:top-10-phan-mem-theo-doi-ban-hang-hang-dau-d,Gcalls Plus Webphone:/gcalls-plus-webphone/ | Tổng đài tích hợp CRM:/tong-dai-tich-hop-crm/,PLANNED_NOT_IMPLEMENTED
10752,Đừng báo giá giải pháp trước khi truyền tải được giá trị đến khách hàng,HUB-03,publish,1198:ban-hang-inbound-hay-ban-hang-outbound-phan- | 1381:6-buoc-xay-dung-kich-ban-ban-hang-dinh-cao | 1396:cach-goi-dien-thoai-cho-khach-hang-tiem-nang | 1082:top-10-phan-mem-theo-doi-ban-hang-hang-dau-d,Gcalls Plus Webphone:/gcalls-plus-webphone/ | Tổng đài tích hợp CRM:/tong-dai-tich-hop-crm/,PLANNED_NOT_IMPLEMENTED
10753,Mẫu bảng đánh giá nhân viên bán hàng mới nhất,HUB-03,publish,1198:ban-hang-inbound-hay-ban-hang-outbound-phan- | 1381:6-buoc-xay-dung-kich-ban-ban-hang-dinh-cao | 1396:cach-goi-dien-thoai-cho-khach-hang-tiem-nang | 1082:top-10-phan-mem-theo-doi-ban-hang-hang-dau-d,Gcalls Plus Webphone:/gcalls-plus-webphone/ | Tổng đài tích hợp CRM:/tong-dai-tich-hop-crm/,PLANNED_NOT_IMPLEMENTED
10754,Cuộc họp đánh giá bán hàng hàng năm: 8 bước để thực hiện hiệu quả,HUB-03,publish,1198:ban-hang-inbound-hay-ban-hang-outbound-phan- | 1381:6-buoc-xay-dung-kich-ban-ban-hang-dinh-cao | 1396:cach-goi-dien-thoai-cho-khach-hang-tiem-nang | 1082:top-10-phan-mem-theo-doi-ban-hang-hang-dau-d,Gcalls Plus Webphone:/gcalls-plus-webphone/ | Tổng đài tích hợp CRM:/tong-dai-tich-hop-crm/,PLANNED_NOT_IMPLEMENTED
10756,Sales: Telesales và Telemarketing,HUB-03,publish,1198:ban-hang-inbound-hay-ban-hang-outbound-phan- | 1381:6-buoc-xay-dung-kich-ban-ban-hang-dinh-cao | 1396:cach-goi-dien-thoai-cho-khach-hang-tiem-nang | 1082:top-10-phan-mem-theo-doi-ban-hang-hang-dau-d,Gcalls Plus Webphone:/gcalls-plus-webphone/ | Tổng đài tích hợp CRM:/tong-dai-tich-hop-crm/,PLANNED_NOT_IMPLEMENTED
10798,Tuyển dụng Customer Success Engineer (IT Full Time),HUB-04,publish,861:11-chi-so-danh-gia-quan-trong-doi-voi-bo-pha | 15589:cau-hoi-cham-soc-khach-hang-cu-kich-ban-cskh | 15830:mo-hinh-trai-nghiem-khach-hang-la-gi | 16005:he-thong-cham-soc-khach-hang-loi-ich-va-6-ti,Gcalls CX:/gcalls-cx/ | Tổng đài tích hợp Helpdesk:/tong-dai-tich-hop-helpdesk/,PLANNED_NOT_IMPLEMENTED
10801,Tuyển dụng Customer Success Engineer (IT Internship),HUB-04,publish,861:11-chi-so-danh-gia-quan-trong-doi-voi-bo-pha | 15589:cau-hoi-cham-soc-khach-hang-cu-kich-ban-cskh | 15830:mo-hinh-trai-nghiem-khach-hang-la-gi | 16005:he-thong-cham-soc-khach-hang-loi-ich-va-6-ti,Gcalls CX:/gcalls-cx/ | Tổng đài tích hợp Helpdesk:/tong-dai-tich-hop-helpdesk/,PLANNED_NOT_IMPLEMENTED
10957,Tuyển dụng Chuyên Viên Tư Vấn Doanh Nghiệp FullTime,HUB-08,publish,1705:cach-viet-ban-tu-danh-gia-cong-viec-cua-nhan | 15332:dich-vu-voice-brandname-la-gi | 872:cong-nghe-dang-thay-doi-cach-moi-nguoi-lam-v | 16611:9-viec-nen-va-khong-nen-lam-trong-quy-trinh-,Gcalls Plus Webphone:/gcalls-plus-webphone/,PLANNED_NOT_IMPLEMENTED
10962,Tuyển dụng Thực Tập Sinh Tư Vấn Doanh Nghiệp,HUB-08,publish,1705:cach-viet-ban-tu-danh-gia-cong-viec-cua-nhan | 15332:dich-vu-voice-brandname-la-gi | 872:cong-nghe-dang-thay-doi-cach-moi-nguoi-lam-v | 16611:9-viec-nen-va-khong-nen-lam-trong-quy-trinh-,Gcalls Plus Webphone:/gcalls-plus-webphone/,PLANNED_NOT_IMPLEMENTED
11915,Chạy Quảng Cáo Trên Shopee Từ A Đến Z,HUB-08,publish,1705:cach-viet-ban-tu-danh-gia-cong-viec-cua-nhan | 15332:dich-vu-voice-brandname-la-gi | 872:cong-nghe-dang-thay-doi-cach-moi-nguoi-lam-v | 16611:9-viec-nen-va-khong-nen-lam-trong-quy-trinh-,Gcalls Plus Webphone:/gcalls-plus-webphone/,PLANNED_NOT_IMPLEMENTED
12281,SMS Marketing Là Gì? Vì Sao Bạn Nên Dùng SMS Marketing?,HUB-08,publish,1705:cach-viet-ban-tu-danh-gia-cong-viec-cua-nhan | 15332:dich-vu-voice-brandname-la-gi | 872:cong-nghe-dang-thay-doi-cach-moi-nguoi-lam-v | 16611:9-viec-nen-va-khong-nen-lam-trong-quy-trinh-,Gcalls Plus Webphone:/gcalls-plus-webphone/,PLANNED_NOT_IMPLEMENTED
12293,Phần Mềm SMS Marketing Và Những Điều Cần Biết,HUB-08,publish,1705:cach-viet-ban-tu-danh-gia-cong-viec-cua-nhan | 15332:dich-vu-voice-brandname-la-gi | 872:cong-nghe-dang-thay-doi-cach-moi-nguoi-lam-v | 16611:9-viec-nen-va-khong-nen-lam-trong-quy-trinh-,Gcalls Plus Webphone:/gcalls-plus-webphone/,PLANNED_NOT_IMPLEMENTED
12309,Dịch Vụ Tin Nhắn SMS Brandname Là Gì?,HUB-08,publish,1705:cach-viet-ban-tu-danh-gia-cong-viec-cua-nhan | 15332:dich-vu-voice-brandname-la-gi | 872:cong-nghe-dang-thay-doi-cach-moi-nguoi-lam-v | 16611:9-viec-nen-va-khong-nen-lam-trong-quy-trinh-,Gcalls Plus Webphone:/gcalls-plus-webphone/,PLANNED_NOT_IMPLEMENTED
12326,"Sms Brandname Là Gì, Gồm Mấy Loại Và Có Lợi Ích Gì Cho Doanh Nghiệp?",HUB-08,publish,1705:cach-viet-ban-tu-danh-gia-cong-viec-cua-nhan | 15332:dich-vu-voice-brandname-la-gi | 872:cong-nghe-dang-thay-doi-cach-moi-nguoi-lam-v | 16611:9-viec-nen-va-khong-nen-lam-trong-quy-trinh-,Gcalls Plus Webphone:/gcalls-plus-webphone/,PLANNED_NOT_IMPLEMENTED
12590,Phần Mềm SMS Brandname Nào Tốt Nhất?,HUB-04,publish,861:11-chi-so-danh-gia-quan-trong-doi-voi-bo-pha | 15589:cau-hoi-cham-soc-khach-hang-cu-kich-ban-cskh | 15830:mo-hinh-trai-nghiem-khach-hang-la-gi | 16005:he-thong-cham-soc-khach-hang-loi-ich-va-6-ti,Gcalls CX:/gcalls-cx/ | Tổng đài tích hợp Helpdesk:/tong-dai-tich-hop-helpdesk/,PLANNED_NOT_IMPLEMENTED
12599,SMS Marketing Giá Rẻ - Báo Giá Nhanh - Hiệu Quả Hàng Đầu,HUB-08,publish,1705:cach-viet-ban-tu-danh-gia-cong-viec-cua-nhan | 15332:dich-vu-voice-brandname-la-gi | 872:cong-nghe-dang-thay-doi-cach-moi-nguoi-lam-v | 16611:9-viec-nen-va-khong-nen-lam-trong-quy-trinh-,Gcalls Plus Webphone:/gcalls-plus-webphone/,PLANNED_NOT_IMPLEMENTED
12625,"SMS Brandname Giá Rẻ, Uy Tín Tại Gcalls",HUB-03,publish,1198:ban-hang-inbound-hay-ban-hang-outbound-phan- | 1381:6-buoc-xay-dung-kich-ban-ban-hang-dinh-cao | 1396:cach-goi-dien-thoai-cho-khach-hang-tiem-nang | 1082:top-10-phan-mem-theo-doi-ban-hang-hang-dau-d,Gcalls Plus Webphone:/gcalls-plus-webphone/ | Tổng đài tích hợp CRM:/tong-dai-tich-hop-crm/,PLANNED_NOT_IMPLEMENTED
12686,Học Ngay 5 Kinh Nghiệm Bán Hàng Trên Shopee Cực Hiệu Quả 2022,HUB-03,publish,1198:ban-hang-inbound-hay-ban-hang-outbound-phan- | 1381:6-buoc-xay-dung-kich-ban-ban-hang-dinh-cao | 1396:cach-goi-dien-thoai-cho-khach-hang-tiem-nang | 1082:top-10-phan-mem-theo-doi-ban-hang-hang-dau-d,Gcalls Plus Webphone:/gcalls-plus-webphone/ | Tổng đài tích hợp CRM:/tong-dai-tich-hop-crm/,PLANNED_NOT_IMPLEMENTED
12751,"Kinh Nghiệm Kinh Doanh Shopee, Bán Hàng Online Hiệu Quả",HUB-08,publish,1705:cach-viet-ban-tu-danh-gia-cong-viec-cua-nhan | 15332:dich-vu-voice-brandname-la-gi | 872:cong-nghe-dang-thay-doi-cach-moi-nguoi-lam-v | 16611:9-viec-nen-va-khong-nen-lam-trong-quy-trinh-,Gcalls Plus Webphone:/gcalls-plus-webphone/,PLANNED_NOT_IMPLEMENTED
12770,Shopee Template Và Cách Thiết Kế Chi Tiết Trên Canva,HUB-08,publish,1705:cach-viet-ban-tu-danh-gia-cong-viec-cua-nhan | 15332:dich-vu-voice-brandname-la-gi | 872:cong-nghe-dang-thay-doi-cach-moi-nguoi-lam-v | 16611:9-viec-nen-va-khong-nen-lam-trong-quy-trinh-,Gcalls Plus Webphone:/gcalls-plus-webphone/,PLANNED_NOT_IMPLEMENTED
12797,Khóa Học Bán Hàng Trên Shopee Nào Hiệu Quả Nhất,HUB-03,publish,1198:ban-hang-inbound-hay-ban-hang-outbound-phan- | 1381:6-buoc-xay-dung-kich-ban-ban-hang-dinh-cao | 1396:cach-goi-dien-thoai-cho-khach-hang-tiem-nang | 1082:top-10-phan-mem-theo-doi-ban-hang-hang-dau-d,Gcalls Plus Webphone:/gcalls-plus-webphone/ | Tổng đài tích hợp CRM:/tong-dai-tich-hop-crm/,PLANNED_NOT_IMPLEMENTED
12953,Tối Ưu Quảng Cáo Shopee Hiệu Quả Nhất,HUB-08,draft,1705:cach-viet-ban-tu-danh-gia-cong-viec-cua-nhan | 15332:dich-vu-voice-brandname-la-gi | 872:cong-nghe-dang-thay-doi-cach-moi-nguoi-lam-v | 16611:9-viec-nen-va-khong-nen-lam-trong-quy-trinh-,Gcalls Plus Webphone:/gcalls-plus-webphone/,PLANNED_NOT_IMPLEMENTED
12991,Kinh Nghiệm Bán Hàng Trên Lazada Cho Người Mới Bắt Đầu,HUB-03,draft,1198:ban-hang-inbound-hay-ban-hang-outbound-phan- | 1381:6-buoc-xay-dung-kich-ban-ban-hang-dinh-cao | 1396:cach-goi-dien-thoai-cho-khach-hang-tiem-nang | 1082:top-10-phan-mem-theo-doi-ban-hang-hang-dau-d,Gcalls Plus Webphone:/gcalls-plus-webphone/ | Tổng đài tích hợp CRM:/tong-dai-tich-hop-crm/,PLANNED_NOT_IMPLEMENTED
13012,Kinh Nghiệm Kinh Doanh Lazada Dành Cho Người Mới Bắt Đầu,HUB-08,private,1705:cach-viet-ban-tu-danh-gia-cong-viec-cua-nhan | 15332:dich-vu-voice-brandname-la-gi | 872:cong-nghe-dang-thay-doi-cach-moi-nguoi-lam-v | 16611:9-viec-nen-va-khong-nen-lam-trong-quy-trinh-,Gcalls Plus Webphone:/gcalls-plus-webphone/,PLANNED_NOT_IMPLEMENTED
13020,Khóa Học Kinh Doanh Shopee Hiệu Quả Trong Top 3,HUB-08,publish,1705:cach-viet-ban-tu-danh-gia-cong-viec-cua-nhan | 15332:dich-vu-voice-brandname-la-gi | 872:cong-nghe-dang-thay-doi-cach-moi-nguoi-lam-v | 16611:9-viec-nen-va-khong-nen-lam-trong-quy-trinh-,Gcalls Plus Webphone:/gcalls-plus-webphone/,PLANNED_NOT_IMPLEMENTED
13047,Cách Tối Ưu Sản Phẩm Trên Shopee Hiệu Quả Nhất,HUB-08,publish,1705:cach-viet-ban-tu-danh-gia-cong-viec-cua-nhan | 15332:dich-vu-voice-brandname-la-gi | 872:cong-nghe-dang-thay-doi-cach-moi-nguoi-lam-v | 16611:9-viec-nen-va-khong-nen-lam-trong-quy-trinh-,Gcalls Plus Webphone:/gcalls-plus-webphone/,PLANNED_NOT_IMPLEMENTED
13067,Cách Thiết Kế Gian Hàng Trên Lazada 2022,HUB-08,publish,1705:cach-viet-ban-tu-danh-gia-cong-viec-cua-nhan | 15332:dich-vu-voice-brandname-la-gi | 872:cong-nghe-dang-thay-doi-cach-moi-nguoi-lam-v | 16611:9-viec-nen-va-khong-nen-lam-trong-quy-trinh-,Gcalls Plus Webphone:/gcalls-plus-webphone/,PLANNED_NOT_IMPLEMENTED
13094,Tối Ưu Quảng Cáo Lazada Hiệu Quả Và Chuyên Nghiệp,HUB-08,draft,1705:cach-viet-ban-tu-danh-gia-cong-viec-cua-nhan | 15332:dich-vu-voice-brandname-la-gi | 872:cong-nghe-dang-thay-doi-cach-moi-nguoi-lam-v | 16611:9-viec-nen-va-khong-nen-lam-trong-quy-trinh-,Gcalls Plus Webphone:/gcalls-plus-webphone/,PLANNED_NOT_IMPLEMENTED
13167,Cách Tối Ưu Sản Phẩm Trên Lazada,HUB-08,draft,1705:cach-viet-ban-tu-danh-gia-cong-viec-cua-nhan | 15332:dich-vu-voice-brandname-la-gi | 872:cong-nghe-dang-thay-doi-cach-moi-nguoi-lam-v | 16611:9-viec-nen-va-khong-nen-lam-trong-quy-trinh-,Gcalls Plus Webphone:/gcalls-plus-webphone/,PLANNED_NOT_IMPLEMENTED
13208,Dịch Vụ Call Center Là Gì? Công Ty Cung Cấp Uy Tín Nhất,HUB-01,publish,647:4-ly-do-su-dung-tong-dai-ao-call-center-la-c | 588:call-center-la-mot-trai-nghiem-thuong-hieu-t | 1157:cac-phan-mem-call-center-phu-hop-voi-cac-ton | 566:5-linh-vuc-rat-can-dich-vu-call-center-trung,Cloud Call Center:/lien-he/ | Gcalls Plus Webphone:/gcalls-plus-webphone/,PLANNED_NOT_IMPLEMENTED
13242,Tổng Đài Ảo Miễn Phí Là Gì? Top 5+ Tổng Đài Ảo Miễn Phí CRM,HUB-01,publish,647:4-ly-do-su-dung-tong-dai-ao-call-center-la-c | 588:call-center-la-mot-trai-nghiem-thuong-hieu-t | 1157:cac-phan-mem-call-center-phu-hop-voi-cac-ton | 566:5-linh-vuc-rat-can-dich-vu-call-center-trung,Cloud Call Center:/lien-he/ | Gcalls Plus Webphone:/gcalls-plus-webphone/,PLANNED_NOT_IMPLEMENTED
13286,Tổng Đài Ảo Là Gì? Lợi Ích Hàng Đầu Dành Cho Doanh Nghiệp,HUB-01,publish,647:4-ly-do-su-dung-tong-dai-ao-call-center-la-c | 588:call-center-la-mot-trai-nghiem-thuong-hieu-t | 1157:cac-phan-mem-call-center-phu-hop-voi-cac-ton | 566:5-linh-vuc-rat-can-dich-vu-call-center-trung,Cloud Call Center:/lien-he/ | Gcalls Plus Webphone:/gcalls-plus-webphone/,PLANNED_NOT_IMPLEMENTED
13378,Giải Pháp Tổng Đài Chăm Sóc Khách Hàng: Bỏ Vốn 1 Một Lời 10,HUB-01,draft,647:4-ly-do-su-dung-tong-dai-ao-call-center-la-c | 588:call-center-la-mot-trai-nghiem-thuong-hieu-t | 1157:cac-phan-mem-call-center-phu-hop-voi-cac-ton | 566:5-linh-vuc-rat-can-dich-vu-call-center-trung,Cloud Call Center:/lien-he/ | Gcalls Plus Webphone:/gcalls-plus-webphone/,PLANNED_NOT_IMPLEMENTED
13388,Tổng Đài Nội Bộ Ảo Khác Tổng Đài Ảo Điểm Nào?,HUB-01,publish,647:4-ly-do-su-dung-tong-dai-ao-call-center-la-c | 588:call-center-la-mot-trai-nghiem-thuong-hieu-t | 1157:cac-phan-mem-call-center-phu-hop-voi-cac-ton | 566:5-linh-vuc-rat-can-dich-vu-call-center-trung,Cloud Call Center:/lien-he/ | Gcalls Plus Webphone:/gcalls-plus-webphone/,PLANNED_NOT_IMPLEMENTED
13409,Giải Pháp Tổng Đài Hỗ Trợ - Ưu Nhược Điểm,HUB-01,draft,647:4-ly-do-su-dung-tong-dai-ao-call-center-la-c | 588:call-center-la-mot-trai-nghiem-thuong-hieu-t | 1157:cac-phan-mem-call-center-phu-hop-voi-cac-ton | 566:5-linh-vuc-rat-can-dich-vu-call-center-trung,Cloud Call Center:/lien-he/ | Gcalls Plus Webphone:/gcalls-plus-webphone/,PLANNED_NOT_IMPLEMENTED
13426,Lắp Đặt Tổng Đài Ảo Có Lợi Ích Gì?,HUB-01,draft,647:4-ly-do-su-dung-tong-dai-ao-call-center-la-c | 588:call-center-la-mot-trai-nghiem-thuong-hieu-t | 1157:cac-phan-mem-call-center-phu-hop-voi-cac-ton | 566:5-linh-vuc-rat-can-dich-vu-call-center-trung,Cloud Call Center:/lien-he/ | Gcalls Plus Webphone:/gcalls-plus-webphone/,PLANNED_NOT_IMPLEMENTED
13427,Giải Pháp Tổng Đài Ảo Không Dây Có Gì Tốt?,HUB-01,publish,647:4-ly-do-su-dung-tong-dai-ao-call-center-la-c | 588:call-center-la-mot-trai-nghiem-thuong-hieu-t | 1157:cac-phan-mem-call-center-phu-hop-voi-cac-ton | 566:5-linh-vuc-rat-can-dich-vu-call-center-trung,Cloud Call Center:/lien-he/ | Gcalls Plus Webphone:/gcalls-plus-webphone/,PLANNED_NOT_IMPLEMENTED
13456,Tuyển dụng UI/UX Intern,HUB-08,publish,1705:cach-viet-ban-tu-danh-gia-cong-viec-cua-nhan | 15332:dich-vu-voice-brandname-la-gi | 872:cong-nghe-dang-thay-doi-cach-moi-nguoi-lam-v | 16611:9-viec-nen-va-khong-nen-lam-trong-quy-trinh-,Gcalls Plus Webphone:/gcalls-plus-webphone/,PLANNED_NOT_IMPLEMENTED
13469,Tuyển dụng Customer Success Specialist Intern,HUB-04,publish,861:11-chi-so-danh-gia-quan-trong-doi-voi-bo-pha | 15589:cau-hoi-cham-soc-khach-hang-cu-kich-ban-cskh | 15830:mo-hinh-trai-nghiem-khach-hang-la-gi | 16005:he-thong-cham-soc-khach-hang-loi-ich-va-6-ti,Gcalls CX:/gcalls-cx/ | Tổng đài tích hợp Helpdesk:/tong-dai-tich-hop-helpdesk/,PLANNED_NOT_IMPLEMENTED
13483,Tổng Đài Công Nghệ Là Gì? Có Nên Đầu Tư Vào Tổng Đài Ảo?,HUB-01,publish,647:4-ly-do-su-dung-tong-dai-ao-call-center-la-c | 588:call-center-la-mot-trai-nghiem-thuong-hieu-t | 1157:cac-phan-mem-call-center-phu-hop-voi-cac-ton | 566:5-linh-vuc-rat-can-dich-vu-call-center-trung,Cloud Call Center:/lien-he/ | Gcalls Plus Webphone:/gcalls-plus-webphone/,PLANNED_NOT_IMPLEMENTED
13535,HR Intern,HUB-08,publish,1705:cach-viet-ban-tu-danh-gia-cong-viec-cua-nhan | 15332:dich-vu-voice-brandname-la-gi | 872:cong-nghe-dang-thay-doi-cach-moi-nguoi-lam-v | 16611:9-viec-nen-va-khong-nen-lam-trong-quy-trinh-,Gcalls Plus Webphone:/gcalls-plus-webphone/,PLANNED_NOT_IMPLEMENTED
13899,Top 4 Kỹ Năng Chăm Sóc Khách Hàng Qua Điện Thoại,HUB-04,draft,861:11-chi-so-danh-gia-quan-trong-doi-voi-bo-pha | 15589:cau-hoi-cham-soc-khach-hang-cu-kich-ban-cskh | 15830:mo-hinh-trai-nghiem-khach-hang-la-gi | 16005:he-thong-cham-soc-khach-hang-loi-ich-va-6-ti,Gcalls CX:/gcalls-cx/ | Tổng đài tích hợp Helpdesk:/tong-dai-tich-hop-helpdesk/,PLANNED_NOT_IMPLEMENTED
14292,Marketing Automation Là Gì? Những Thông Tin Cần Biết,HUB-06,publish,NONE_IN_HUB,Giải pháp tích hợp Voicebot AI:/voicebot-ai/ | QA/QC Center:/qc-bot-ai/,PLANNED_NOT_IMPLEMENTED
14304,Customer Success Specialist Fulltime,HUB-04,publish,861:11-chi-so-danh-gia-quan-trong-doi-voi-bo-pha | 15589:cau-hoi-cham-soc-khach-hang-cu-kich-ban-cskh | 15830:mo-hinh-trai-nghiem-khach-hang-la-gi | 16005:he-thong-cham-soc-khach-hang-loi-ich-va-6-ti,Gcalls CX:/gcalls-cx/ | Tổng đài tích hợp Helpdesk:/tong-dai-tich-hop-helpdesk/,PLANNED_NOT_IMPLEMENTED
14308,Customer Success Engineer Fulltime,HUB-04,publish,861:11-chi-so-danh-gia-quan-trong-doi-voi-bo-pha | 15589:cau-hoi-cham-soc-khach-hang-cu-kich-ban-cskh | 15830:mo-hinh-trai-nghiem-khach-hang-la-gi | 16005:he-thong-cham-soc-khach-hang-loi-ich-va-6-ti,Gcalls CX:/gcalls-cx/ | Tổng đài tích hợp Helpdesk:/tong-dai-tich-hop-helpdesk/,PLANNED_NOT_IMPLEMENTED
14415,Kế Hoạch Chăm Sóc Khách Hàng Cũ Hiệu Quả Nhất,HUB-04,publish,861:11-chi-so-danh-gia-quan-trong-doi-voi-bo-pha | 15589:cau-hoi-cham-soc-khach-hang-cu-kich-ban-cskh | 15830:mo-hinh-trai-nghiem-khach-hang-la-gi | 16005:he-thong-cham-soc-khach-hang-loi-ich-va-6-ti,Gcalls CX:/gcalls-cx/ | Tổng đài tích hợp Helpdesk:/tong-dai-tich-hop-helpdesk/,PLANNED_NOT_IMPLEMENTED
14462,Hotline Là Gì? Có Những Loại Đầu Số Hotline Nào Hiện Nay?,HUB-01,publish,647:4-ly-do-su-dung-tong-dai-ao-call-center-la-c | 588:call-center-la-mot-trai-nghiem-thuong-hieu-t | 1157:cac-phan-mem-call-center-phu-hop-voi-cac-ton | 566:5-linh-vuc-rat-can-dich-vu-call-center-trung,Cloud Call Center:/lien-he/ | Gcalls Plus Webphone:/gcalls-plus-webphone/,PLANNED_NOT_IMPLEMENTED
14502,IVR Là Gì? Và Những Điều Cần Biết Về IVR,HUB-01,publish,647:4-ly-do-su-dung-tong-dai-ao-call-center-la-c | 588:call-center-la-mot-trai-nghiem-thuong-hieu-t | 1157:cac-phan-mem-call-center-phu-hop-voi-cac-ton | 566:5-linh-vuc-rat-can-dich-vu-call-center-trung,Cloud Call Center:/lien-he/ | Gcalls Plus Webphone:/gcalls-plus-webphone/,PLANNED_NOT_IMPLEMENTED
14506,Quy Trình Chăm Sóc Khách Hàng Sau Bán Hàng,HUB-03,publish,1198:ban-hang-inbound-hay-ban-hang-outbound-phan- | 1381:6-buoc-xay-dung-kich-ban-ban-hang-dinh-cao | 1396:cach-goi-dien-thoai-cho-khach-hang-tiem-nang | 1082:top-10-phan-mem-theo-doi-ban-hang-hang-dau-d,Gcalls Plus Webphone:/gcalls-plus-webphone/ | Tổng đài tích hợp CRM:/tong-dai-tich-hop-crm/,PLANNED_NOT_IMPLEMENTED
14522,ACD Là Gì? Ứng Dụng Thực Tế Của ACD Vào Call Center,HUB-01,publish,647:4-ly-do-su-dung-tong-dai-ao-call-center-la-c | 588:call-center-la-mot-trai-nghiem-thuong-hieu-t | 1157:cac-phan-mem-call-center-phu-hop-voi-cac-ton | 566:5-linh-vuc-rat-can-dich-vu-call-center-trung,Cloud Call Center:/lien-he/ | Gcalls Plus Webphone:/gcalls-plus-webphone/,PLANNED_NOT_IMPLEMENTED
14536,Dịch Vụ Tổng Đài Ảo - 13 Tính Năng Nổi Bật,HUB-01,publish,647:4-ly-do-su-dung-tong-dai-ao-call-center-la-c | 588:call-center-la-mot-trai-nghiem-thuong-hieu-t | 1157:cac-phan-mem-call-center-phu-hop-voi-cac-ton | 566:5-linh-vuc-rat-can-dich-vu-call-center-trung,Cloud Call Center:/lien-he/ | Gcalls Plus Webphone:/gcalls-plus-webphone/,PLANNED_NOT_IMPLEMENTED
14539,SIP Trunk Là Gì? Lợi Ích Dịch Vụ Này Mang Đến Như Thế Nào?,HUB-08,publish,1705:cach-viet-ban-tu-danh-gia-cong-viec-cua-nhan | 15332:dich-vu-voice-brandname-la-gi | 872:cong-nghe-dang-thay-doi-cach-moi-nguoi-lam-v | 16611:9-viec-nen-va-khong-nen-lam-trong-quy-trinh-,Gcalls Plus Webphone:/gcalls-plus-webphone/,PLANNED_NOT_IMPLEMENTED
14560,Số Tổng Đài 1800 Là Gì? Hướng Dẫn Đăng Ký Đầu Số 1800 Đơn Giản,HUB-01,publish,647:4-ly-do-su-dung-tong-dai-ao-call-center-la-c | 588:call-center-la-mot-trai-nghiem-thuong-hieu-t | 1157:cac-phan-mem-call-center-phu-hop-voi-cac-ton | 566:5-linh-vuc-rat-can-dich-vu-call-center-trung,Cloud Call Center:/lien-he/ | Gcalls Plus Webphone:/gcalls-plus-webphone/,PLANNED_NOT_IMPLEMENTED
14568,Giải Đáp Thông Tin Về VoIP Và Ứng Dụng Thực Tế,HUB-01,publish,647:4-ly-do-su-dung-tong-dai-ao-call-center-la-c | 588:call-center-la-mot-trai-nghiem-thuong-hieu-t | 1157:cac-phan-mem-call-center-phu-hop-voi-cac-ton | 566:5-linh-vuc-rat-can-dich-vu-call-center-trung,Cloud Call Center:/lien-he/ | Gcalls Plus Webphone:/gcalls-plus-webphone/,PLANNED_NOT_IMPLEMENTED
14577,HR Parttime,HUB-08,publish,1705:cach-viet-ban-tu-danh-gia-cong-viec-cua-nhan | 15332:dich-vu-voice-brandname-la-gi | 872:cong-nghe-dang-thay-doi-cach-moi-nguoi-lam-v | 16611:9-viec-nen-va-khong-nen-lam-trong-quy-trinh-,Gcalls Plus Webphone:/gcalls-plus-webphone/,PLANNED_NOT_IMPLEMENTED
14607,Mẫu Lời Chào Tổng Đài Điện Thoại Phổ Biến Hiện Nay,HUB-01,publish,647:4-ly-do-su-dung-tong-dai-ao-call-center-la-c | 588:call-center-la-mot-trai-nghiem-thuong-hieu-t | 1157:cac-phan-mem-call-center-phu-hop-voi-cac-ton | 566:5-linh-vuc-rat-can-dich-vu-call-center-trung,Cloud Call Center:/lien-he/ | Gcalls Plus Webphone:/gcalls-plus-webphone/,PLANNED_NOT_IMPLEMENTED
14614,Service Level Agreement Là Gì? Từ A - Z Thông Tin Về SLA,HUB-08,publish,1705:cach-viet-ban-tu-danh-gia-cong-viec-cua-nhan | 15332:dich-vu-voice-brandname-la-gi | 872:cong-nghe-dang-thay-doi-cach-moi-nguoi-lam-v | 16611:9-viec-nen-va-khong-nen-lam-trong-quy-trinh-,Gcalls Plus Webphone:/gcalls-plus-webphone/,PLANNED_NOT_IMPLEMENTED
14773,Best Virtual Phone System For Small Medium Business 2023,HUB-08,publish,1705:cach-viet-ban-tu-danh-gia-cong-viec-cua-nhan | 15332:dich-vu-voice-brandname-la-gi | 872:cong-nghe-dang-thay-doi-cach-moi-nguoi-lam-v | 16611:9-viec-nen-va-khong-nen-lam-trong-quy-trinh-,Gcalls Plus Webphone:/gcalls-plus-webphone/,PLANNED_NOT_IMPLEMENTED
14787,Cách Xử Lý Các Tình Huống Chăm Sóc Khách Hàng,HUB-04,publish,861:11-chi-so-danh-gia-quan-trong-doi-voi-bo-pha | 15589:cau-hoi-cham-soc-khach-hang-cu-kich-ban-cskh | 15830:mo-hinh-trai-nghiem-khach-hang-la-gi | 16005:he-thong-cham-soc-khach-hang-loi-ich-va-6-ti,Gcalls CX:/gcalls-cx/ | Tổng đài tích hợp Helpdesk:/tong-dai-tich-hop-helpdesk/,PLANNED_NOT_IMPLEMENTED
14797,Tin Nhắn Chăm Sóc Khách Hàng Cũ Hiệu Quả Nhất,HUB-04,publish,861:11-chi-so-danh-gia-quan-trong-doi-voi-bo-pha | 15589:cau-hoi-cham-soc-khach-hang-cu-kich-ban-cskh | 15830:mo-hinh-trai-nghiem-khach-hang-la-gi | 16005:he-thong-cham-soc-khach-hang-loi-ich-va-6-ti,Gcalls CX:/gcalls-cx/ | Tổng đài tích hợp Helpdesk:/tong-dai-tich-hop-helpdesk/,PLANNED_NOT_IMPLEMENTED
14870,On Premise Là Gì Và Đây Có Phải Là Giải Pháp Tốt Nhất?,HUB-08,publish,1705:cach-viet-ban-tu-danh-gia-cong-viec-cua-nhan | 15332:dich-vu-voice-brandname-la-gi | 872:cong-nghe-dang-thay-doi-cach-moi-nguoi-lam-v | 16611:9-viec-nen-va-khong-nen-lam-trong-quy-trinh-,Gcalls Plus Webphone:/gcalls-plus-webphone/,PLANNED_NOT_IMPLEMENTED
14890,Hệ Thống Tổng Đài Điện Thoại Chuẩn Là Như Thế Nào?,HUB-01,publish,647:4-ly-do-su-dung-tong-dai-ao-call-center-la-c | 588:call-center-la-mot-trai-nghiem-thuong-hieu-t | 1157:cac-phan-mem-call-center-phu-hop-voi-cac-ton | 566:5-linh-vuc-rat-can-dich-vu-call-center-trung,Cloud Call Center:/lien-he/ | Gcalls Plus Webphone:/gcalls-plus-webphone/,PLANNED_NOT_IMPLEMENTED
14902,Dịch Vụ Chăm Sóc Khách Hàng Là Gì?,HUB-04,publish,861:11-chi-so-danh-gia-quan-trong-doi-voi-bo-pha | 15589:cau-hoi-cham-soc-khach-hang-cu-kich-ban-cskh | 15830:mo-hinh-trai-nghiem-khach-hang-la-gi | 16005:he-thong-cham-soc-khach-hang-loi-ich-va-6-ti,Gcalls CX:/gcalls-cx/ | Tổng đài tích hợp Helpdesk:/tong-dai-tich-hop-helpdesk/,PLANNED_NOT_IMPLEMENTED
15008,Tổng Đài IP Và Những Khác Biệt So Với Tổng Đài Analog,HUB-01,publish,647:4-ly-do-su-dung-tong-dai-ao-call-center-la-c | 588:call-center-la-mot-trai-nghiem-thuong-hieu-t | 1157:cac-phan-mem-call-center-phu-hop-voi-cac-ton | 566:5-linh-vuc-rat-can-dich-vu-call-center-trung,Cloud Call Center:/lien-he/ | Gcalls Plus Webphone:/gcalls-plus-webphone/,PLANNED_NOT_IMPLEMENTED
15049,Kịch Bản Tư Vấn Khách Hàng Spa Là Gì?,HUB-08,publish,1705:cach-viet-ban-tu-danh-gia-cong-viec-cua-nhan | 15332:dich-vu-voice-brandname-la-gi | 872:cong-nghe-dang-thay-doi-cach-moi-nguoi-lam-v | 16611:9-viec-nen-va-khong-nen-lam-trong-quy-trinh-,Gcalls Plus Webphone:/gcalls-plus-webphone/,PLANNED_NOT_IMPLEMENTED
15195,Customer Lifetime Value Là Gì? Vai Trò Và Cách Tính,HUB-08,publish,1705:cach-viet-ban-tu-danh-gia-cong-viec-cua-nhan | 15332:dich-vu-voice-brandname-la-gi | 872:cong-nghe-dang-thay-doi-cach-moi-nguoi-lam-v | 16611:9-viec-nen-va-khong-nen-lam-trong-quy-trinh-,Gcalls Plus Webphone:/gcalls-plus-webphone/,PLANNED_NOT_IMPLEMENTED
15207,5 Lý Do Nên Chọn Dịch Vụ Chăm Sóc Khách Hàng Viettel,HUB-04,publish,861:11-chi-so-danh-gia-quan-trong-doi-voi-bo-pha | 15589:cau-hoi-cham-soc-khach-hang-cu-kich-ban-cskh | 15830:mo-hinh-trai-nghiem-khach-hang-la-gi | 16005:he-thong-cham-soc-khach-hang-loi-ich-va-6-ti,Gcalls CX:/gcalls-cx/ | Tổng đài tích hợp Helpdesk:/tong-dai-tich-hop-helpdesk/,PLANNED_NOT_IMPLEMENTED
15217,Phần Mềm Quản Lý Bán Hàng Đa Kênh Là Gì? Có Nên Sử Dụng?,HUB-03,publish,1198:ban-hang-inbound-hay-ban-hang-outbound-phan- | 1381:6-buoc-xay-dung-kich-ban-ban-hang-dinh-cao | 1396:cach-goi-dien-thoai-cho-khach-hang-tiem-nang | 1082:top-10-phan-mem-theo-doi-ban-hang-hang-dau-d,Gcalls Plus Webphone:/gcalls-plus-webphone/ | Tổng đài tích hợp CRM:/tong-dai-tich-hop-crm/,PLANNED_NOT_IMPLEMENTED
15221,Dịch Vụ Voice Brandname Là Gì Và Những Lợi Ích Hiện Đại,HUB-08,publish,1705:cach-viet-ban-tu-danh-gia-cong-viec-cua-nhan | 15332:dich-vu-voice-brandname-la-gi | 872:cong-nghe-dang-thay-doi-cach-moi-nguoi-lam-v | 16611:9-viec-nen-va-khong-nen-lam-trong-quy-trinh-,Gcalls Plus Webphone:/gcalls-plus-webphone/,PLANNED_NOT_IMPLEMENTED
15235,Customer Success Là Gì? Những Thông Tin Cụ Thể Nhất,HUB-04,publish,861:11-chi-so-danh-gia-quan-trong-doi-voi-bo-pha | 15589:cau-hoi-cham-soc-khach-hang-cu-kich-ban-cskh | 15830:mo-hinh-trai-nghiem-khach-hang-la-gi | 16005:he-thong-cham-soc-khach-hang-loi-ich-va-6-ti,Gcalls CX:/gcalls-cx/ | Tổng đài tích hợp Helpdesk:/tong-dai-tich-hop-helpdesk/,PLANNED_NOT_IMPLEMENTED
15250,Tổng Đài Contact Center Là Gì?,HUB-01,publish,647:4-ly-do-su-dung-tong-dai-ao-call-center-la-c | 588:call-center-la-mot-trai-nghiem-thuong-hieu-t | 1157:cac-phan-mem-call-center-phu-hop-voi-cac-ton | 566:5-linh-vuc-rat-can-dich-vu-call-center-trung,Cloud Call Center:/lien-he/ | Gcalls Plus Webphone:/gcalls-plus-webphone/,PLANNED_NOT_IMPLEMENTED
15262,Phần Mềm Tổng Đài Ảo Là Gì?,HUB-01,publish,647:4-ly-do-su-dung-tong-dai-ao-call-center-la-c | 588:call-center-la-mot-trai-nghiem-thuong-hieu-t | 1157:cac-phan-mem-call-center-phu-hop-voi-cac-ton | 566:5-linh-vuc-rat-can-dich-vu-call-center-trung,Cloud Call Center:/lien-he/ | Gcalls Plus Webphone:/gcalls-plus-webphone/,PLANNED_NOT_IMPLEMENTED
15281,Mua Số Tổng Đài 1900 Có Lợi Ích Gì? Nên Mua Ở Đâu Uy Tín?,HUB-01,publish,647:4-ly-do-su-dung-tong-dai-ao-call-center-la-c | 588:call-center-la-mot-trai-nghiem-thuong-hieu-t | 1157:cac-phan-mem-call-center-phu-hop-voi-cac-ton | 566:5-linh-vuc-rat-can-dich-vu-call-center-trung,Cloud Call Center:/lien-he/ | Gcalls Plus Webphone:/gcalls-plus-webphone/,PLANNED_NOT_IMPLEMENTED
15306,Chăm Sóc Khách Hàng Qua Điện Thoại Và Kỹ Năng Cần Thiết,HUB-04,publish,861:11-chi-so-danh-gia-quan-trong-doi-voi-bo-pha | 15589:cau-hoi-cham-soc-khach-hang-cu-kich-ban-cskh | 15830:mo-hinh-trai-nghiem-khach-hang-la-gi | 16005:he-thong-cham-soc-khach-hang-loi-ich-va-6-ti,Gcalls CX:/gcalls-cx/ | Tổng đài tích hợp Helpdesk:/tong-dai-tich-hop-helpdesk/,PLANNED_NOT_IMPLEMENTED
15314,Salesforce Là Gì? Những Thông Tin Quan Trọng Nhất,HUB-02,publish,15743:dong-bo-hoa-du-lieu-la-gi-tai-sao-nen-dong-b | 15384:salesforce-marketing-cloud-la-gi-tim-hieu-th | 15380:so-sanh-salesforce-crm-va-cac-phan-mem-khac | 15335:phan-mem-crm-viet-nam-la-gi,Tổng đài tích hợp CRM:/tong-dai-tich-hop-crm/ | Tổng đài tích hợp Helpdesk:/tong-dai-tich-hop-helpdesk/,PLANNED_NOT_IMPLEMENTED
15328,salesforce,HUB-02,draft,15743:dong-bo-hoa-du-lieu-la-gi-tai-sao-nen-dong-b | 15384:salesforce-marketing-cloud-la-gi-tim-hieu-th | 15380:so-sanh-salesforce-crm-va-cac-phan-mem-khac | 15314:salesforce-la-gi-nhung-thong-tin-quan-trong-,Tổng đài tích hợp CRM:/tong-dai-tich-hop-crm/ | Tổng đài tích hợp Helpdesk:/tong-dai-tich-hop-helpdesk/,PLANNED_NOT_IMPLEMENTED
15332,Dịch Vụ Voice Brandname Là Gì?,HUB-08,publish,1705:cach-viet-ban-tu-danh-gia-cong-viec-cua-nhan | 872:cong-nghe-dang-thay-doi-cach-moi-nguoi-lam-v | 16611:9-viec-nen-va-khong-nen-lam-trong-quy-trinh- | 14773:best-virtual-phone-system-for-small-medium-b,Gcalls Plus Webphone:/gcalls-plus-webphone/,PLANNED_NOT_IMPLEMENTED
15335,Phần Mềm CRM Việt Nam Là Gì?,HUB-02,publish,15743:dong-bo-hoa-du-lieu-la-gi-tai-sao-nen-dong-b | 15384:salesforce-marketing-cloud-la-gi-tim-hieu-th | 15380:so-sanh-salesforce-crm-va-cac-phan-mem-khac | 15314:salesforce-la-gi-nhung-thong-tin-quan-trong-,Tổng đài tích hợp CRM:/tong-dai-tich-hop-crm/ | Tổng đài tích hợp Helpdesk:/tong-dai-tich-hop-helpdesk/,PLANNED_NOT_IMPLEMENTED
15353,Cách Xây Dựng Quy Trình Bán Hàng Của Doanh Nghiệp Hiệu Quả,HUB-03,publish,1198:ban-hang-inbound-hay-ban-hang-outbound-phan- | 1381:6-buoc-xay-dung-kich-ban-ban-hang-dinh-cao | 1396:cach-goi-dien-thoai-cho-khach-hang-tiem-nang | 1082:top-10-phan-mem-theo-doi-ban-hang-hang-dau-d,Gcalls Plus Webphone:/gcalls-plus-webphone/ | Tổng đài tích hợp CRM:/tong-dai-tich-hop-crm/,PLANNED_NOT_IMPLEMENTED
15363,Vì Sao Chiến Lược Chăm Sóc Khách Hàng Với SalesForce Cần Thiết,HUB-02,publish,15743:dong-bo-hoa-du-lieu-la-gi-tai-sao-nen-dong-b | 15384:salesforce-marketing-cloud-la-gi-tim-hieu-th | 15380:so-sanh-salesforce-crm-va-cac-phan-mem-khac | 15314:salesforce-la-gi-nhung-thong-tin-quan-trong-,Tổng đài tích hợp CRM:/tong-dai-tich-hop-crm/ | Tổng đài tích hợp Helpdesk:/tong-dai-tich-hop-helpdesk/,PLANNED_NOT_IMPLEMENTED
15380,So Sánh Salesforce CRM Và Các Phần Mềm Khác,HUB-02,publish,15743:dong-bo-hoa-du-lieu-la-gi-tai-sao-nen-dong-b | 15384:salesforce-marketing-cloud-la-gi-tim-hieu-th | 15314:salesforce-la-gi-nhung-thong-tin-quan-trong- | 15335:phan-mem-crm-viet-nam-la-gi,Tổng đài tích hợp CRM:/tong-dai-tich-hop-crm/ | Tổng đài tích hợp Helpdesk:/tong-dai-tich-hop-helpdesk/,PLANNED_NOT_IMPLEMENTED
15384,Salesforce Marketing Cloud Là Gì? Tìm Hiểu Thông Tin Từ A-Z,HUB-02,publish,15743:dong-bo-hoa-du-lieu-la-gi-tai-sao-nen-dong-b | 15380:so-sanh-salesforce-crm-va-cac-phan-mem-khac | 15314:salesforce-la-gi-nhung-thong-tin-quan-trong- | 15335:phan-mem-crm-viet-nam-la-gi,Tổng đài tích hợp CRM:/tong-dai-tich-hop-crm/ | Tổng đài tích hợp Helpdesk:/tong-dai-tich-hop-helpdesk/,PLANNED_NOT_IMPLEMENTED
15558,8 Cách Giữ Khách Hàng Cũ Hiệu Quả,HUB-08,publish,1705:cach-viet-ban-tu-danh-gia-cong-viec-cua-nhan | 15332:dich-vu-voice-brandname-la-gi | 872:cong-nghe-dang-thay-doi-cach-moi-nguoi-lam-v | 16611:9-viec-nen-va-khong-nen-lam-trong-quy-trinh-,Gcalls Plus Webphone:/gcalls-plus-webphone/,PLANNED_NOT_IMPLEMENTED
15561,Trải Nghiệm Khách Hàng Xuất Sắc Là Gì? Cách Nâng Cấp,HUB-04,publish,861:11-chi-so-danh-gia-quan-trong-doi-voi-bo-pha | 15589:cau-hoi-cham-soc-khach-hang-cu-kich-ban-cskh | 15830:mo-hinh-trai-nghiem-khach-hang-la-gi | 16005:he-thong-cham-soc-khach-hang-loi-ich-va-6-ti,Gcalls CX:/gcalls-cx/ | Tổng đài tích hợp Helpdesk:/tong-dai-tich-hop-helpdesk/,PLANNED_NOT_IMPLEMENTED
15589,Câu Hỏi Chăm Sóc Khách Hàng Cũ & Kịch Bản CSKH Hiệu Quả,HUB-04,publish,861:11-chi-so-danh-gia-quan-trong-doi-voi-bo-pha | 15830:mo-hinh-trai-nghiem-khach-hang-la-gi | 16005:he-thong-cham-soc-khach-hang-loi-ich-va-6-ti | 15306:cham-soc-khach-hang-qua-dien-thoai,Gcalls CX:/gcalls-cx/ | Tổng đài tích hợp Helpdesk:/tong-dai-tich-hop-helpdesk/,PLANNED_NOT_IMPLEMENTED
15604,Giải Pháp Chăm Sóc Khách Hàng Nào Tối Ưu Nhất?,HUB-04,publish,861:11-chi-so-danh-gia-quan-trong-doi-voi-bo-pha | 15589:cau-hoi-cham-soc-khach-hang-cu-kich-ban-cskh | 15830:mo-hinh-trai-nghiem-khach-hang-la-gi | 16005:he-thong-cham-soc-khach-hang-loi-ich-va-6-ti,Gcalls CX:/gcalls-cx/ | Tổng đài tích hợp Helpdesk:/tong-dai-tich-hop-helpdesk/,PLANNED_NOT_IMPLEMENTED
15646,Top 5 Lợi Ích Của Phần Mềm Auto Answer,HUB-08,publish,1705:cach-viet-ban-tu-danh-gia-cong-viec-cua-nhan | 15332:dich-vu-voice-brandname-la-gi | 872:cong-nghe-dang-thay-doi-cach-moi-nguoi-lam-v | 16611:9-viec-nen-va-khong-nen-lam-trong-quy-trinh-,Gcalls Plus Webphone:/gcalls-plus-webphone/,PLANNED_NOT_IMPLEMENTED
15660,Chiến Lược Giữ Chân Khách Hàng Hiệu Quả Nhất,HUB-04,publish,861:11-chi-so-danh-gia-quan-trong-doi-voi-bo-pha | 15589:cau-hoi-cham-soc-khach-hang-cu-kich-ban-cskh | 15830:mo-hinh-trai-nghiem-khach-hang-la-gi | 16005:he-thong-cham-soc-khach-hang-loi-ich-va-6-ti,Gcalls CX:/gcalls-cx/ | Tổng đài tích hợp Helpdesk:/tong-dai-tich-hop-helpdesk/,PLANNED_NOT_IMPLEMENTED
15681,Tin Nhắn Chăm Sóc Khách Hàng Cũ Giúp Gia Tăng Hiệu Quả,HUB-04,publish,861:11-chi-so-danh-gia-quan-trong-doi-voi-bo-pha | 15589:cau-hoi-cham-soc-khach-hang-cu-kich-ban-cskh | 15830:mo-hinh-trai-nghiem-khach-hang-la-gi | 16005:he-thong-cham-soc-khach-hang-loi-ich-va-6-ti,Gcalls CX:/gcalls-cx/ | Tổng đài tích hợp Helpdesk:/tong-dai-tich-hop-helpdesk/,PLANNED_NOT_IMPLEMENTED
15687,Quản Lý Thông Tin Khách Hàng Hiệu Quả Qua Hệ Thống Nào?,HUB-08,publish,1705:cach-viet-ban-tu-danh-gia-cong-viec-cua-nhan | 15332:dich-vu-voice-brandname-la-gi | 872:cong-nghe-dang-thay-doi-cach-moi-nguoi-lam-v | 16611:9-viec-nen-va-khong-nen-lam-trong-quy-trinh-,Gcalls Plus Webphone:/gcalls-plus-webphone/,PLANNED_NOT_IMPLEMENTED
15713,Quản Lý Cuộc Gọi Khách Hàng Có Thật Sự Dễ Dàng?,HUB-01,publish,647:4-ly-do-su-dung-tong-dai-ao-call-center-la-c | 588:call-center-la-mot-trai-nghiem-thuong-hieu-t | 1157:cac-phan-mem-call-center-phu-hop-voi-cac-ton | 566:5-linh-vuc-rat-can-dich-vu-call-center-trung,Cloud Call Center:/lien-he/ | Gcalls Plus Webphone:/gcalls-plus-webphone/,PLANNED_NOT_IMPLEMENTED
15724,Bí Quyết Chăm Sóc Khách Hàng Tuyệt Đỉnh Nhất,HUB-04,publish,861:11-chi-so-danh-gia-quan-trong-doi-voi-bo-pha | 15589:cau-hoi-cham-soc-khach-hang-cu-kich-ban-cskh | 15830:mo-hinh-trai-nghiem-khach-hang-la-gi | 16005:he-thong-cham-soc-khach-hang-loi-ich-va-6-ti,Gcalls CX:/gcalls-cx/ | Tổng đài tích hợp Helpdesk:/tong-dai-tich-hop-helpdesk/,PLANNED_NOT_IMPLEMENTED
15738,"Tại Sao Dịch Vụ Tổng Đài Ảo Dành Cho Startup ""Bùng Nổ"" 2023?",HUB-01,publish,647:4-ly-do-su-dung-tong-dai-ao-call-center-la-c | 588:call-center-la-mot-trai-nghiem-thuong-hieu-t | 1157:cac-phan-mem-call-center-phu-hop-voi-cac-ton | 566:5-linh-vuc-rat-can-dich-vu-call-center-trung,Cloud Call Center:/lien-he/ | Gcalls Plus Webphone:/gcalls-plus-webphone/,PLANNED_NOT_IMPLEMENTED
15743,Đồng Bộ Hóa Dữ Liệu Là Gì? Tại Sao Nên Đồng Bộ Dữ Liệu?,HUB-02,publish,15384:salesforce-marketing-cloud-la-gi-tim-hieu-th | 15380:so-sanh-salesforce-crm-va-cac-phan-mem-khac | 15314:salesforce-la-gi-nhung-thong-tin-quan-trong- | 15335:phan-mem-crm-viet-nam-la-gi,Tổng đài tích hợp CRM:/tong-dai-tich-hop-crm/ | Tổng đài tích hợp Helpdesk:/tong-dai-tich-hop-helpdesk/,PLANNED_NOT_IMPLEMENTED
15765,Phần Mềm Auto Call Và Những Lợi Ích Cho Doanh Nghiệp,HUB-08,publish,1705:cach-viet-ban-tu-danh-gia-cong-viec-cua-nhan | 15332:dich-vu-voice-brandname-la-gi | 872:cong-nghe-dang-thay-doi-cach-moi-nguoi-lam-v | 16611:9-viec-nen-va-khong-nen-lam-trong-quy-trinh-,Gcalls Plus Webphone:/gcalls-plus-webphone/,PLANNED_NOT_IMPLEMENTED
15775,5 Lợi Ích Của Dịch Vụ Hỗ Trợ Trực Tuyến,HUB-08,publish,1705:cach-viet-ban-tu-danh-gia-cong-viec-cua-nhan | 15332:dich-vu-voice-brandname-la-gi | 872:cong-nghe-dang-thay-doi-cach-moi-nguoi-lam-v | 16611:9-viec-nen-va-khong-nen-lam-trong-quy-trinh-,Gcalls Plus Webphone:/gcalls-plus-webphone/,PLANNED_NOT_IMPLEMENTED
15794,Hệ Thống Quản Lý Khách Hàng Và Phần Mềm Trên Điện Thoại,HUB-08,publish,1705:cach-viet-ban-tu-danh-gia-cong-viec-cua-nhan | 15332:dich-vu-voice-brandname-la-gi | 872:cong-nghe-dang-thay-doi-cach-moi-nguoi-lam-v | 16611:9-viec-nen-va-khong-nen-lam-trong-quy-trinh-,Gcalls Plus Webphone:/gcalls-plus-webphone/,PLANNED_NOT_IMPLEMENTED
15806,Giải Pháp Tổng Đài Ảo Cho Doanh Nghiệp Vừa Và Nhỏ,HUB-01,publish,647:4-ly-do-su-dung-tong-dai-ao-call-center-la-c | 588:call-center-la-mot-trai-nghiem-thuong-hieu-t | 1157:cac-phan-mem-call-center-phu-hop-voi-cac-ton | 566:5-linh-vuc-rat-can-dich-vu-call-center-trung,Cloud Call Center:/lien-he/ | Gcalls Plus Webphone:/gcalls-plus-webphone/,PLANNED_NOT_IMPLEMENTED
15830,Mô Hình Trải Nghiệm Khách Hàng Là Gì?,HUB-04,publish,861:11-chi-so-danh-gia-quan-trong-doi-voi-bo-pha | 15589:cau-hoi-cham-soc-khach-hang-cu-kich-ban-cskh | 16005:he-thong-cham-soc-khach-hang-loi-ich-va-6-ti | 15306:cham-soc-khach-hang-qua-dien-thoai,Gcalls CX:/gcalls-cx/ | Tổng đài tích hợp Helpdesk:/tong-dai-tich-hop-helpdesk/,PLANNED_NOT_IMPLEMENTED
15847,Lưu Trữ Thông Tin Khách Hàng Với Top 3 Phần Mềm Tốt Nhất,HUB-08,publish,1705:cach-viet-ban-tu-danh-gia-cong-viec-cua-nhan | 15332:dich-vu-voice-brandname-la-gi | 872:cong-nghe-dang-thay-doi-cach-moi-nguoi-lam-v | 16611:9-viec-nen-va-khong-nen-lam-trong-quy-trinh-,Gcalls Plus Webphone:/gcalls-plus-webphone/,PLANNED_NOT_IMPLEMENTED
15859,Tổng Đài IP Và Những Điều Cần Biết Trước Khi Lắp Đặt,HUB-01,publish,647:4-ly-do-su-dung-tong-dai-ao-call-center-la-c | 588:call-center-la-mot-trai-nghiem-thuong-hieu-t | 1157:cac-phan-mem-call-center-phu-hop-voi-cac-ton | 566:5-linh-vuc-rat-can-dich-vu-call-center-trung,Cloud Call Center:/lien-he/ | Gcalls Plus Webphone:/gcalls-plus-webphone/,PLANNED_NOT_IMPLEMENTED
15870,Nhân Viên Hỗ Trợ Khách Hàng - Chìa Khóa Thành Công Của Doanh Nghiệp,HUB-08,publish,1705:cach-viet-ban-tu-danh-gia-cong-viec-cua-nhan | 15332:dich-vu-voice-brandname-la-gi | 872:cong-nghe-dang-thay-doi-cach-moi-nguoi-lam-v | 16611:9-viec-nen-va-khong-nen-lam-trong-quy-trinh-,Gcalls Plus Webphone:/gcalls-plus-webphone/,PLANNED_NOT_IMPLEMENTED
15884,Dịch Vụ Tổng Đài Đám Mây Cho Start-Up,HUB-01,publish,647:4-ly-do-su-dung-tong-dai-ao-call-center-la-c | 588:call-center-la-mot-trai-nghiem-thuong-hieu-t | 1157:cac-phan-mem-call-center-phu-hop-voi-cac-ton | 566:5-linh-vuc-rat-can-dich-vu-call-center-trung,Cloud Call Center:/lien-he/ | Gcalls Plus Webphone:/gcalls-plus-webphone/,PLANNED_NOT_IMPLEMENTED
15904,8 Bước Bán Hàng Cơ Bản Và Hiệu Quả Cho Nhân Viên Sales,HUB-03,publish,1198:ban-hang-inbound-hay-ban-hang-outbound-phan- | 1381:6-buoc-xay-dung-kich-ban-ban-hang-dinh-cao | 1396:cach-goi-dien-thoai-cho-khach-hang-tiem-nang | 1082:top-10-phan-mem-theo-doi-ban-hang-hang-dau-d,Gcalls Plus Webphone:/gcalls-plus-webphone/ | Tổng đài tích hợp CRM:/tong-dai-tich-hop-crm/,PLANNED_NOT_IMPLEMENTED
15916,Cách Gọi Sale Hiệu Quả Có Thể Bạn Không Biết,HUB-08,publish,1705:cach-viet-ban-tu-danh-gia-cong-viec-cua-nhan | 15332:dich-vu-voice-brandname-la-gi | 872:cong-nghe-dang-thay-doi-cach-moi-nguoi-lam-v | 16611:9-viec-nen-va-khong-nen-lam-trong-quy-trinh-,Gcalls Plus Webphone:/gcalls-plus-webphone/,PLANNED_NOT_IMPLEMENTED
15926,Cách Telesale Cho Người Mới Bắt Đầu,HUB-03,publish,1198:ban-hang-inbound-hay-ban-hang-outbound-phan- | 1381:6-buoc-xay-dung-kich-ban-ban-hang-dinh-cao | 1396:cach-goi-dien-thoai-cho-khach-hang-tiem-nang | 1082:top-10-phan-mem-theo-doi-ban-hang-hang-dau-d,Gcalls Plus Webphone:/gcalls-plus-webphone/ | Tổng đài tích hợp CRM:/tong-dai-tich-hop-crm/,PLANNED_NOT_IMPLEMENTED
15943,Chương Trình Chăm Sóc Khách Hàng Tối Ưu Nhất,HUB-04,publish,861:11-chi-so-danh-gia-quan-trong-doi-voi-bo-pha | 15589:cau-hoi-cham-soc-khach-hang-cu-kich-ban-cskh | 15830:mo-hinh-trai-nghiem-khach-hang-la-gi | 16005:he-thong-cham-soc-khach-hang-loi-ich-va-6-ti,Gcalls CX:/gcalls-cx/ | Tổng đài tích hợp Helpdesk:/tong-dai-tich-hop-helpdesk/,PLANNED_NOT_IMPLEMENTED
15982,Quản Lý Quan Hệ Khách Hàng Trong Doanh Nghiệp,HUB-08,publish,1705:cach-viet-ban-tu-danh-gia-cong-viec-cua-nhan | 15332:dich-vu-voice-brandname-la-gi | 872:cong-nghe-dang-thay-doi-cach-moi-nguoi-lam-v | 16611:9-viec-nen-va-khong-nen-lam-trong-quy-trinh-,Gcalls Plus Webphone:/gcalls-plus-webphone/,PLANNED_NOT_IMPLEMENTED
15993,Phương Pháp Quản Lý Telesale Hiệu Quả,HUB-03,publish,1198:ban-hang-inbound-hay-ban-hang-outbound-phan- | 1381:6-buoc-xay-dung-kich-ban-ban-hang-dinh-cao | 1396:cach-goi-dien-thoai-cho-khach-hang-tiem-nang | 1082:top-10-phan-mem-theo-doi-ban-hang-hang-dau-d,Gcalls Plus Webphone:/gcalls-plus-webphone/ | Tổng đài tích hợp CRM:/tong-dai-tich-hop-crm/,PLANNED_NOT_IMPLEMENTED
16005,Hệ Thống Chăm Sóc Khách Hàng: Lợi Ích Và 6 Tính Năng,HUB-04,publish,861:11-chi-so-danh-gia-quan-trong-doi-voi-bo-pha | 15589:cau-hoi-cham-soc-khach-hang-cu-kich-ban-cskh | 15830:mo-hinh-trai-nghiem-khach-hang-la-gi | 15306:cham-soc-khach-hang-qua-dien-thoai,Gcalls CX:/gcalls-cx/ | Tổng đài tích hợp Helpdesk:/tong-dai-tich-hop-helpdesk/,PLANNED_NOT_IMPLEMENTED
16018,Đăng Ký Tổng Đài Ảo: Giải Pháp Chăm Sóc Khách Hàng Hiệu Quả,HUB-01,publish,647:4-ly-do-su-dung-tong-dai-ao-call-center-la-c | 588:call-center-la-mot-trai-nghiem-thuong-hieu-t | 1157:cac-phan-mem-call-center-phu-hop-voi-cac-ton | 566:5-linh-vuc-rat-can-dich-vu-call-center-trung,Cloud Call Center:/lien-he/ | Gcalls Plus Webphone:/gcalls-plus-webphone/,PLANNED_NOT_IMPLEMENTED
16022,Cách Gọi Telesale Hiệu Quả Mà Bạn Chưa Biết,HUB-03,publish,1198:ban-hang-inbound-hay-ban-hang-outbound-phan- | 1381:6-buoc-xay-dung-kich-ban-ban-hang-dinh-cao | 1396:cach-goi-dien-thoai-cho-khach-hang-tiem-nang | 1082:top-10-phan-mem-theo-doi-ban-hang-hang-dau-d,Gcalls Plus Webphone:/gcalls-plus-webphone/ | Tổng đài tích hợp CRM:/tong-dai-tich-hop-crm/,PLANNED_NOT_IMPLEMENTED
16035,8 Cách Nâng Cao Trải Nghiệm Dịch Vụ Khách Hàng,HUB-08,publish,1705:cach-viet-ban-tu-danh-gia-cong-viec-cua-nhan | 15332:dich-vu-voice-brandname-la-gi | 872:cong-nghe-dang-thay-doi-cach-moi-nguoi-lam-v | 16611:9-viec-nen-va-khong-nen-lam-trong-quy-trinh-,Gcalls Plus Webphone:/gcalls-plus-webphone/,PLANNED_NOT_IMPLEMENTED
16095,"Hệ Thống Quản Lý Khách Hàng Trong Nhà Hàng, Khách Sạn",HUB-08,publish,1705:cach-viet-ban-tu-danh-gia-cong-viec-cua-nhan | 15332:dich-vu-voice-brandname-la-gi | 872:cong-nghe-dang-thay-doi-cach-moi-nguoi-lam-v | 16611:9-viec-nen-va-khong-nen-lam-trong-quy-trinh-,Gcalls Plus Webphone:/gcalls-plus-webphone/,PLANNED_NOT_IMPLEMENTED
16109,Chú Ý Khi Xây Dựng Sơ Đồ Quy Trình Chăm Sóc Khách Hàng,HUB-04,publish,861:11-chi-so-danh-gia-quan-trong-doi-voi-bo-pha | 15589:cau-hoi-cham-soc-khach-hang-cu-kich-ban-cskh | 15830:mo-hinh-trai-nghiem-khach-hang-la-gi | 16005:he-thong-cham-soc-khach-hang-loi-ich-va-6-ti,Gcalls CX:/gcalls-cx/ | Tổng đài tích hợp Helpdesk:/tong-dai-tich-hop-helpdesk/,PLANNED_NOT_IMPLEMENTED
16131,Phần Mềm Quản Lý Khách Hàng Miễn Phí Cho Doanh Nghiệp,HUB-08,publish,1705:cach-viet-ban-tu-danh-gia-cong-viec-cua-nhan | 15332:dich-vu-voice-brandname-la-gi | 872:cong-nghe-dang-thay-doi-cach-moi-nguoi-lam-v | 16611:9-viec-nen-va-khong-nen-lam-trong-quy-trinh-,Gcalls Plus Webphone:/gcalls-plus-webphone/,PLANNED_NOT_IMPLEMENTED
16145,Phương Pháp Chăm Sóc Khách Hàng Hiệu Quả Nhất Hiện Nay,HUB-04,publish,861:11-chi-so-danh-gia-quan-trong-doi-voi-bo-pha | 15589:cau-hoi-cham-soc-khach-hang-cu-kich-ban-cskh | 15830:mo-hinh-trai-nghiem-khach-hang-la-gi | 16005:he-thong-cham-soc-khach-hang-loi-ich-va-6-ti,Gcalls CX:/gcalls-cx/ | Tổng đài tích hợp Helpdesk:/tong-dai-tich-hop-helpdesk/,PLANNED_NOT_IMPLEMENTED
16176,Nâng Cao Chất Lượng Nguồn Nhân Lực Trong Doanh Nghiệp,HUB-05,publish,NONE_IN_HUB,QA/QC Center:/qc-bot-ai/ | Gcalls Plus Webphone:/gcalls-plus-webphone/,PLANNED_NOT_IMPLEMENTED
16180,Xây Dựng Chiến Lược Marketing Hiệu Quả Như Thế Nào?,HUB-08,publish,1705:cach-viet-ban-tu-danh-gia-cong-viec-cua-nhan | 15332:dich-vu-voice-brandname-la-gi | 872:cong-nghe-dang-thay-doi-cach-moi-nguoi-lam-v | 16611:9-viec-nen-va-khong-nen-lam-trong-quy-trinh-,Gcalls Plus Webphone:/gcalls-plus-webphone/,PLANNED_NOT_IMPLEMENTED
16201,9 Ý Tưởng Khởi Nghiệp Tuyệt Vời Cho Bạn,HUB-08,publish,1705:cach-viet-ban-tu-danh-gia-cong-viec-cua-nhan | 15332:dich-vu-voice-brandname-la-gi | 872:cong-nghe-dang-thay-doi-cach-moi-nguoi-lam-v | 16611:9-viec-nen-va-khong-nen-lam-trong-quy-trinh-,Gcalls Plus Webphone:/gcalls-plus-webphone/,PLANNED_NOT_IMPLEMENTED
16202,8 Phương Pháp Tiếp Cận Khách Hàng Hiệu Quả,HUB-08,publish,1705:cach-viet-ban-tu-danh-gia-cong-viec-cua-nhan | 15332:dich-vu-voice-brandname-la-gi | 872:cong-nghe-dang-thay-doi-cach-moi-nguoi-lam-v | 16611:9-viec-nen-va-khong-nen-lam-trong-quy-trinh-,Gcalls Plus Webphone:/gcalls-plus-webphone/,PLANNED_NOT_IMPLEMENTED
16240,Xác Định Khách Hàng Mục Tiêu: Vai Trò & Cách Xác Định,HUB-08,publish,1705:cach-viet-ban-tu-danh-gia-cong-viec-cua-nhan | 15332:dich-vu-voice-brandname-la-gi | 872:cong-nghe-dang-thay-doi-cach-moi-nguoi-lam-v | 16611:9-viec-nen-va-khong-nen-lam-trong-quy-trinh-,Gcalls Plus Webphone:/gcalls-plus-webphone/,PLANNED_NOT_IMPLEMENTED
16252,Mục Tiêu SMART Là Gì? Ví Dụ Và Cách Đặt Mục Tiêu SMART,HUB-08,publish,1705:cach-viet-ban-tu-danh-gia-cong-viec-cua-nhan | 15332:dich-vu-voice-brandname-la-gi | 872:cong-nghe-dang-thay-doi-cach-moi-nguoi-lam-v | 16611:9-viec-nen-va-khong-nen-lam-trong-quy-trinh-,Gcalls Plus Webphone:/gcalls-plus-webphone/,PLANNED_NOT_IMPLEMENTED
16254,5 Bước Lập Kế Hoạch Marketing Hiệu Quả Cho Doanh Nghiệp,HUB-08,publish,1705:cach-viet-ban-tu-danh-gia-cong-viec-cua-nhan | 15332:dich-vu-voice-brandname-la-gi | 872:cong-nghe-dang-thay-doi-cach-moi-nguoi-lam-v | 16611:9-viec-nen-va-khong-nen-lam-trong-quy-trinh-,Gcalls Plus Webphone:/gcalls-plus-webphone/,PLANNED_NOT_IMPLEMENTED
16257,Xác Định Ngân Sách Marketing Như Thế Nào?,HUB-08,publish,1705:cach-viet-ban-tu-danh-gia-cong-viec-cua-nhan | 15332:dich-vu-voice-brandname-la-gi | 872:cong-nghe-dang-thay-doi-cach-moi-nguoi-lam-v | 16611:9-viec-nen-va-khong-nen-lam-trong-quy-trinh-,Gcalls Plus Webphone:/gcalls-plus-webphone/,PLANNED_NOT_IMPLEMENTED
16271,Nhà Đầu Tư Thiên Thần - Cứu Tinh Của Start Up,HUB-08,publish,1705:cach-viet-ban-tu-danh-gia-cong-viec-cua-nhan | 15332:dich-vu-voice-brandname-la-gi | 872:cong-nghe-dang-thay-doi-cach-moi-nguoi-lam-v | 16611:9-viec-nen-va-khong-nen-lam-trong-quy-trinh-,Gcalls Plus Webphone:/gcalls-plus-webphone/,PLANNED_NOT_IMPLEMENTED
16284,9 Bước Lập Kế Hoạch Digital Marketing,HUB-08,publish,1705:cach-viet-ban-tu-danh-gia-cong-viec-cua-nhan | 15332:dich-vu-voice-brandname-la-gi | 872:cong-nghe-dang-thay-doi-cach-moi-nguoi-lam-v | 16611:9-viec-nen-va-khong-nen-lam-trong-quy-trinh-,Gcalls Plus Webphone:/gcalls-plus-webphone/,PLANNED_NOT_IMPLEMENTED
16324,Tự Ghi Âm Cuộc Gọi Và Cách Hướng Dẫn Cài,HUB-01,publish,647:4-ly-do-su-dung-tong-dai-ao-call-center-la-c | 588:call-center-la-mot-trai-nghiem-thuong-hieu-t | 1157:cac-phan-mem-call-center-phu-hop-voi-cac-ton | 566:5-linh-vuc-rat-can-dich-vu-call-center-trung,Cloud Call Center:/lien-he/ | Gcalls Plus Webphone:/gcalls-plus-webphone/,PLANNED_NOT_IMPLEMENTED
16329,4 Website Gọi Vốn Cộng Đồng Hiệu Quả Dành Cho Start-Up,HUB-08,publish,1705:cach-viet-ban-tu-danh-gia-cong-viec-cua-nhan | 15332:dich-vu-voice-brandname-la-gi | 872:cong-nghe-dang-thay-doi-cach-moi-nguoi-lam-v | 16611:9-viec-nen-va-khong-nen-lam-trong-quy-trinh-,Gcalls Plus Webphone:/gcalls-plus-webphone/,PLANNED_NOT_IMPLEMENTED
16348,Hướng Dẫn Khởi Nghiệp Hiệu Quả,HUB-08,publish,1705:cach-viet-ban-tu-danh-gia-cong-viec-cua-nhan | 15332:dich-vu-voice-brandname-la-gi | 872:cong-nghe-dang-thay-doi-cach-moi-nguoi-lam-v | 16611:9-viec-nen-va-khong-nen-lam-trong-quy-trinh-,Gcalls Plus Webphone:/gcalls-plus-webphone/,PLANNED_NOT_IMPLEMENTED
16376,Quản Trị Theo Mục Tiêu SMART Là Gì?,HUB-08,publish,1705:cach-viet-ban-tu-danh-gia-cong-viec-cua-nhan | 15332:dich-vu-voice-brandname-la-gi | 872:cong-nghe-dang-thay-doi-cach-moi-nguoi-lam-v | 16611:9-viec-nen-va-khong-nen-lam-trong-quy-trinh-,Gcalls Plus Webphone:/gcalls-plus-webphone/,PLANNED_NOT_IMPLEMENTED
16389,Call Center Là Gì? Tất Tần Tật Về Call Center Mà Bạn Nên Biết,HUB-01,draft,647:4-ly-do-su-dung-tong-dai-ao-call-center-la-c | 588:call-center-la-mot-trai-nghiem-thuong-hieu-t | 1157:cac-phan-mem-call-center-phu-hop-voi-cac-ton | 566:5-linh-vuc-rat-can-dich-vu-call-center-trung,Cloud Call Center:/lien-he/ | Gcalls Plus Webphone:/gcalls-plus-webphone/,PLANNED_NOT_IMPLEMENTED
16611,9 việc NÊN và KHÔNG NÊN làm trong quy trình đánh giá nhân viên,HUB-08,publish,1705:cach-viet-ban-tu-danh-gia-cong-viec-cua-nhan | 15332:dich-vu-voice-brandname-la-gi | 872:cong-nghe-dang-thay-doi-cach-moi-nguoi-lam-v | 14773:best-virtual-phone-system-for-small-medium-b,Gcalls Plus Webphone:/gcalls-plus-webphone/,PLANNED_NOT_IMPLEMENTED
17741,Thủ thuật tăng traffic website uy tín tại trafficSEO,HUB-08,publish,1705:cach-viet-ban-tu-danh-gia-cong-viec-cua-nhan | 15332:dich-vu-voice-brandname-la-gi | 872:cong-nghe-dang-thay-doi-cach-moi-nguoi-lam-v | 16611:9-viec-nen-va-khong-nen-lam-trong-quy-trinh-,Gcalls Plus Webphone:/gcalls-plus-webphone/,PLANNED_NOT_IMPLEMENTED
17775,Hướng dẫn quy trình bán bất động sản: Từ thời điểm mở bán cho đến lúc ký hợp đồng,HUB-03,draft,1198:ban-hang-inbound-hay-ban-hang-outbound-phan- | 1381:6-buoc-xay-dung-kich-ban-ban-hang-dinh-cao | 1396:cach-goi-dien-thoai-cho-khach-hang-tiem-nang | 1082:top-10-phan-mem-theo-doi-ban-hang-hang-dau-d,Gcalls Plus Webphone:/gcalls-plus-webphone/ | Tổng đài tích hợp CRM:/tong-dai-tich-hop-crm/,PLANNED_NOT_IMPLEMENTED
17795,8 cách xử lý từ chối của khách hàng,HUB-03,draft,1198:ban-hang-inbound-hay-ban-hang-outbound-phan- | 1381:6-buoc-xay-dung-kich-ban-ban-hang-dinh-cao | 1396:cach-goi-dien-thoai-cho-khach-hang-tiem-nang | 1082:top-10-phan-mem-theo-doi-ban-hang-hang-dau-d,Gcalls Plus Webphone:/gcalls-plus-webphone/ | Tổng đài tích hợp CRM:/tong-dai-tich-hop-crm/,PLANNED_NOT_IMPLEMENTED
17802,Tiêu chí đánh giá hiệu quả bán hàng,HUB-03,draft,1198:ban-hang-inbound-hay-ban-hang-outbound-phan- | 1381:6-buoc-xay-dung-kich-ban-ban-hang-dinh-cao | 1396:cach-goi-dien-thoai-cho-khach-hang-tiem-nang | 1082:top-10-phan-mem-theo-doi-ban-hang-hang-dau-d,Gcalls Plus Webphone:/gcalls-plus-webphone/ | Tổng đài tích hợp CRM:/tong-dai-tich-hop-crm/,PLANNED_NOT_IMPLEMENTED
17823,Vì sao nhắn tin với khách hàng là cách hiệu quả để tăng doanh số bán hàng?,HUB-03,draft,1198:ban-hang-inbound-hay-ban-hang-outbound-phan- | 1381:6-buoc-xay-dung-kich-ban-ban-hang-dinh-cao | 1396:cach-goi-dien-thoai-cho-khach-hang-tiem-nang | 1082:top-10-phan-mem-theo-doi-ban-hang-hang-dau-d,Gcalls Plus Webphone:/gcalls-plus-webphone/ | Tổng đài tích hợp CRM:/tong-dai-tich-hop-crm/,PLANNED_NOT_IMPLEMENTED
17827,Chỉ số CSAT là gì và cách đo lường chỉ số này trong dịch vụ khách hàng?,HUB-04,draft,861:11-chi-so-danh-gia-quan-trong-doi-voi-bo-pha | 15589:cau-hoi-cham-soc-khach-hang-cu-kich-ban-cskh | 15830:mo-hinh-trai-nghiem-khach-hang-la-gi | 16005:he-thong-cham-soc-khach-hang-loi-ich-va-6-ti,Gcalls CX:/gcalls-cx/ | Tổng đài tích hợp Helpdesk:/tong-dai-tich-hop-helpdesk/,PLANNED_NOT_IMPLEMENTED
17832,Làm thế nào để kết nối 2 bộ phận bán hàng và dịch vụ khách hàng trong doanh nghiệp?,HUB-03,draft,1198:ban-hang-inbound-hay-ban-hang-outbound-phan- | 1381:6-buoc-xay-dung-kich-ban-ban-hang-dinh-cao | 1396:cach-goi-dien-thoai-cho-khach-hang-tiem-nang | 1082:top-10-phan-mem-theo-doi-ban-hang-hang-dau-d,Gcalls Plus Webphone:/gcalls-plus-webphone/ | Tổng đài tích hợp CRM:/tong-dai-tich-hop-crm/,PLANNED_NOT_IMPLEMENTED
17839,6 cách tăng năng suất bán hàng và tối ưu công việc cho nhân viên bán hàng,HUB-03,draft,1198:ban-hang-inbound-hay-ban-hang-outbound-phan- | 1381:6-buoc-xay-dung-kich-ban-ban-hang-dinh-cao | 1396:cach-goi-dien-thoai-cho-khach-hang-tiem-nang | 1082:top-10-phan-mem-theo-doi-ban-hang-hang-dau-d,Gcalls Plus Webphone:/gcalls-plus-webphone/ | Tổng đài tích hợp CRM:/tong-dai-tich-hop-crm/,PLANNED_NOT_IMPLEMENTED
17846,Hướng dẫn tuyển dụng nhân sự cho bộ phận Hỗ trợ khách hàng của doanh nghiệp,HUB-08,draft,1705:cach-viet-ban-tu-danh-gia-cong-viec-cua-nhan | 15332:dich-vu-voice-brandname-la-gi | 872:cong-nghe-dang-thay-doi-cach-moi-nguoi-lam-v | 16611:9-viec-nen-va-khong-nen-lam-trong-quy-trinh-,Gcalls Plus Webphone:/gcalls-plus-webphone/,PLANNED_NOT_IMPLEMENTED
17856,Hướng dẫn cải thiện tình trạng quá tải tại Call Center vào các mùa lễ lớn sale to,HUB-01,draft,647:4-ly-do-su-dung-tong-dai-ao-call-center-la-c | 588:call-center-la-mot-trai-nghiem-thuong-hieu-t | 1157:cac-phan-mem-call-center-phu-hop-voi-cac-ton | 566:5-linh-vuc-rat-can-dich-vu-call-center-trung,Cloud Call Center:/lien-he/ | Gcalls Plus Webphone:/gcalls-plus-webphone/,PLANNED_NOT_IMPLEMENTED
17875,Lead qualification: Cách đánh giá khách hàng tiềm năng hiệu quả,HUB-03,draft,1198:ban-hang-inbound-hay-ban-hang-outbound-phan- | 1381:6-buoc-xay-dung-kich-ban-ban-hang-dinh-cao | 1396:cach-goi-dien-thoai-cho-khach-hang-tiem-nang | 1082:top-10-phan-mem-theo-doi-ban-hang-hang-dau-d,Gcalls Plus Webphone:/gcalls-plus-webphone/ | Tổng đài tích hợp CRM:/tong-dai-tich-hop-crm/,PLANNED_NOT_IMPLEMENTED
17884,Tại sao tỷ lệ giữ chân khách hàng lại quan trọng đối với doanh nghiệp?,HUB-04,draft,861:11-chi-so-danh-gia-quan-trong-doi-voi-bo-pha | 15589:cau-hoi-cham-soc-khach-hang-cu-kich-ban-cskh | 15830:mo-hinh-trai-nghiem-khach-hang-la-gi | 16005:he-thong-cham-soc-khach-hang-loi-ich-va-6-ti,Gcalls CX:/gcalls-cx/ | Tổng đài tích hợp Helpdesk:/tong-dai-tich-hop-helpdesk/,PLANNED_NOT_IMPLEMENTED
17894,"Tại sao nói: “Phản hồi của khách hàng của bạn vẫn còn quan trọng đối với doanh nghiệp?""",HUB-04,draft,861:11-chi-so-danh-gia-quan-trong-doi-voi-bo-pha | 15589:cau-hoi-cham-soc-khach-hang-cu-kich-ban-cskh | 15830:mo-hinh-trai-nghiem-khach-hang-la-gi | 16005:he-thong-cham-soc-khach-hang-loi-ich-va-6-ti,Gcalls CX:/gcalls-cx/ | Tổng đài tích hợp Helpdesk:/tong-dai-tich-hop-helpdesk/,PLANNED_NOT_IMPLEMENTED
17902,"Zoho CRM: Tính năng và ưu, nhược điểm của phần mềm quản lý mối quan hệ khách hàng này",HUB-02,draft,15743:dong-bo-hoa-du-lieu-la-gi-tai-sao-nen-dong-b | 15384:salesforce-marketing-cloud-la-gi-tim-hieu-th | 15380:so-sanh-salesforce-crm-va-cac-phan-mem-khac | 15314:salesforce-la-gi-nhung-thong-tin-quan-trong-,Tổng đài tích hợp CRM:/tong-dai-tich-hop-crm/ | Tổng đài tích hợp Helpdesk:/tong-dai-tich-hop-helpdesk/,PLANNED_NOT_IMPLEMENTED
17911,“Khách hàng luôn đúng”:Ý nghĩa và góc nhìn về tính đúng đắn của triết lý,HUB-04,draft,861:11-chi-so-danh-gia-quan-trong-doi-voi-bo-pha | 15589:cau-hoi-cham-soc-khach-hang-cu-kich-ban-cskh | 15830:mo-hinh-trai-nghiem-khach-hang-la-gi | 16005:he-thong-cham-soc-khach-hang-loi-ich-va-6-ti,Gcalls CX:/gcalls-cx/ | Tổng đài tích hợp Helpdesk:/tong-dai-tich-hop-helpdesk/,PLANNED_NOT_IMPLEMENTED
17917,15 cách để tránh cạn kiệt năng lượng của tổng đài viên,HUB-01,draft,647:4-ly-do-su-dung-tong-dai-ao-call-center-la-c | 588:call-center-la-mot-trai-nghiem-thuong-hieu-t | 1157:cac-phan-mem-call-center-phu-hop-voi-cac-ton | 566:5-linh-vuc-rat-can-dich-vu-call-center-trung,Cloud Call Center:/lien-he/ | Gcalls Plus Webphone:/gcalls-plus-webphone/,PLANNED_NOT_IMPLEMENTED
17924,Product Demo là gì? Cách thực hiện Product Demo thành công dành cho nhân viên bán hàng,HUB-03,draft,1198:ban-hang-inbound-hay-ban-hang-outbound-phan- | 1381:6-buoc-xay-dung-kich-ban-ban-hang-dinh-cao | 1396:cach-goi-dien-thoai-cho-khach-hang-tiem-nang | 1082:top-10-phan-mem-theo-doi-ban-hang-hang-dau-d,Gcalls Plus Webphone:/gcalls-plus-webphone/ | Tổng đài tích hợp CRM:/tong-dai-tich-hop-crm/,PLANNED_NOT_IMPLEMENTED
