Batch,Batch Name,Post ID,Title,Status,Hub,Words,Quality,Primary Action,Priority,Claims
Batch 0,Spam / security containment,—,(no posts in this batch),—,—,—,—,—,—,—
Batch 1,STRONG posts — normalise & keep,647,7 Lý Do Nên Chọn Tổng Đài Ảo Call Center Cho Doanh Nghiệp,publish,HUB-01,7367,STRONG,VERIFY_LEGAL,P1,always_247|never_miss|unlimited|customer_named
Batch 1,STRONG posts — normalise & keep,588,"Tổng Đài Call Center Và Những Kiến Thức ""Cứu Sống"" Doanh Nghiệp",publish,HUB-01,6968,STRONG,VERIFY_PRODUCT,P2,always_247
Batch 1,STRONG posts — normalise & keep,1157,Phần Mềm Contact Center - Giải Pháp Tổng Đài Chuyên Nghiệp 2023,publish,HUB-01,5614,STRONG,VERIFY_PRODUCT,P2,always_247|sla_uptime|pricing
Batch 1,STRONG posts — normalise & keep,1705,Cách viết bản tự đánh giá công việc của nhân viên đầy đủ và ấn tượng,publish,HUB-08,4871,STRONG,VERIFY_PRODUCT,P1,perf_30_50
Batch 1,STRONG posts — normalise & keep,1198,Bán hàng Inbound hay Outbound - Đâu là phương pháp mà bạn nên quan tâm? (Phần 2),publish,HUB-03,4370,STRONG,VERIFY_PRODUCT,P2,unlimited
Batch 1,STRONG posts — normalise & keep,566,Dịch Vụ Call Center là gì? Dịch vụ Tổng đài Call Center,publish,HUB-01,4020,STRONG,VERIFY_PRODUCT,P1,countries_70
Batch 1,STRONG posts — normalise & keep,1381,6 bước xây dựng kịch bản bán hàng đỉnh cao,publish,HUB-03,3469,STRONG,NORMALIZE,P2,
Batch 1,STRONG posts — normalise & keep,1967,Chiến lược mở rộng ra thị trường nước quốc tế,publish,HUB-01,3234,STRONG,NORMALIZE,P2,
Batch 1,STRONG posts — normalise & keep,1396,Cách gọi điện thoại cho khách hàng tiềm năng đã mở email,publish,HUB-03,3137,STRONG,NORMALIZE,P2,
Batch 1,STRONG posts — normalise & keep,1082,TOP 10 phần mềm theo dõi bán hàng hàng đầu dành cho doanh nghiệp,publish,HUB-03,2965,STRONG,NORMALIZE,P2,
Batch 1,STRONG posts — normalise & keep,2784,18 lợi ích mà giải pháp tích hợp điện thoại máy tính đem đến cho Call Center,publish,HUB-01,2915,STRONG,VERIFY_PRODUCT,P2,sla_uptime
Batch 1,STRONG posts — normalise & keep,1134,9 mẹo Cold Calling dành cho nhân viên bán hàng (Phần cuối),publish,HUB-03,2903,STRONG,NORMALIZE,P2,
Batch 1,STRONG posts — normalise & keep,1187,Bán hàng Inbound hay Outbound - Đâu là phương pháp mà bạn nên quan tâm? (Phần 1),publish,HUB-03,2867,STRONG,VERIFY_PRODUCT,P2,unlimited
Batch 1,STRONG posts — normalise & keep,861,11 chỉ số đánh giá quan trọng đối với bộ phận Chăm Sóc Khách Hàng,publish,HUB-04,2866,STRONG,VERIFY_PRODUCT,P2,sla_uptime
Batch 1,STRONG posts — normalise & keep,1231,Tương lai của tổng đài doanh nghiệp: 10 xu hướng nổi bật nhất,publish,HUB-01,2827,STRONG,VERIFY_PRODUCT,P2,always_247
Batch 1,STRONG posts — normalise & keep,15332,Dịch Vụ Voice Brandname Là Gì?,publish,HUB-08,2761,STRONG,VERIFY_PRODUCT,P2,unlimited
Batch 1,STRONG posts — normalise & keep,10753,Mẫu bảng đánh giá nhân viên bán hàng mới nhất,publish,HUB-03,2595,STRONG,NORMALIZE,P2,
Batch 1,STRONG posts — normalise & keep,10747,7 bước lập kế hoạch telesales hiệu quả,publish,HUB-03,2593,STRONG,NORMALIZE,P2,
Batch 1,STRONG posts — normalise & keep,1113,9 mẹo Cold Calling dành cho nhân viên bán hàng (Phần 1),publish,HUB-03,2421,STRONG,NORMALIZE,P2,
Batch 1,STRONG posts — normalise & keep,2768,Call Center: Điểm khác biệt giữa On-Premises và Cloud Call Center (Phần 1),publish,HUB-01,2387,STRONG,NORMALIZE,P2,
Batch 1,STRONG posts — normalise & keep,1071,Cách tạo hồ sơ khách hàng lý tưởng cho nhóm khách hàng tiềm năng B2B,publish,HUB-03,2383,STRONG,NORMALIZE,P2,
Batch 1,STRONG posts — normalise & keep,2811,Call Center: Điểm khác biệt giữa On-Premises và Cloud Call Center (Phần cuối),publish,HUB-01,2339,STRONG,VERIFY_PRODUCT,P2,always_247|unlimited
Batch 1,STRONG posts — normalise & keep,1296,Bí quyết telesales: Nên hay không sử dụng kịch bản cuộc gọi bán hàng?,publish,HUB-03,2300,STRONG,NORMALIZE,P2,
Batch 1,STRONG posts — normalise & keep,10754,Cuộc họp đánh giá bán hàng hàng năm: 8 bước để thực hiện hiệu quả,publish,HUB-03,2263,STRONG,NORMALIZE,P2,
Batch 1,STRONG posts — normalise & keep,1351,6 cách nhắn tin cho khách hàng đạt hiệu quả trong quy trình bán hàng,publish,HUB-03,2129,STRONG,NORMALIZE,P2,
Batch 1,STRONG posts — normalise & keep,1368,Phần mềm gọi tự động và lợi ích đối với chiến lược bán hàng,publish,HUB-03,2111,STRONG,VERIFY_LEGAL,P1,customer_named
Batch 1,STRONG posts — normalise & keep,1102,5 chỉ số đo lường hiệu suất bán hàng quan trọng mà quản lý nên theo dõi,publish,HUB-03,2094,STRONG,VERIFY_LEGAL,P1,customer_named
Batch 1,STRONG posts — normalise & keep,872,Công nghệ đang thay đổi cách mọi người làm việc từ xa như thế nào?,publish,HUB-08,2015,STRONG,VERIFY_LEGAL,P1,customer_named
Batch 1,STRONG posts — normalise & keep,2958,Bán hàng qua điện thoại: Làm gì nếu khách hàng nói không có thời gian?,publish,HUB-03,2009,STRONG,VERIFY_PRODUCT,P2,pricing
Batch 2,CRM / Helpdesk / Integration,15743,Đồng Bộ Hóa Dữ Liệu Là Gì? Tại Sao Nên Đồng Bộ Dữ Liệu?,publish,HUB-02,1292,ADEQUATE,KEEP_AS_IS,P1,
Batch 2,CRM / Helpdesk / Integration,15384,Salesforce Marketing Cloud Là Gì? Tìm Hiểu Thông Tin Từ A-Z,publish,HUB-02,1200,ADEQUATE,VERIFY_PRODUCT,P1,unlimited
Batch 2,CRM / Helpdesk / Integration,15380,So Sánh Salesforce CRM Và Các Phần Mềm Khác,publish,HUB-02,1175,ADEQUATE_SHORT,KEEP_AS_IS,P1,
Batch 2,CRM / Helpdesk / Integration,15314,Salesforce Là Gì? Những Thông Tin Quan Trọng Nhất,publish,HUB-02,1123,ADEQUATE_SHORT,KEEP_AS_IS,P1,
Batch 2,CRM / Helpdesk / Integration,15335,Phần Mềm CRM Việt Nam Là Gì?,publish,HUB-02,1121,ADEQUATE_SHORT,KEEP_AS_IS,P1,
Batch 2,CRM / Helpdesk / Integration,15363,Vì Sao Chiến Lược Chăm Sóc Khách Hàng Với SalesForce Cần Thiết,publish,HUB-02,1083,ADEQUATE_SHORT,KEEP_AS_IS,P1,
Batch 3,QA/QC,16176,Nâng Cao Chất Lượng Nguồn Nhân Lực Trong Doanh Nghiệp,publish,HUB-05,1781,ADEQUATE,KEEP_AS_IS,P1,
Batch 4,Voicebot & AI,14292,Marketing Automation Là Gì? Những Thông Tin Cần Biết,publish,HUB-06,1029,ADEQUATE_SHORT,KEEP_AS_IS,P1,
Batch 5,Tổng đài quốc tế,—,(no posts in this batch),—,—,—,—,—,—,—
Batch 6,Telesales / Call Center / CX,1828,Cải thiện trải nghiệm khách hàng tại Call Center bằng biểu mẫu chấm điểm đánh giá cuộc gọi,publish,HUB-01,1999,ADEQUATE,NORMALIZE,P2,
Batch 6,Telesales / Call Center / CX,1324,Thế nào là telesales thành công và cách đánh giá cuộc gọi bán hàng?,publish,HUB-03,1945,ADEQUATE,NORMALIZE,P2,
Batch 6,Telesales / Call Center / CX,10750,Cách bán hàng hiệu quả bằng giọng nói,publish,HUB-03,1931,ADEQUATE,NORMALIZE,P2,
Batch 6,Telesales / Call Center / CX,884,Tiếp thị qua điện thoại: 13 mẹo chinh phục khách hàng,publish,HUB-03,1911,ADEQUATE,NORMALIZE,P2,
Batch 6,Telesales / Call Center / CX,1968,Tổng đài quốc tế: Mở rộng thị trường dễ dàng với phần mềm Call Center kết nối số nước ngoài,publish,HUB-01,1900,ADEQUATE,VERIFY_PRODUCT,P1,countries_70|setup_time
Batch 6,Telesales / Call Center / CX,603,10 Thống kê về hệ thống VoIP chứng minh tầm quan trọng của công nghệ,publish,HUB-01,1860,ADEQUATE,VERIFY_PRODUCT,P2,pricing
Batch 6,Telesales / Call Center / CX,15713,Quản Lý Cuộc Gọi Khách Hàng Có Thật Sự Dễ Dàng?,publish,HUB-01,1854,ADEQUATE,VERIFY_PRODUCT,P2,setup_time
Batch 6,Telesales / Call Center / CX,15738,"Tại Sao Dịch Vụ Tổng Đài Ảo Dành Cho Startup ""Bùng Nổ"" 2023?",publish,HUB-01,1826,ADEQUATE,KEEP_AS_IS,P2,
Batch 6,Telesales / Call Center / CX,13483,Tổng Đài Công Nghệ Là Gì? Có Nên Đầu Tư Vào Tổng Đài Ảo?,publish,HUB-01,1820,ADEQUATE,VERIFY_PRODUCT,P1,qc_100|always_247|unlimited
Batch 6,Telesales / Call Center / CX,1219,Bán hàng Inbound hay Outbound - Đâu là phương pháp mà bạn nên quan tâm? (Phần 3),publish,HUB-03,1794,ADEQUATE,NORMALIZE,P2,
Batch 6,Telesales / Call Center / CX,654,5 Lợi ích của việc Sử dụng Báo cáo Tổng đài Call Center (Phần cuối),publish,HUB-01,1722,ADEQUATE,NORMALIZE,P2,
Batch 6,Telesales / Call Center / CX,15993,Phương Pháp Quản Lý Telesale Hiệu Quả,publish,HUB-03,1667,ADEQUATE,KEEP_AS_IS,P2,
Batch 6,Telesales / Call Center / CX,12686,Học Ngay 5 Kinh Nghiệm Bán Hàng Trên Shopee Cực Hiệu Quả 2022,publish,HUB-03,1638,ADEQUATE,KEEP_AS_IS,P2,
Batch 6,Telesales / Call Center / CX,15589,Câu Hỏi Chăm Sóc Khách Hàng Cũ & Kịch Bản CSKH Hiệu Quả,publish,HUB-04,1624,ADEQUATE,KEEP_AS_IS,P2,
Batch 6,Telesales / Call Center / CX,12797,Khóa Học Bán Hàng Trên Shopee Nào Hiệu Quả Nhất,publish,HUB-03,1619,ADEQUATE,KEEP_AS_IS,P2,
Batch 6,Telesales / Call Center / CX,1427,Các chỉ số đánh giá phễu bán hàng hiệu quả,publish,HUB-03,1605,ADEQUATE,NORMALIZE,P2,
Batch 6,Telesales / Call Center / CX,15904,8 Bước Bán Hàng Cơ Bản Và Hiệu Quả Cho Nhân Viên Sales,publish,HUB-03,1601,ADEQUATE,KEEP_AS_IS,P2,
Batch 6,Telesales / Call Center / CX,1314,Telesales: Cách tập trung khi gọi điện bán hàng,publish,HUB-03,1579,ADEQUATE,NORMALIZE,P2,
Batch 6,Telesales / Call Center / CX,10746,Xây dựng chiến lược email follow-up giúp bán hàng hiệu quả (Phần cuối),publish,HUB-03,1578,ADEQUATE,VERIFY_LEGAL,P1,customer_named
Batch 6,Telesales / Call Center / CX,1560,Tiếp thị qua điện thoại: Kỹ năng xử lý từ chối giúp tăng cơ hội bán hàng,publish,HUB-03,1562,ADEQUATE,NORMALIZE,P2,
Batch 6,Telesales / Call Center / CX,14462,Hotline Là Gì? Có Những Loại Đầu Số Hotline Nào Hiện Nay?,publish,HUB-01,1553,ADEQUATE,VERIFY_PRODUCT,P2,pricing
Batch 6,Telesales / Call Center / CX,15353,Cách Xây Dựng Quy Trình Bán Hàng Của Doanh Nghiệp Hiệu Quả,publish,HUB-03,1537,ADEQUATE,KEEP_AS_IS,P2,
Batch 6,Telesales / Call Center / CX,16324,Tự Ghi Âm Cuộc Gọi Và Cách Hướng Dẫn Cài,publish,HUB-01,1501,ADEQUATE,KEEP_AS_IS,P2,
Batch 6,Telesales / Call Center / CX,15830,Mô Hình Trải Nghiệm Khách Hàng Là Gì?,publish,HUB-04,1494,ADEQUATE,KEEP_AS_IS,P2,
Batch 6,Telesales / Call Center / CX,16018,Đăng Ký Tổng Đài Ảo: Giải Pháp Chăm Sóc Khách Hàng Hiệu Quả,publish,HUB-01,1488,ADEQUATE,VERIFY_LEGAL,P1,always_247|customer_named
Batch 6,Telesales / Call Center / CX,10752,Đừng báo giá giải pháp trước khi truyền tải được giá trị đến khách hàng,publish,HUB-03,1472,ADEQUATE,VERIFY_PRODUCT,P2,pricing
Batch 6,Telesales / Call Center / CX,615,10 mẹo hay nhất để Telesales thành công,publish,HUB-03,1464,ADEQUATE,NORMALIZE,P2,
Batch 6,Telesales / Call Center / CX,15926,Cách Telesale Cho Người Mới Bắt Đầu,publish,HUB-03,1461,ADEQUATE,KEEP_AS_IS,P2,
Batch 6,Telesales / Call Center / CX,16005,Hệ Thống Chăm Sóc Khách Hàng: Lợi Ích Và 6 Tính Năng,publish,HUB-04,1459,ADEQUATE,VERIFY_LEGAL,P1,customer_named
Batch 6,Telesales / Call Center / CX,15306,Chăm Sóc Khách Hàng Qua Điện Thoại Và Kỹ Năng Cần Thiết,publish,HUB-04,1454,ADEQUATE,KEEP_AS_IS,P2,
Batch 6,Telesales / Call Center / CX,1591,Giọng nói: Yếu tố quyết định thành công trong tiếp thị qua điện thoại,publish,HUB-03,1442,ADEQUATE,NORMALIZE,P2,
Batch 6,Telesales / Call Center / CX,14787,Cách Xử Lý Các Tình Huống Chăm Sóc Khách Hàng,publish,HUB-04,1441,ADEQUATE,KEEP_AS_IS,P2,
Batch 6,Telesales / Call Center / CX,15859,Tổng Đài IP Và Những Điều Cần Biết Trước Khi Lắp Đặt,publish,HUB-01,1422,ADEQUATE,KEEP_AS_IS,P2,
Batch 6,Telesales / Call Center / CX,13242,Tổng Đài Ảo Miễn Phí Là Gì? Top 5+ Tổng Đài Ảo Miễn Phí CRM,publish,HUB-01,1418,ADEQUATE,KEEP_AS_IS,P2,
Batch 6,Telesales / Call Center / CX,15681,Tin Nhắn Chăm Sóc Khách Hàng Cũ Giúp Gia Tăng Hiệu Quả,publish,HUB-04,1390,ADEQUATE,KEEP_AS_IS,P2,
Batch 6,Telesales / Call Center / CX,10733,Cuộc gọi tiếp thị qua điện thoại là gì và cách thực hiện cuộc gọi hiệu quả?,publish,HUB-01,1377,ADEQUATE,NORMALIZE,P2,
Batch 6,Telesales / Call Center / CX,15561,Trải Nghiệm Khách Hàng Xuất Sắc Là Gì? Cách Nâng Cấp,publish,HUB-04,1375,ADEQUATE,VERIFY_PRODUCT,P2,unlimited
Batch 6,Telesales / Call Center / CX,10748,5 điều về trải nghiệm khách hàng mà mọi nhân viên bán hàng nên biết,publish,HUB-03,1365,ADEQUATE,NORMALIZE,P2,
Batch 6,Telesales / Call Center / CX,13427,Giải Pháp Tổng Đài Ảo Không Dây Có Gì Tốt?,publish,HUB-01,1355,ADEQUATE,VERIFY_PRODUCT,P1,qc_100
Batch 6,Telesales / Call Center / CX,1420,Cách giảm áp lực khi làm telesales,publish,HUB-03,1342,ADEQUATE,NORMALIZE,P2,
Batch 6,Telesales / Call Center / CX,14502,IVR Là Gì? Và Những Điều Cần Biết Về IVR,publish,HUB-01,1337,ADEQUATE,VERIFY_PRODUCT,P2,unlimited
Batch 6,Telesales / Call Center / CX,669,5 Lợi ích của việc Sử dụng Báo cáo Tổng đài Call Center (Phần 1),publish,HUB-01,1326,ADEQUATE,NORMALIZE,P2,
Batch 6,Telesales / Call Center / CX,16145,Phương Pháp Chăm Sóc Khách Hàng Hiệu Quả Nhất Hiện Nay,publish,HUB-04,1320,ADEQUATE,KEEP_AS_IS,P2,
Batch 6,Telesales / Call Center / CX,14522,ACD Là Gì? Ứng Dụng Thực Tế Của ACD Vào Call Center,publish,HUB-01,1306,ADEQUATE,VERIFY_PRODUCT,P2,setup_time
Batch 6,Telesales / Call Center / CX,10751,5 bước để thiết kế một kịch bản bán hàng thành công,publish,HUB-03,1300,ADEQUATE,NORMALIZE,P2,
Batch 6,Telesales / Call Center / CX,15884,Dịch Vụ Tổng Đài Đám Mây Cho Start-Up,publish,HUB-01,1282,ADEQUATE,KEEP_AS_IS,P2,
Batch 6,Telesales / Call Center / CX,10756,Sales: Telesales và Telemarketing,publish,HUB-03,1250,ADEQUATE,NORMALIZE,P2,
Batch 6,Telesales / Call Center / CX,1440,Tiếp thị qua điện thoại: Hướng dẫn nhanh Cold Calling chuyên nghiệp,publish,HUB-03,1249,ADEQUATE,NORMALIZE,P2,
Batch 6,Telesales / Call Center / CX,12590,Phần Mềm SMS Brandname Nào Tốt Nhất?,publish,HUB-04,1239,ADEQUATE,KEEP_AS_IS,P2,
Batch 6,Telesales / Call Center / CX,14902,Dịch Vụ Chăm Sóc Khách Hàng Là Gì?,publish,HUB-04,1232,ADEQUATE,KEEP_AS_IS,P2,
Batch 6,Telesales / Call Center / CX,14415,Kế Hoạch Chăm Sóc Khách Hàng Cũ Hiệu Quả Nhất,publish,HUB-04,1229,ADEQUATE,KEEP_AS_IS,P2,
Batch 6,Telesales / Call Center / CX,15604,Giải Pháp Chăm Sóc Khách Hàng Nào Tối Ưu Nhất?,publish,HUB-04,1227,ADEQUATE,KEEP_AS_IS,P2,
Batch 6,Telesales / Call Center / CX,16109,Chú Ý Khi Xây Dựng Sơ Đồ Quy Trình Chăm Sóc Khách Hàng,publish,HUB-04,1212,ADEQUATE,KEEP_AS_IS,P2,
Batch 6,Telesales / Call Center / CX,13388,Tổng Đài Nội Bộ Ảo Khác Tổng Đài Ảo Điểm Nào?,publish,HUB-01,1201,ADEQUATE,VERIFY_LEGAL,P1,customer_named
Batch 6,Telesales / Call Center / CX,15008,Tổng Đài IP Và Những Khác Biệt So Với Tổng Đài Analog,publish,HUB-01,1199,ADEQUATE_SHORT,VERIFY_PRODUCT,P2,unlimited
Batch 6,Telesales / Call Center / CX,10745,Xây dựng chiến lược email follow-up giúp bán hàng hiệu quả (Phần 1),publish,HUB-03,1195,ADEQUATE_SHORT,NORMALIZE,P2,
Batch 6,Telesales / Call Center / CX,12625,"SMS Brandname Giá Rẻ, Uy Tín Tại Gcalls",publish,HUB-03,1181,ADEQUATE_SHORT,KEEP_AS_IS,P2,
Batch 6,Telesales / Call Center / CX,1805,Bán hàng qua điện thoại: 3 câu hỏi bạn nên tự hỏi bản thân trước khi thực hiện cuộc gọi,publish,HUB-03,1179,ADEQUATE_SHORT,NORMALIZE,P2,
Batch 6,Telesales / Call Center / CX,14797,Tin Nhắn Chăm Sóc Khách Hàng Cũ Hiệu Quả Nhất,publish,HUB-04,1164,ADEQUATE_SHORT,KEEP_AS_IS,P2,
Batch 6,Telesales / Call Center / CX,14536,Dịch Vụ Tổng Đài Ảo - 13 Tính Năng Nổi Bật,publish,HUB-01,1162,ADEQUATE_SHORT,VERIFY_PRODUCT,P2,unlimited
Batch 6,Telesales / Call Center / CX,14607,Mẫu Lời Chào Tổng Đài Điện Thoại Phổ Biến Hiện Nay,publish,HUB-01,1160,ADEQUATE_SHORT,KEEP_AS_IS,P2,
Batch 6,Telesales / Call Center / CX,15806,Giải Pháp Tổng Đài Ảo Cho Doanh Nghiệp Vừa Và Nhỏ,publish,HUB-01,1137,ADEQUATE_SHORT,VERIFY_PRODUCT,P2,always_247
Batch 6,Telesales / Call Center / CX,15217,Phần Mềm Quản Lý Bán Hàng Đa Kênh Là Gì? Có Nên Sử Dụng?,publish,HUB-03,1127,ADEQUATE_SHORT,KEEP_AS_IS,P2,
Batch 6,Telesales / Call Center / CX,13286,Tổng Đài Ảo Là Gì? Lợi Ích Hàng Đầu Dành Cho Doanh Nghiệp,publish,HUB-01,1114,ADEQUATE_SHORT,KEEP_AS_IS,P2,
Batch 6,Telesales / Call Center / CX,14560,Số Tổng Đài 1800 Là Gì? Hướng Dẫn Đăng Ký Đầu Số 1800 Đơn Giản,publish,HUB-01,1109,ADEQUATE_SHORT,VERIFY_PRODUCT,P2,unlimited
Batch 6,Telesales / Call Center / CX,1817,Cách chiếm được lòng tin của khách hàng kín tiếng,publish,HUB-03,1108,ADEQUATE_SHORT,NORMALIZE,P2,
Batch 6,Telesales / Call Center / CX,15250,Tổng Đài Contact Center Là Gì?,publish,HUB-01,1106,ADEQUATE_SHORT,VERIFY_LEGAL,P1,always_247|customer_named
Batch 6,Telesales / Call Center / CX,15207,5 Lý Do Nên Chọn Dịch Vụ Chăm Sóc Khách Hàng Viettel,publish,HUB-04,1098,ADEQUATE_SHORT,VERIFY_LEGAL,P1,always_247|pricing|customer_named
Batch 6,Telesales / Call Center / CX,15281,Mua Số Tổng Đài 1900 Có Lợi Ích Gì? Nên Mua Ở Đâu Uy Tín?,publish,HUB-01,1094,ADEQUATE_SHORT,VERIFY_PRODUCT,P2,never_miss|unlimited|pricing
Batch 6,Telesales / Call Center / CX,14568,Giải Đáp Thông Tin Về VoIP Và Ứng Dụng Thực Tế,publish,HUB-01,1091,ADEQUATE_SHORT,VERIFY_PRODUCT,P2,unlimited
Batch 6,Telesales / Call Center / CX,15724,Bí Quyết Chăm Sóc Khách Hàng Tuyệt Đỉnh Nhất,publish,HUB-04,1084,ADEQUATE_SHORT,KEEP_AS_IS,P2,
Batch 6,Telesales / Call Center / CX,10740,Bộ câu hỏi phỏng vấn chuyên viên Telemarketing và Telesales,publish,HUB-03,1081,ADEQUATE_SHORT,NORMALIZE,P2,
Batch 6,Telesales / Call Center / CX,16022,Cách Gọi Telesale Hiệu Quả Mà Bạn Chưa Biết,publish,HUB-03,1079,ADEQUATE_SHORT,KEEP_AS_IS,P2,
Batch 6,Telesales / Call Center / CX,15943,Chương Trình Chăm Sóc Khách Hàng Tối Ưu Nhất,publish,HUB-04,1075,ADEQUATE_SHORT,KEEP_AS_IS,P2,
Batch 6,Telesales / Call Center / CX,15235,Customer Success Là Gì? Những Thông Tin Cụ Thể Nhất,publish,HUB-04,1072,ADEQUATE_SHORT,KEEP_AS_IS,P2,
Batch 6,Telesales / Call Center / CX,15660,Chiến Lược Giữ Chân Khách Hàng Hiệu Quả Nhất,publish,HUB-04,1072,ADEQUATE_SHORT,KEEP_AS_IS,P2,
Batch 6,Telesales / Call Center / CX,13208,Dịch Vụ Call Center Là Gì? Công Ty Cung Cấp Uy Tín Nhất,publish,HUB-01,1066,ADEQUATE_SHORT,VERIFY_PRODUCT,P2,always_247
Batch 6,Telesales / Call Center / CX,14506,Quy Trình Chăm Sóc Khách Hàng Sau Bán Hàng,publish,HUB-03,1065,ADEQUATE_SHORT,REFRESH_METADATA,P2,
Batch 6,Telesales / Call Center / CX,15262,Phần Mềm Tổng Đài Ảo Là Gì?,publish,HUB-01,1059,ADEQUATE_SHORT,KEEP_AS_IS,P2,
Batch 6,Telesales / Call Center / CX,14890,Hệ Thống Tổng Đài Điện Thoại Chuẩn Là Như Thế Nào?,publish,HUB-01,1048,ADEQUATE_SHORT,KEEP_AS_IS,P2,
Batch 6,Telesales / Call Center / CX,676,Làm thế nào để mở rộng một nhóm bán hàng toàn cầu?,publish,HUB-03,972,ADEQUATE_SHORT,NORMALIZE,P2,
Batch 6,Telesales / Call Center / CX,10734,Cách tiếp thị qua điện thoại hiệu quả xử lý 3 lời từ chối cuộc gọi chào hàng,publish,HUB-01,933,ADEQUATE_SHORT,NORMALIZE,P2,
Batch 6,Telesales / Call Center / CX,439,Góc nhìn của doanh nghiệp và khách hàng về tổng đài CSKH và bán hàng,publish,HUB-04,530,THIN,RETIRE_410,P3,customer_named
Batch 7,Kiến thức vận hành doanh nghiệp,16611,9 việc NÊN và KHÔNG NÊN làm trong quy trình đánh giá nhân viên,publish,HUB-08,1909,ADEQUATE,REFRESH_METADATA,P2,
Batch 7,Kiến thức vận hành doanh nghiệp,14773,Best Virtual Phone System For Small Medium Business 2023,publish,HUB-08,1879,ADEQUATE,MANUAL_REVIEW,P3,unlimited
Batch 7,Kiến thức vận hành doanh nghiệp,16271,Nhà Đầu Tư Thiên Thần - Cứu Tinh Của Start Up,publish,HUB-08,1821,ADEQUATE,KEEP_AS_IS,P2,
Batch 7,Kiến thức vận hành doanh nghiệp,12751,"Kinh Nghiệm Kinh Doanh Shopee, Bán Hàng Online Hiệu Quả",publish,HUB-08,1660,ADEQUATE,KEEP_AS_IS,P2,
Batch 7,Kiến thức vận hành doanh nghiệp,10742,Quyết toán thuế TNCN - Doanh nghiệp và người lao động cần biết,publish,HUB-08,1649,ADEQUATE,VERIFY_PRODUCT,P2,pricing
Batch 7,Kiến thức vận hành doanh nghiệp,826,Cách mạng Công nghiệp 4.0 và lợi ích đối với doanh nghiệp,publish,HUB-08,1626,ADEQUATE,NORMALIZE,P2,
Batch 7,Kiến thức vận hành doanh nghiệp,15558,8 Cách Giữ Khách Hàng Cũ Hiệu Quả,publish,HUB-08,1619,ADEQUATE,KEEP_AS_IS,P2,
Batch 7,Kiến thức vận hành doanh nghiệp,16254,5 Bước Lập Kế Hoạch Marketing Hiệu Quả Cho Doanh Nghiệp,publish,HUB-08,1585,ADEQUATE,KEEP_AS_IS,P2,
Batch 7,Kiến thức vận hành doanh nghiệp,15646,Top 5 Lợi Ích Của Phần Mềm Auto Answer,publish,HUB-08,1584,ADEQUATE,VERIFY_PRODUCT,P2,always_247
Batch 7,Kiến thức vận hành doanh nghiệp,16131,Phần Mềm Quản Lý Khách Hàng Miễn Phí Cho Doanh Nghiệp,publish,HUB-08,1574,ADEQUATE,KEEP_AS_IS,P2,
Batch 7,Kiến thức vận hành doanh nghiệp,16202,8 Phương Pháp Tiếp Cận Khách Hàng Hiệu Quả,publish,HUB-08,1571,ADEQUATE,KEEP_AS_IS,P2,
Batch 7,Kiến thức vận hành doanh nghiệp,16240,Xác Định Khách Hàng Mục Tiêu: Vai Trò & Cách Xác Định,publish,HUB-08,1548,ADEQUATE,KEEP_AS_IS,P2,
Batch 7,Kiến thức vận hành doanh nghiệp,16095,"Hệ Thống Quản Lý Khách Hàng Trong Nhà Hàng, Khách Sạn",publish,HUB-08,1531,ADEQUATE,KEEP_AS_IS,P2,
Batch 7,Kiến thức vận hành doanh nghiệp,553,"Gcalls và bạn - đối tác giới thiệu khách hàng - Cùng hợp tác, cùng có lợi",publish,HUB-08,1527,ADEQUATE,VERIFY_PRODUCT,P1,countries_70|always_247|customer_named
Batch 7,Kiến thức vận hành doanh nghiệp,15982,Quản Lý Quan Hệ Khách Hàng Trong Doanh Nghiệp,publish,HUB-08,1497,ADEQUATE,KEEP_AS_IS,P2,
Batch 7,Kiến thức vận hành doanh nghiệp,12770,Shopee Template Và Cách Thiết Kế Chi Tiết Trên Canva,publish,HUB-08,1468,ADEQUATE,KEEP_AS_IS,P2,
Batch 7,Kiến thức vận hành doanh nghiệp,16252,Mục Tiêu SMART Là Gì? Ví Dụ Và Cách Đặt Mục Tiêu SMART,publish,HUB-08,1452,ADEQUATE,KEEP_AS_IS,P2,
Batch 7,Kiến thức vận hành doanh nghiệp,10741,8 lời khuyên dành cho nhà quản lý Call Center,publish,HUB-08,1400,ADEQUATE,NORMALIZE,P2,
Batch 7,Kiến thức vận hành doanh nghiệp,12281,SMS Marketing Là Gì? Vì Sao Bạn Nên Dùng SMS Marketing?,publish,HUB-08,1392,ADEQUATE,VERIFY_PRODUCT,P2,pricing
Batch 7,Kiến thức vận hành doanh nghiệp,15847,Lưu Trữ Thông Tin Khách Hàng Với Top 3 Phần Mềm Tốt Nhất,publish,HUB-08,1390,ADEQUATE,KEEP_AS_IS,P2,
Batch 7,Kiến thức vận hành doanh nghiệp,684,Goals (Mục đích) vs Objectives (Mục tiêu): phân biệt đơn giản,publish,HUB-08,1376,ADEQUATE,NORMALIZE,P2,
Batch 7,Kiến thức vận hành doanh nghiệp,15775,5 Lợi Ích Của Dịch Vụ Hỗ Trợ Trực Tuyến,publish,HUB-08,1358,ADEQUATE,KEEP_AS_IS,P2,
Batch 7,Kiến thức vận hành doanh nghiệp,16348,Hướng Dẫn Khởi Nghiệp Hiệu Quả,publish,HUB-08,1348,ADEQUATE,KEEP_AS_IS,P2,
Batch 7,Kiến thức vận hành doanh nghiệp,13020,Khóa Học Kinh Doanh Shopee Hiệu Quả Trong Top 3,publish,HUB-08,1329,ADEQUATE,VERIFY_PRODUCT,P1,save_50_80|pricing
Batch 7,Kiến thức vận hành doanh nghiệp,694,"Tại sao không ""tùy ý"" đưa ý kiến trong content marketing",publish,HUB-08,1320,ADEQUATE,NORMALIZE,P2,
Batch 7,Kiến thức vận hành doanh nghiệp,16329,4 Website Gọi Vốn Cộng Đồng Hiệu Quả Dành Cho Start-Up,publish,HUB-08,1314,ADEQUATE,KEEP_AS_IS,P2,
Batch 7,Kiến thức vận hành doanh nghiệp,16201,9 Ý Tưởng Khởi Nghiệp Tuyệt Vời Cho Bạn,publish,HUB-08,1309,ADEQUATE,KEEP_AS_IS,P2,
Batch 7,Kiến thức vận hành doanh nghiệp,15049,Kịch Bản Tư Vấn Khách Hàng Spa Là Gì?,publish,HUB-08,1301,ADEQUATE,VERIFY_PRODUCT,P2,pricing
Batch 7,Kiến thức vận hành doanh nghiệp,16376,Quản Trị Theo Mục Tiêu SMART Là Gì?,publish,HUB-08,1273,ADEQUATE,KEEP_AS_IS,P2,
Batch 7,Kiến thức vận hành doanh nghiệp,12309,Dịch Vụ Tin Nhắn SMS Brandname Là Gì?,publish,HUB-08,1268,ADEQUATE,KEEP_AS_IS,P2,
Batch 7,Kiến thức vận hành doanh nghiệp,15221,Dịch Vụ Voice Brandname Là Gì Và Những Lợi Ích Hiện Đại,publish,HUB-08,1247,ADEQUATE,KEEP_AS_IS,P2,
Batch 7,Kiến thức vận hành doanh nghiệp,16035,8 Cách Nâng Cao Trải Nghiệm Dịch Vụ Khách Hàng,publish,HUB-08,1233,ADEQUATE,KEEP_AS_IS,P2,
Batch 7,Kiến thức vận hành doanh nghiệp,897,10 công nghệ mà bạn phải có để có thể xây dựng Team làm việc từ xa hiệu quả,publish,HUB-08,1213,ADEQUATE,NORMALIZE,P2,
Batch 7,Kiến thức vận hành doanh nghiệp,14870,On Premise Là Gì Và Đây Có Phải Là Giải Pháp Tốt Nhất?,publish,HUB-08,1198,ADEQUATE_SHORT,KEEP_AS_IS,P2,
Batch 7,Kiến thức vận hành doanh nghiệp,15765,Phần Mềm Auto Call Và Những Lợi Ích Cho Doanh Nghiệp,publish,HUB-08,1197,ADEQUATE_SHORT,VERIFY_PRODUCT,P1,save_50_80
Batch 7,Kiến thức vận hành doanh nghiệp,314,3 cách để doanh nghiệp tồn tại và vươn lên thời Covid,publish,HUB-08,1187,ADEQUATE_SHORT,NORMALIZE,P2,
Batch 7,Kiến thức vận hành doanh nghiệp,15870,Nhân Viên Hỗ Trợ Khách Hàng - Chìa Khóa Thành Công Của Doanh Nghiệp,publish,HUB-08,1179,ADEQUATE_SHORT,KEEP_AS_IS,P2,
Batch 7,Kiến thức vận hành doanh nghiệp,16284,9 Bước Lập Kế Hoạch Digital Marketing,publish,HUB-08,1169,ADEQUATE_SHORT,KEEP_AS_IS,P2,
Batch 7,Kiến thức vận hành doanh nghiệp,16257,Xác Định Ngân Sách Marketing Như Thế Nào?,publish,HUB-08,1167,ADEQUATE_SHORT,KEEP_AS_IS,P2,
Batch 7,Kiến thức vận hành doanh nghiệp,11915,Chạy Quảng Cáo Trên Shopee Từ A Đến Z,publish,HUB-08,1151,ADEQUATE_SHORT,VERIFY_PRODUCT,P2,unlimited
Batch 7,Kiến thức vận hành doanh nghiệp,15195,Customer Lifetime Value Là Gì? Vai Trò Và Cách Tính,publish,HUB-08,1142,ADEQUATE_SHORT,KEEP_AS_IS,P2,
Batch 7,Kiến thức vận hành doanh nghiệp,14539,SIP Trunk Là Gì? Lợi Ích Dịch Vụ Này Mang Đến Như Thế Nào?,publish,HUB-08,1140,ADEQUATE_SHORT,VERIFY_PRODUCT,P2,unlimited
Batch 7,Kiến thức vận hành doanh nghiệp,410,Nâng tầm giá trị thương hiệu của doanh nghiệp bạn với Voice Brandname,publish,HUB-08,1134,ADEQUATE_SHORT,NORMALIZE,P2,
Batch 7,Kiến thức vận hành doanh nghiệp,16180,Xây Dựng Chiến Lược Marketing Hiệu Quả Như Thế Nào?,publish,HUB-08,1131,ADEQUATE_SHORT,KEEP_AS_IS,P2,
Batch 7,Kiến thức vận hành doanh nghiệp,12599,SMS Marketing Giá Rẻ - Báo Giá Nhanh - Hiệu Quả Hàng Đầu,publish,HUB-08,1121,ADEQUATE_SHORT,KEEP_AS_IS,P2,
Batch 7,Kiến thức vận hành doanh nghiệp,14614,Service Level Agreement Là Gì? Từ A - Z Thông Tin Về SLA,publish,HUB-08,1118,ADEQUATE_SHORT,VERIFY_PRODUCT,P2,sla_uptime
Batch 7,Kiến thức vận hành doanh nghiệp,15916,Cách Gọi Sale Hiệu Quả Có Thể Bạn Không Biết,publish,HUB-08,1110,ADEQUATE_SHORT,KEEP_AS_IS,P2,
Batch 7,Kiến thức vận hành doanh nghiệp,12293,Phần Mềm SMS Marketing Và Những Điều Cần Biết,publish,HUB-08,1075,ADEQUATE_SHORT,KEEP_AS_IS,P2,
Batch 7,Kiến thức vận hành doanh nghiệp,13047,Cách Tối Ưu Sản Phẩm Trên Shopee Hiệu Quả Nhất,publish,HUB-08,1062,ADEQUATE_SHORT,KEEP_AS_IS,P2,
Batch 7,Kiến thức vận hành doanh nghiệp,15794,Hệ Thống Quản Lý Khách Hàng Và Phần Mềm Trên Điện Thoại,publish,HUB-08,1031,ADEQUATE_SHORT,KEEP_AS_IS,P2,
Batch 7,Kiến thức vận hành doanh nghiệp,13067,Cách Thiết Kế Gian Hàng Trên Lazada 2022,publish,HUB-08,1028,ADEQUATE_SHORT,KEEP_AS_IS,P2,
Batch 7,Kiến thức vận hành doanh nghiệp,12326,"Sms Brandname Là Gì, Gồm Mấy Loại Và Có Lợi Ích Gì Cho Doanh Nghiệp?",publish,HUB-08,965,ADEQUATE_SHORT,VERIFY_PRODUCT,P1,qc_100
Batch 7,Kiến thức vận hành doanh nghiệp,17741,Thủ thuật tăng traffic website uy tín tại trafficSEO,publish,HUB-08,825,BELOW_STANDARD,EXPAND,P2,
Batch 7,Kiến thức vận hành doanh nghiệp,15687,Quản Lý Thông Tin Khách Hàng Hiệu Quả Qua Hệ Thống Nào?,publish,HUB-08,809,BELOW_STANDARD,EXPAND,P2,
Batch 8,Non-editorial & draft duplicates,17775,Hướng dẫn quy trình bán bất động sản: Từ thời điểm mở bán cho đến lúc ký hợp đồng,draft,HUB-03,6685,STRONG,KEEP_AS_IS,P1,
Batch 8,Non-editorial & draft duplicates,2621,Ưu và nhược điểm của các giải pháp trong  phần mềm CRM HubSpot,draft,HUB-02,6221,STRONG,VERIFY_LEGAL,P1,setup_time|customer_named
Batch 8,Non-editorial & draft duplicates,2752,Khách hàng tự phục vụ và ví dụ về các cổng thông tin tự phục vụ tốt nhất,draft,HUB-04,6106,STRONG,VERIFY_LEGAL,P1,always_247|customer_named
Batch 8,Non-editorial & draft duplicates,2495,19 ví dụ về khảo sát sự hài lòng của khách hàng và các khảo sát mẫu,draft,HUB-04,5808,STRONG,VERIFY_PRODUCT,P2,setup_time
Batch 8,Non-editorial & draft duplicates,2400,Hướng dẫn đo lường kết quả khảo sát sự hài lòng của khách hàng,draft,HUB-04,5601,STRONG,VERIFY_PRODUCT,P2,always_247
Batch 8,Non-editorial & draft duplicates,2437,16 công cụ tạo phiếu yêu cầu hỗ trợ ticket cho bộ phận Dịch vụ khách hàng,private,HUB-02,5345,STRONG,VERIFY_PRODUCT,P1,always_247|sla_uptime|unlimited
Batch 8,Non-editorial & draft duplicates,17924,Product Demo là gì? Cách thực hiện Product Demo thành công dành cho nhân viên bán hàng,draft,HUB-03,4718,STRONG,VERIFY_LEGAL,P1,customer_named
Batch 8,Non-editorial & draft duplicates,2850,Ưu và nhược điểm của Zendesk: Đâu là phần mềm help desk tốt nhất?,draft,HUB-02,4598,STRONG,VERIFY_PRODUCT,P1,always_247
Batch 8,Non-editorial & draft duplicates,17917,15 cách để tránh cạn kiệt năng lượng của tổng đài viên,draft,HUB-01,4535,STRONG,VERIFY_PRODUCT,P2,setup_time
Batch 8,Non-editorial & draft duplicates,2835,Liệu Salesforce có phải là phần mềm CRM tốt nhất trên thị trường?,draft,HUB-02,4517,STRONG,NORMALIZE,P1,
Batch 8,Non-editorial & draft duplicates,2819,"Ưu, nhược điểm của phần mềm quản lý quan hệ khách hàng Zoho CRM",draft,HUB-02,4456,STRONG,NORMALIZE,P1,
Batch 8,Non-editorial & draft duplicates,17902,"Zoho CRM: Tính năng và ưu, nhược điểm của phần mềm quản lý mối quan hệ khách hàng này",draft,HUB-02,4438,STRONG,KEEP_AS_IS,P1,
Batch 8,Non-editorial & draft duplicates,10728,Dịch vụ khách hàng chủ động: Chiến lược và giá trị đối với doanh nghiệp,draft,HUB-04,4325,STRONG,VERIFY_LEGAL,P1,customer_named
Batch 8,Non-editorial & draft duplicates,2883,Sapo POS là gì? Phần mềm Sapo POS có tốt không?,draft,HUB-08,4269,STRONG,NORMALIZE,P2,
Batch 8,Non-editorial & draft duplicates,17884,Tại sao tỷ lệ giữ chân khách hàng lại quan trọng đối với doanh nghiệp?,draft,HUB-04,4248,STRONG,VERIFY_PRODUCT,P1,perf_30_50
Batch 8,Non-editorial & draft duplicates,2462,Tại sao tỷ lệ giữ chân khách hàng lại quan trọng đối với doanh nghiệp?,draft,HUB-04,4171,STRONG,VERIFY_PRODUCT,P1,perf_30_50
Batch 8,Non-editorial & draft duplicates,2920,36 mẹo telesales để bán hàng thành công năm 2021 (PHẦN 1),draft,HUB-03,3913,STRONG,NORMALIZE,P2,
Batch 8,Non-editorial & draft duplicates,17875,Lead qualification: Cách đánh giá khách hàng tiềm năng hiệu quả,draft,HUB-03,3882,STRONG,KEEP_AS_IS,P1,
Batch 8,Non-editorial & draft duplicates,2200,Lead qualification: Cách đánh giá khách hàng tiềm năng hiệu quả,draft,HUB-03,3837,STRONG,NORMALIZE,P2,
Batch 8,Non-editorial & draft duplicates,2665,Chiến lược khách hàng trung tâm (Customer-Centric) cho doanh nghiệp,draft,HUB-04,3638,STRONG,NORMALIZE,P2,
Batch 8,Non-editorial & draft duplicates,10729,Làm gì để tạo cuộc khảo sát về mức độ hài lòng của khách hàng hiệu quả?,draft,HUB-04,3617,STRONG,NORMALIZE,P2,
Batch 8,Non-editorial & draft duplicates,2864,Phần mềm Pancake POS: Tính năng và những ưu nhược điểm cần biết,draft,HUB-08,3571,STRONG,NORMALIZE,P2,
Batch 8,Non-editorial & draft duplicates,2244,Làm gì để mở rộng đội ngũ hỗ trợ khách hàng mà không hi sinh chất lượng dịch vụ?,draft,HUB-04,3350,STRONG,VERIFY_PRODUCT,P2,setup_time
Batch 8,Non-editorial & draft duplicates,2261,Cách tính giá trị vòng đời khách hàng CLV của doanh nghiệp,draft,HUB-04,3323,STRONG,NORMALIZE,P2,
Batch 8,Non-editorial & draft duplicates,2449,Hướng dẫn tính toán và cải thiện chỉ số CAC cho doanh nghiệp năm 2022,draft,HUB-04,3255,STRONG,VERIFY_PRODUCT,P2,always_247|pricing
Batch 8,Non-editorial & draft duplicates,10727,9 quy tắc giao tiếp qua điện thoại với khách hàng mà tổng đài viên cần biết,draft,HUB-01,3254,STRONG,NORMALIZE,P2,
Batch 8,Non-editorial & draft duplicates,2641,Phần mềm Bitrix24 - Các tính năng nổi bật và lý do nên lựa chọn Bitrix24,draft,HUB-08,3209,STRONG,VERIFY_PRODUCT,P2,unlimited
Batch 8,Non-editorial & draft duplicates,2930,36 Mẹo telesales để bán hàng thành công năm 2021 (PHẦN CUỐI),draft,HUB-03,3168,STRONG,NORMALIZE,P2,
Batch 8,Non-editorial & draft duplicates,2486,Chỉ số NPS là gì và tại sao nó lại quan trọng đối với doanh nghiệp?,draft,HUB-04,3149,STRONG,VERIFY_LEGAL,P1,customer_named
Batch 8,Non-editorial & draft duplicates,2584,Phần mềm Getfly: Tính năng và ứng dụng của phần mềm CRM “gốc Việt”,draft,HUB-02,3082,STRONG,NORMALIZE,P1,
Batch 8,Non-editorial & draft duplicates,2425,Hướng dẫn tuyển dụng nhân sự cho bộ phận Hỗ trợ khách hàng,draft,HUB-04,3067,STRONG,MANUAL_REVIEW,P3,
Batch 8,Non-editorial & draft duplicates,17894,"Tại sao nói: “Phản hồi của khách hàng của bạn vẫn còn quan trọng đối với doanh nghiệp?""",draft,HUB-04,3061,STRONG,KEEP_AS_IS,P1,
Batch 8,Non-editorial & draft duplicates,2738,Tại sao phàn nàn của khách hàng lại có ích cho doanh nghiệp của bạn?,draft,HUB-04,3007,STRONG,NORMALIZE,P2,
Batch 8,Non-editorial & draft duplicates,2472,Chỉ số CES là gì và khi nào nên sử dụng khảo sát CES?,draft,HUB-04,3001,STRONG,VERIFY_LEGAL,P1,customer_named
Batch 8,Non-editorial & draft duplicates,2715,Hướng dẫn tuyển dụng nhân viên hỗ trợ cho bộ phận dịch vụ khách hàng,draft,HUB-04,2995,STRONG,MANUAL_REVIEW,P3,
Batch 8,Non-editorial & draft duplicates,2904,"Tại sao nói: “Phản hồi của khách hàng của bạn vẫn còn quan trọng đối với doanh nghiệp?""",draft,HUB-04,2995,STRONG,NORMALIZE,P2,
Batch 8,Non-editorial & draft duplicates,17846,Hướng dẫn tuyển dụng nhân sự cho bộ phận Hỗ trợ khách hàng của doanh nghiệp,draft,HUB-08,2985,STRONG,MANUAL_REVIEW,P3,
Batch 8,Non-editorial & draft duplicates,10730,Hướng dẫn các bước xử lý tình huống khách hàng phàn nàn,draft,HUB-04,2965,STRONG,NORMALIZE,P2,
Batch 8,Non-editorial & draft duplicates,2761,Làm thế nào để kết nối 2 bộ phận bán hàng và dịch vụ khách hàng?,draft,HUB-03,2840,STRONG,NORMALIZE,P2,
Batch 8,Non-editorial & draft duplicates,10743,Hướng dẫn nhân viên tư vấn bán hàng cách xử lý khách hàng nóng tính,draft,HUB-03,2827,STRONG,VERIFY_LEGAL,P1,customer_named
Batch 8,Non-editorial & draft duplicates,10731,Khách hàng tự phục vụ và các ví dụ về loại hình trang web self-service,draft,HUB-04,2806,STRONG,NORMALIZE,P2,
Batch 8,Non-editorial & draft duplicates,17911,“Khách hàng luôn đúng”:Ý nghĩa và góc nhìn về tính đúng đắn của triết lý,draft,HUB-04,2778,STRONG,KEEP_AS_IS,P1,
Batch 8,Non-editorial & draft duplicates,17832,Làm thế nào để kết nối 2 bộ phận bán hàng và dịch vụ khách hàng trong doanh nghiệp?,draft,HUB-03,2770,STRONG,REFRESH_METADATA,P2,
Batch 8,Non-editorial & draft duplicates,1541,Các bước tổ chức một cuộc họp khách hàng chuyên nghiệp,draft,HUB-04,2765,STRONG,NORMALIZE,P2,
Batch 8,Non-editorial & draft duplicates,2539,Chỉ số CSAT là gì và cách đo lường chỉ số này trong dịch vụ khách hàng?,draft,HUB-04,2747,STRONG,NORMALIZE,P2,
Batch 8,Non-editorial & draft duplicates,17827,Chỉ số CSAT là gì và cách đo lường chỉ số này trong dịch vụ khách hàng?,draft,HUB-04,2677,STRONG,REFRESH_METADATA,P2,
Batch 8,Non-editorial & draft duplicates,2167,Mẫu bảng đánh giá nhân viên bán hàng mới nhất,draft,HUB-03,2599,STRONG,MERGE,P3,
Batch 8,Non-editorial & draft duplicates,1529,Tiêu chí đánh giá hiệu quả bán hàng,draft,HUB-03,2075,STRONG,NORMALIZE,P2,
Batch 8,Non-editorial & draft duplicates,2704,Hướng dẫn tạo biểu mẫu chấm điểm đánh giá cuộc gọi tại Call Center,draft,HUB-01,2043,STRONG,MERGE,P3,
Batch 8,Non-editorial & draft duplicates,17802,Tiêu chí đánh giá hiệu quả bán hàng,draft,HUB-03,2028,STRONG,REFRESH_METADATA,P2,
Batch 8,Non-editorial & draft duplicates,17839,6 cách tăng năng suất bán hàng và tối ưu công việc cho nhân viên bán hàng,draft,HUB-03,1994,ADEQUATE,VERIFY_PRODUCT,P2,setup_time
Batch 8,Non-editorial & draft duplicates,1454,Hướng dẫn nhân viên bán hàng SaaS xử lý từ chối giao dịch (Phần 1),draft,HUB-03,1871,ADEQUATE,VERIFY_PRODUCT,P2,setup_time
Batch 8,Non-editorial & draft duplicates,2684,Đội ngũ bán hàng nên quay lại văn phòng hay làm việc từ xa sau đại dịch?,draft,HUB-03,1834,ADEQUATE,NORMALIZE,P2,
Batch 8,Non-editorial & draft duplicates,17823,Vì sao nhắn tin với khách hàng là cách hiệu quả để tăng doanh số bán hàng?,draft,HUB-03,1781,ADEQUATE,KEEP_AS_IS,P2,
Batch 8,Non-editorial & draft duplicates,17856,Hướng dẫn cải thiện tình trạng quá tải tại Call Center vào các mùa lễ lớn sale to,draft,HUB-01,1781,ADEQUATE,REFRESH_METADATA,P2,
Batch 8,Non-editorial & draft duplicates,2695,10 điều không nên nói trong một cuộc gọi chăm sóc khách hàng,draft,HUB-04,1554,ADEQUATE,NORMALIZE,P2,
Batch 8,Non-editorial & draft duplicates,1496,Hướng dẫn nhân viên bán hàng SaaS xử lý từ chối giao dịch (Phần cuối),draft,HUB-03,1429,ADEQUATE,NORMALIZE,P2,
Batch 8,Non-editorial & draft duplicates,17795,8 cách xử lý từ chối của khách hàng,draft,HUB-03,1424,ADEQUATE,KEEP_AS_IS,P2,
Batch 8,Non-editorial & draft duplicates,13899,Top 4 Kỹ Năng Chăm Sóc Khách Hàng Qua Điện Thoại,draft,HUB-04,1363,ADEQUATE,KEEP_AS_IS,P2,
Batch 8,Non-editorial & draft duplicates,13012,Kinh Nghiệm Kinh Doanh Lazada Dành Cho Người Mới Bắt Đầu,private,HUB-08,1350,ADEQUATE,KEEP_AS_IS,P2,
Batch 8,Non-editorial & draft duplicates,13378,Giải Pháp Tổng Đài Chăm Sóc Khách Hàng: Bỏ Vốn 1 Một Lời 10,draft,HUB-01,1334,ADEQUATE,KEEP_AS_IS,P2,
Batch 8,Non-editorial & draft duplicates,12991,Kinh Nghiệm Bán Hàng Trên Lazada Cho Người Mới Bắt Đầu,draft,HUB-03,1312,ADEQUATE,KEEP_AS_IS,P2,
Batch 8,Non-editorial & draft duplicates,13167,Cách Tối Ưu Sản Phẩm Trên Lazada,draft,HUB-08,1262,ADEQUATE,KEEP_AS_IS,P2,
Batch 8,Non-editorial & draft duplicates,13426,Lắp Đặt Tổng Đài Ảo Có Lợi Ích Gì?,draft,HUB-01,1238,ADEQUATE,KEEP_AS_IS,P2,
Batch 8,Non-editorial & draft duplicates,13094,Tối Ưu Quảng Cáo Lazada Hiệu Quả Và Chuyên Nghiệp,draft,HUB-08,1098,ADEQUATE_SHORT,KEEP_AS_IS,P2,
Batch 8,Non-editorial & draft duplicates,13409,Giải Pháp Tổng Đài Hỗ Trợ - Ưu Nhược Điểm,draft,HUB-01,1077,ADEQUATE_SHORT,KEEP_AS_IS,P2,
Batch 8,Non-editorial & draft duplicates,12953,Tối Ưu Quảng Cáo Shopee Hiệu Quả Nhất,draft,HUB-08,1071,ADEQUATE_SHORT,KEEP_AS_IS,P2,
Batch 8,Non-editorial & draft duplicates,16389,Call Center Là Gì? Tất Tần Tật Về Call Center Mà Bạn Nên Biết,draft,HUB-01,937,ADEQUATE_SHORT,VERIFY_PRODUCT,P2,always_247
Batch 8,Non-editorial & draft duplicates,13469,Tuyển dụng Customer Success Specialist Intern,publish,HUB-04,803,BELOW_STANDARD,RETIRE_410,P3,customer_named
Batch 8,Non-editorial & draft duplicates,14304,Customer Success Specialist Fulltime,publish,HUB-04,733,BELOW_STANDARD,RETIRE_410,P3,customer_named
Batch 8,Non-editorial & draft duplicates,10801,Tuyển dụng Customer Success Engineer (IT Internship),publish,HUB-04,675,BELOW_STANDARD,RETIRE_410,P3,pricing
Batch 8,Non-editorial & draft duplicates,10798,Tuyển dụng Customer Success Engineer (IT Full Time),publish,HUB-04,589,THIN,RETIRE_410,P3,pricing
Batch 8,Non-editorial & draft duplicates,1617,Ebook: Hướng dẫn các bước xử lý tình huống khách hàng phàn nàn,draft,HUB-08,581,THIN,RETIRE_410,P3,
Batch 8,Non-editorial & draft duplicates,10957,Tuyển dụng Chuyên Viên Tư Vấn Doanh Nghiệp FullTime,publish,HUB-08,562,THIN,RETIRE_410,P3,
Batch 8,Non-editorial & draft duplicates,10962,Tuyển dụng Thực Tập Sinh Tư Vấn Doanh Nghiệp,publish,HUB-08,553,THIN,RETIRE_410,P3,pricing
Batch 8,Non-editorial & draft duplicates,13535,HR Intern,publish,HUB-08,538,THIN,RETIRE_410,P3,pricing
Batch 8,Non-editorial & draft duplicates,14577,HR Parttime,publish,HUB-08,525,THIN,RETIRE_410,P3,
Batch 8,Non-editorial & draft duplicates,14308,Customer Success Engineer Fulltime,publish,HUB-04,465,THIN,RETIRE_410,P3,
Batch 8,Non-editorial & draft duplicates,13456,Tuyển dụng UI/UX Intern,publish,HUB-08,439,THIN,RETIRE_410,P3,
Batch 8,Non-editorial & draft duplicates,10749,EBOOK: MẪU KỊCH BẢN CHĂM SÓC KHÁCH HÀNG QUA ĐIỆN THOẠI,draft,HUB-04,370,THIN,RETIRE_410,P3,
Batch 8,Non-editorial & draft duplicates,9993,Tai Nghe Jabra Biz 1100 QD Duo,publish,HUB-08,301,THIN,RETIRE_410,P3,
Batch 8,Non-editorial & draft duplicates,9991,Tai nghe EPOS Sennheiser SC 60 USB CTRL,publish,HUB-08,271,THIN,RETIRE_410,P3,
Batch 8,Non-editorial & draft duplicates,9980,Tai nghe EPOS Sennheiser 30 USB CTRL,publish,HUB-08,269,THIN,RETIRE_410,P3,
Batch 8,Non-editorial & draft duplicates,9995,Tai nghe Jabra Biz 1100 USB Duo,publish,HUB-08,217,THIN,RETIRE_410,P3,
Batch 8,Non-editorial & draft duplicates,9994,Tai nghe Jabra Biz 1100 USB Mono,publish,HUB-08,205,THIN,RETIRE_410,P3,
Batch 8,Non-editorial & draft duplicates,9992,Tai nghe Jabra Biz 1100QD Mono,publish,HUB-08,181,THIN,RETIRE_410,P3,
Batch 8,Non-editorial & draft duplicates,9996,Tai nghe Logitech H340,publish,HUB-08,166,THIN,RETIRE_410,P3,
Batch 8,Non-editorial & draft duplicates,10732,Ebook: Bí quyết telesales hiệu quả,draft,HUB-03,0,THIN,MANUAL_REVIEW,P3,
Batch 8,Non-editorial & draft duplicates,15328,salesforce,draft,HUB-02,0,THIN,MANUAL_REVIEW,P1,
