Legacy Post ID,New Title,HUB,Primary Keyword,Search Intent,Funnel Stage,Pillar/Supporting,Unique?,Priority
410,Nâng tầm giá trị thương hiệu của doanh nghiệp bạn với Voice Brandname,HUB-11,nâng tầm giá trị thương,transactional,TOFU,SUPPORTING,YES,P2
439,Góc nhìn của doanh nghiệp và khách hàng về tổng đài CSKH và bán hàng,HUB-05,góc nhìn khách hàng tổng,informational-general,TOFU,SUPPORTING,YES,P1
553,"Gcalls và bạn - đối tác giới thiệu khách hàng - Cùng hợp tác, cùng có lợi",HUB-03,gcalls đối tác giới thiệu,informational-general,MOFU,PILLAR,YES,P0
566,Dịch Vụ Call Center là gì? Dịch vụ Tổng đài Call Center,HUB-01,dịch vụ call center dịch,informational-definition,TOFU,PILLAR,YES,P1
588,"Tổng Đài Call Center Và Những Kiến Thức ""Cứu Sống"" Doanh Nghiệp",HUB-01,tổng đài call center kiến,informational-general,TOFU,PILLAR,YES,P1
603,10 Thống kê về hệ thống VoIP chứng minh tầm quan trọng của công nghệ,HUB-01,thống kê hệ thống voip,informational-general,TOFU,SUPPORTING,YES,P1
615,10 mẹo hay nhất để Telesales thành công,HUB-04,mẹo hay telesales thành công,informational-howto,TOFU,SUPPORTING,YES,P1
647,7 Lý Do Nên Chọn Tổng Đài Ảo Call Center Cho Doanh Nghiệp,HUB-01,lý do chọn tổng đài,informational-howto,TOFU,PILLAR,YES,P1
654,5 Lợi ích của việc Sử dụng Báo cáo Tổng đài Call Center (Phần cuối),HUB-01,lợi ích việc sử dụng,informational-general,TOFU,SUPPORTING,COLLISION,P1
669,5 Lợi ích của việc Sử dụng Báo cáo Tổng đài Call Center (Phần 1),HUB-01,lợi ích việc sử dụng,informational-general,TOFU,SUPPORTING,COLLISION,P1
676,Làm thế nào để mở rộng một nhóm bán hàng toàn cầu?,HUB-04,làm mở rộng nhóm bán,informational-general,TOFU,SUPPORTING,YES,P1
684,Goals (Mục đích) vs Objectives (Mục tiêu): phân biệt đơn giản,HUB-11,goals mục đích vs objectives,informational-general,TOFU,SUPPORTING,YES,P2
694,"Tại sao không ""tùy ý"" đưa ý kiến trong content marketing",HUB-11,tùy ý đưa ý kiến,informational-general,TOFU,SUPPORTING,YES,P2
826,Cách mạng Công nghiệp 4.0 và lợi ích đối với doanh nghiệp,HUB-11,mạng công lợi ích đối,informational-howto,TOFU,SUPPORTING,YES,P2
861,11 chỉ số đánh giá quan trọng đối với bộ phận Chăm Sóc Khách Hàng,HUB-05,chỉ số đánh giá quan,commercial-investigation,TOFU,PILLAR,YES,P1
872,Công nghệ đang thay đổi cách mọi người làm việc từ xa như thế nào?,HUB-10,công nghệ đang thay đổi,informational-howto,TOFU,PILLAR,YES,P1
884,Tiếp thị qua điện thoại: 13 mẹo chinh phục khách hàng,HUB-11,tiếp thị qua điện thoại,informational-howto,TOFU,SUPPORTING,COLLISION,P2
897,10 công nghệ mà bạn phải có để có thể xây dựng Team làm việc từ xa hiệu quả,HUB-10,công nghệ mà phải thể,informational-general,TOFU,SUPPORTING,YES,P1
1071,Cách tạo hồ sơ khách hàng lý tưởng cho nhóm khách hàng tiềm năng B2B,HUB-04,tạo hồ sơ khách hàng,informational-howto,TOFU,PILLAR,YES,P1
1082,TOP 10 phần mềm theo dõi bán hàng hàng đầu dành cho doanh nghiệp,HUB-04,mềm theo dõi bán hàng,commercial-investigation,TOFU,PILLAR,YES,P1
1102,5 chỉ số đo lường hiệu suất bán hàng quan trọng mà quản lý nên theo dõi,HUB-04,chỉ số đo lường hiệu,informational-general,TOFU,PILLAR,YES,P1
1113,9 mẹo Cold Calling dành cho nhân viên bán hàng (Phần 1),HUB-04,mẹo cold calling dành nhân,informational-howto,TOFU,PILLAR,COLLISION,P1
1134,9 mẹo Cold Calling dành cho nhân viên bán hàng (Phần cuối),HUB-04,mẹo cold calling dành nhân,informational-howto,TOFU,PILLAR,COLLISION,P1
1157,Phần Mềm Contact Center - Giải Pháp Tổng Đài Chuyên Nghiệp 2023,HUB-04,mềm contact center giải pháp,informational-general,TOFU,PILLAR,YES,P1
1187,Bán hàng Inbound hay Outbound - Đâu là phương pháp mà bạn nên quan tâm? (Phần 1),HUB-04,bán hàng inbound hay outbound,informational-general,TOFU,PILLAR,COLLISION,P1
1198,Bán hàng Inbound hay Outbound - Đâu là phương pháp mà bạn nên quan tâm? (Phần 2),HUB-04,bán hàng inbound hay outbound,informational-general,TOFU,PILLAR,COLLISION,P1
1219,Bán hàng Inbound hay Outbound - Đâu là phương pháp mà bạn nên quan tâm? (Phần 3),HUB-04,bán hàng inbound hay outbound,informational-general,TOFU,SUPPORTING,COLLISION,P1
1231,Tương lai của tổng đài doanh nghiệp: 10 xu hướng nổi bật nhất,HUB-01,tương lai tổng đài xu,informational-general,TOFU,PILLAR,YES,P1
1296,Bí quyết telesales: Nên hay không sử dụng kịch bản cuộc gọi bán hàng?,HUB-04,bí quyết telesales hay sử,informational-general,TOFU,PILLAR,YES,P1
1314,Telesales: Cách tập trung khi gọi điện bán hàng,HUB-04,telesales tập trung gọi điện,informational-howto,TOFU,SUPPORTING,YES,P1
1324,Thế nào là telesales thành công và cách đánh giá cuộc gọi bán hàng?,HUB-04,telesales thành công đánh giá,informational-howto,TOFU,SUPPORTING,YES,P1
1351,6 cách nhắn tin cho khách hàng đạt hiệu quả trong quy trình bán hàng,HUB-04,nhắn tin khách hàng đạt,informational-howto,TOFU,PILLAR,YES,P1
1368,Phần mềm gọi tự động và lợi ích đối với chiến lược bán hàng,HUB-02,mềm gọi tự động lợi,informational-general,MOFU,PILLAR,YES,P0
1381,6 bước xây dựng kịch bản bán hàng đỉnh cao,HUB-04,bước xây dựng kịch bản,informational-howto,TOFU,PILLAR,YES,P1
1396,Cách gọi điện thoại cho khách hàng tiềm năng đã mở email,HUB-04,gọi điện thoại khách hàng,informational-howto,TOFU,PILLAR,YES,P1
1420,Cách giảm áp lực khi làm telesales,HUB-04,giảm áp lực làm telesales,informational-howto,TOFU,SUPPORTING,YES,P1
1427,Các chỉ số đánh giá phễu bán hàng hiệu quả,HUB-04,chỉ số đánh giá phễu,commercial-investigation,TOFU,SUPPORTING,YES,P1
1440,Tiếp thị qua điện thoại: Hướng dẫn nhanh Cold Calling chuyên nghiệp,HUB-04,tiếp thị qua điện thoại,informational-howto,TOFU,SUPPORTING,COLLISION,P1
1454,Hướng dẫn nhân viên bán hàng SaaS xử lý từ chối giao dịch (Phần 1),HUB-04,hướng dẫn nhân viên bán,informational-howto,TOFU,SUPPORTING,COLLISION,P1
1496,Hướng dẫn nhân viên bán hàng SaaS xử lý từ chối giao dịch (Phần cuối),HUB-04,hướng dẫn nhân viên bán,informational-howto,TOFU,SUPPORTING,COLLISION,P1
1529,Tiêu chí đánh giá hiệu quả bán hàng,HUB-04,tiêu chí đánh giá hiệu,commercial-investigation,TOFU,PILLAR,YES,P1
1541,Các bước tổ chức một cuộc họp khách hàng chuyên nghiệp,HUB-04,bước tổ chức cuộc họp,informational-general,TOFU,PILLAR,YES,P1
1560,Tiếp thị qua điện thoại: Kỹ năng xử lý từ chối giúp tăng cơ hội bán hàng,HUB-04,tiếp thị qua điện thoại,informational-general,TOFU,SUPPORTING,COLLISION,P1
1591,Giọng nói: Yếu tố quyết định thành công trong tiếp thị qua điện thoại,HUB-04,giọng nói yếu tố quyết,informational-general,TOFU,SUPPORTING,YES,P1
1617,Ebook: Hướng dẫn các bước xử lý tình huống khách hàng phàn nàn,HUB-04,ebook hướng dẫn bước xử,informational-howto,TOFU,SUPPORTING,YES,P1
1705,Cách viết bản tự đánh giá công việc của nhân viên đầy đủ và ấn tượng,HUB-11,viết bản tự đánh giá,informational-howto,TOFU,PILLAR,YES,P2
1805,Bán hàng qua điện thoại: 3 câu hỏi bạn nên tự hỏi bản thân trước khi thực hiện cuộc gọi,HUB-04,bán hàng qua điện thoại,informational-general,TOFU,SUPPORTING,COLLISION,P1
1817,Cách chiếm được lòng tin của khách hàng kín tiếng,HUB-04,chiếm được lòng tin khách,informational-howto,TOFU,SUPPORTING,YES,P1
1828,Cải thiện trải nghiệm khách hàng tại Call Center bằng biểu mẫu chấm điểm đánh giá cuộc gọi,HUB-07,cải thiện trải nghiệm khách,commercial-investigation,MOFU,PILLAR,YES,P0
1967,Chiến lược mở rộng ra thị trường nước quốc tế,HUB-09,chiến lược mở rộng ra,informational-general,MOFU,PILLAR,YES,P0
1968,Tổng đài quốc tế: Mở rộng thị trường dễ dàng với phần mềm Call Center kết nối số nước ngoài,HUB-01,tổng đài quốc tế mở,informational-general,TOFU,SUPPORTING,YES,P1
2244,Làm gì để mở rộng đội ngũ hỗ trợ khách hàng mà không hi sinh chất lượng dịch vụ?,HUB-07,làm mở rộng đội ngũ,informational-general,MOFU,PILLAR,YES,P0
2261,Cách tính giá trị vòng đời khách hàng CLV của doanh nghiệp,HUB-11,tính giá trị vòng đời,informational-howto,TOFU,PILLAR,YES,P2
2400,Hướng dẫn đo lường kết quả khảo sát sự hài lòng của khách hàng,HUB-05,hướng dẫn đo lường kết,informational-howto,TOFU,PILLAR,YES,P1
2437,16 công cụ tạo phiếu yêu cầu hỗ trợ ticket cho bộ phận Dịch vụ khách hàng,HUB-03,công cụ tạo phiếu yêu,informational-general,MOFU,PILLAR,YES,P0
2449,Hướng dẫn tính toán và cải thiện chỉ số CAC cho doanh nghiệp năm 2022,HUB-04,hướng dẫn tính toán cải,informational-howto,TOFU,PILLAR,YES,P1
2472,Chỉ số CES là gì và khi nào nên sử dụng khảo sát CES?,HUB-05,chỉ số ces sử dụng,informational-definition,TOFU,PILLAR,YES,P1
2486,Chỉ số NPS là gì và tại sao nó lại quan trọng đối với doanh nghiệp?,HUB-05,chỉ số nps nó lại,informational-definition,TOFU,PILLAR,YES,P1
2495,19 ví dụ về khảo sát sự hài lòng của khách hàng và các khảo sát mẫu,HUB-04,ví dụ khảo sát sự,informational-general,TOFU,PILLAR,YES,P1
2539,Chỉ số CSAT là gì và cách đo lường chỉ số này trong dịch vụ khách hàng?,HUB-05,chỉ số csat đo lường,informational-definition,TOFU,PILLAR,YES,P1
2584,Phần mềm Getfly: Tính năng và ứng dụng của phần mềm CRM “gốc Việt”,HUB-03,mềm getfly tính năng ứng,informational-general,MOFU,PILLAR,YES,P0
2621,Ưu và nhược điểm của các giải pháp trong  phần mềm CRM HubSpot,HUB-03,ưu nhược điểm giải pháp,commercial-investigation,MOFU,PILLAR,YES,P0
2641,Phần mềm Bitrix24 - Các tính năng nổi bật và lý do nên lựa chọn Bitrix24,HUB-04,mềm bitrix24 tính năng nổi,informational-general,TOFU,PILLAR,YES,P1
2665,Chiến lược khách hàng trung tâm (Customer-Centric) cho doanh nghiệp,HUB-11,chiến lược khách hàng trung,informational-general,TOFU,PILLAR,YES,P2
2684,Đội ngũ bán hàng nên quay lại văn phòng hay làm việc từ xa sau đại dịch?,HUB-04,đội ngũ bán hàng quay,informational-general,TOFU,SUPPORTING,YES,P1
2695,10 điều không nên nói trong một cuộc gọi chăm sóc khách hàng,HUB-05,điều nói cuộc gọi chăm,informational-general,TOFU,SUPPORTING,YES,P1
2738,Tại sao phàn nàn của khách hàng lại có ích cho doanh nghiệp của bạn?,HUB-11,phàn nàn khách hàng lại,informational-general,TOFU,PILLAR,YES,P2
2752,Khách hàng tự phục vụ và ví dụ về các cổng thông tin tự phục vụ tốt nhất,HUB-05,khách hàng tự phục vụ,commercial-investigation,TOFU,PILLAR,COLLISION,P1
2761,Làm thế nào để kết nối 2 bộ phận bán hàng và dịch vụ khách hàng?,HUB-04,làm kết nối bộ phận,informational-general,TOFU,PILLAR,YES,P1
2768,Call Center: Điểm khác biệt giữa On-Premises và Cloud Call Center (Phần 1),HUB-01,call center điểm khác biệt,informational-general,TOFU,PILLAR,COLLISION,P1
2784,18 lợi ích mà giải pháp tích hợp điện thoại máy tính đem đến cho Call Center,HUB-01,lợi ích mà giải pháp,informational-general,TOFU,PILLAR,YES,P1
2811,Call Center: Điểm khác biệt giữa On-Premises và Cloud Call Center (Phần cuối),HUB-01,call center điểm khác biệt,informational-general,TOFU,PILLAR,COLLISION,P1
2819,"Ưu, nhược điểm của phần mềm quản lý quan hệ khách hàng Zoho CRM",HUB-03,ưu nhược điểm mềm quản,commercial-investigation,MOFU,PILLAR,YES,P0
2835,Liệu Salesforce có phải là phần mềm CRM tốt nhất trên thị trường?,HUB-03,liệu salesforce phải mềm crm,commercial-investigation,MOFU,PILLAR,YES,P0
2850,Ưu và nhược điểm của Zendesk: Đâu là phần mềm help desk tốt nhất?,HUB-03,ưu nhược điểm zendesk đâu,commercial-investigation,MOFU,PILLAR,YES,P0
2864,Phần mềm Pancake POS: Tính năng và những ưu nhược điểm cần biết,HUB-03,mềm pancake pos tính năng,commercial-investigation,MOFU,PILLAR,YES,P0
2883,Sapo POS là gì? Phần mềm Sapo POS có tốt không?,HUB-03,sapo pos mềm sapo pos,informational-definition,MOFU,PILLAR,YES,P0
2920,36 mẹo telesales để bán hàng thành công năm 2021 (PHẦN 1),HUB-04,mẹo telesales bán hàng thành,informational-howto,TOFU,PILLAR,COLLISION,P1
2930,36 Mẹo telesales để bán hàng thành công năm 2021 (PHẦN CUỐI),HUB-04,mẹo telesales bán hàng thành,informational-howto,TOFU,PILLAR,COLLISION,P1
2958,Bán hàng qua điện thoại: Làm gì nếu khách hàng nói không có thời gian?,HUB-04,bán hàng qua điện thoại,informational-general,TOFU,PILLAR,COLLISION,P1
10727,9 quy tắc giao tiếp qua điện thoại với khách hàng mà tổng đài viên cần biết,HUB-01,quy tắc giao tiếp qua,informational-general,TOFU,PILLAR,YES,P1
10728,Dịch vụ khách hàng chủ động: Chiến lược và giá trị đối với doanh nghiệp,HUB-11,dịch vụ khách hàng chủ,transactional,TOFU,PILLAR,YES,P2
10729,Làm gì để tạo cuộc khảo sát về mức độ hài lòng của khách hàng hiệu quả?,HUB-05,làm tạo cuộc khảo sát,informational-general,TOFU,PILLAR,YES,P1
10730,Hướng dẫn các bước xử lý tình huống khách hàng phàn nàn,HUB-04,hướng dẫn bước xử lý,informational-howto,TOFU,PILLAR,YES,P1
10731,Khách hàng tự phục vụ và các ví dụ về loại hình trang web self-service,HUB-05,khách hàng tự phục vụ,informational-general,TOFU,PILLAR,COLLISION,P1
10733,Cuộc gọi tiếp thị qua điện thoại là gì và cách thực hiện cuộc gọi hiệu quả?,HUB-04,cuộc gọi tiếp thị qua,informational-definition,TOFU,SUPPORTING,YES,P1
10734,Cách tiếp thị qua điện thoại hiệu quả xử lý 3 lời từ chối cuộc gọi chào hàng,HUB-04,tiếp thị qua điện thoại,informational-howto,TOFU,SUPPORTING,COLLISION,P1
10740,Bộ câu hỏi phỏng vấn chuyên viên Telemarketing và Telesales,HUB-04,bộ câu hỏi phỏng vấn,informational-general,TOFU,SUPPORTING,YES,P1
10741,8 lời khuyên dành cho nhà quản lý Call Center,HUB-01,lời khuyên dành nhà quản,informational-general,TOFU,SUPPORTING,YES,P1
10742,Quyết toán thuế TNCN - Doanh nghiệp và người lao động cần biết,HUB-11,quyết toán thuế tncn người,informational-general,TOFU,SUPPORTING,YES,P2
10743,Hướng dẫn nhân viên tư vấn bán hàng cách xử lý khách hàng nóng tính,HUB-04,hướng dẫn nhân viên tư,informational-howto,TOFU,PILLAR,YES,P1
10745,Xây dựng chiến lược email follow-up giúp bán hàng hiệu quả (Phần 1),HUB-04,xây dựng chiến lược email,informational-general,TOFU,SUPPORTING,COLLISION,P1
10746,Xây dựng chiến lược email follow-up giúp bán hàng hiệu quả (Phần cuối),HUB-04,xây dựng chiến lược email,informational-general,TOFU,SUPPORTING,COLLISION,P1
10747,7 bước lập kế hoạch telesales hiệu quả,HUB-04,bước lập kế hoạch telesales,informational-howto,TOFU,PILLAR,YES,P1
10748,5 điều về trải nghiệm khách hàng mà mọi nhân viên bán hàng nên biết,HUB-04,điều trải nghiệm khách hàng,informational-general,TOFU,SUPPORTING,YES,P1
10749,EBOOK: MẪU KỊCH BẢN CHĂM SÓC KHÁCH HÀNG QUA ĐIỆN THOẠI,HUB-05,ebook mẫu kịch bản chăm,informational-general,TOFU,SUPPORTING,YES,P1
10750,Cách bán hàng hiệu quả bằng giọng nói,HUB-04,bán hàng hiệu quả giọng,informational-howto,TOFU,SUPPORTING,YES,P1
10751,5 bước để thiết kế một kịch bản bán hàng thành công,HUB-04,bước thiết kế kịch bản,informational-howto,TOFU,SUPPORTING,YES,P1
10752,Đừng báo giá giải pháp trước khi truyền tải được giá trị đến khách hàng,HUB-04,đừng báo giá giải pháp,transactional,TOFU,SUPPORTING,YES,P1
10753,Mẫu bảng đánh giá nhân viên bán hàng mới nhất,HUB-04,mẫu bảng đánh giá nhân,commercial-investigation,TOFU,PILLAR,YES,P1
10754,Cuộc họp đánh giá bán hàng hàng năm: 8 bước để thực hiện hiệu quả,HUB-04,cuộc họp đánh giá bán,informational-howto,TOFU,PILLAR,YES,P1
10756,Sales: Telesales và Telemarketing,HUB-04,sales telesales telemarketing,informational-general,TOFU,SUPPORTING,YES,P1
12281,SMS Marketing Là Gì? Vì Sao Bạn Nên Dùng SMS Marketing?,HUB-11,sms marketing vì dùng sms,informational-definition,TOFU,SUPPORTING,YES,P2
12293,Phần Mềm SMS Marketing Và Những Điều Cần Biết,HUB-11,mềm sms marketing điều cần,informational-general,TOFU,SUPPORTING,YES,P2
12309,Dịch Vụ Tin Nhắn SMS Brandname Là Gì?,HUB-11,dịch vụ tin nhắn sms,informational-definition,TOFU,SUPPORTING,YES,P2
12326,"Sms Brandname Là Gì, Gồm Mấy Loại Và Có Lợi Ích Gì Cho Doanh Nghiệp?",HUB-11,sms brandname gồm mấy loại,informational-definition,TOFU,SUPPORTING,YES,P2
12590,Phần Mềm SMS Brandname Nào Tốt Nhất?,HUB-11,mềm sms brandname tốt,commercial-investigation,TOFU,SUPPORTING,YES,P2
12599,SMS Marketing Giá Rẻ - Báo Giá Nhanh - Hiệu Quả Hàng Đầu,HUB-11,sms marketing giá rẻ báo,transactional,TOFU,SUPPORTING,YES,P2
12625,"SMS Brandname Giá Rẻ, Uy Tín Tại Gcalls",HUB-11,sms brandname giá rẻ uy,transactional,TOFU,SUPPORTING,YES,P2
12686,Học Ngay 5 Kinh Nghiệm Bán Hàng Trên Shopee Cực Hiệu Quả 2022,HUB-04,học ngay kinh nghiệm bán,informational-general,TOFU,SUPPORTING,YES,P3
12751,"Kinh Nghiệm Kinh Doanh Shopee, Bán Hàng Online Hiệu Quả",HUB-04,kinh nghiệm kinh shopee bán,informational-general,TOFU,SUPPORTING,YES,P3
12770,Shopee Template Và Cách Thiết Kế Chi Tiết Trên Canva,HUB-08,shopee template thiết kế chi,informational-howto,TOFU,SUPPORTING,YES,P3
12797,Khóa Học Bán Hàng Trên Shopee Nào Hiệu Quả Nhất,HUB-04,khóa học bán hàng trên,informational-general,TOFU,SUPPORTING,YES,P3
12991,Kinh Nghiệm Bán Hàng Trên Lazada Cho Người Mới Bắt Đầu,HUB-04,kinh nghiệm bán hàng trên,informational-general,TOFU,SUPPORTING,YES,P3
13012,Kinh Nghiệm Kinh Doanh Lazada Dành Cho Người Mới Bắt Đầu,HUB-04,kinh nghiệm kinh lazada dành,informational-general,TOFU,SUPPORTING,YES,P3
13020,Khóa Học Kinh Doanh Shopee Hiệu Quả Trong Top 3,HUB-04,khóa học kinh shopee hiệu,commercial-investigation,TOFU,SUPPORTING,YES,P3
13047,Cách Tối Ưu Sản Phẩm Trên Shopee Hiệu Quả Nhất,HUB-04,tối ưu sản phẩm trên,informational-howto,TOFU,SUPPORTING,COLLISION,P3
13094,Tối Ưu Quảng Cáo Lazada Hiệu Quả Và Chuyên Nghiệp,HUB-04,tối ưu quảng cáo lazada,informational-general,TOFU,SUPPORTING,YES,P3
13167,Cách Tối Ưu Sản Phẩm Trên Lazada,HUB-04,tối ưu sản phẩm trên,informational-howto,TOFU,SUPPORTING,COLLISION,P3
13208,Dịch Vụ Call Center Là Gì? Công Ty Cung Cấp Uy Tín Nhất,HUB-01,dịch vụ call center công,informational-definition,TOFU,SUPPORTING,YES,P1
13242,Tổng Đài Ảo Miễn Phí Là Gì? Top 5+ Tổng Đài Ảo Miễn Phí CRM,HUB-01,tổng đài ảo miễn phí,informational-definition,TOFU,SUPPORTING,YES,P1
13286,Tổng Đài Ảo Là Gì? Lợi Ích Hàng Đầu Dành Cho Doanh Nghiệp,HUB-01,tổng đài ảo lợi ích,informational-definition,TOFU,SUPPORTING,YES,P1
13378,Giải Pháp Tổng Đài Chăm Sóc Khách Hàng: Bỏ Vốn 1 Một Lời 10,HUB-01,giải pháp tổng đài chăm,informational-general,TOFU,SUPPORTING,YES,P1
13388,Tổng Đài Nội Bộ Ảo Khác Tổng Đài Ảo Điểm Nào?,HUB-01,tổng đài nội bộ ảo,informational-general,TOFU,SUPPORTING,YES,P1
13409,Giải Pháp Tổng Đài Hỗ Trợ - Ưu Nhược Điểm,HUB-01,giải pháp tổng đài hỗ,commercial-investigation,TOFU,SUPPORTING,YES,P1
13426,Lắp Đặt Tổng Đài Ảo Có Lợi Ích Gì?,HUB-01,lắp đặt tổng đài ảo,informational-general,TOFU,SUPPORTING,YES,P1
13427,Giải Pháp Tổng Đài Ảo Không Dây Có Gì Tốt?,HUB-01,giải pháp tổng đài ảo,informational-general,TOFU,SUPPORTING,COLLISION,P1
13483,Tổng Đài Công Nghệ Là Gì? Có Nên Đầu Tư Vào Tổng Đài Ảo?,HUB-01,tổng đài công nghệ đầu,informational-definition,TOFU,SUPPORTING,YES,P1
13899,Top 4 Kỹ Năng Chăm Sóc Khách Hàng Qua Điện Thoại,HUB-05,kỹ năng chăm sóc khách,informational-howto,TOFU,SUPPORTING,YES,P1
14292,Marketing Automation Là Gì? Những Thông Tin Cần Biết,HUB-08,marketing automation thông tin cần,informational-definition,TOFU,PILLAR,YES,P0
14415,Kế Hoạch Chăm Sóc Khách Hàng Cũ Hiệu Quả Nhất,HUB-05,kế hoạch chăm sóc khách,informational-general,TOFU,SUPPORTING,YES,P1
14462,Hotline Là Gì? Có Những Loại Đầu Số Hotline Nào Hiện Nay?,HUB-01,hotline loại đầu số hotline,informational-definition,TOFU,SUPPORTING,YES,P1
14502,IVR Là Gì? Và Những Điều Cần Biết Về IVR,HUB-01,ivr điều cần biết ivr,informational-definition,TOFU,SUPPORTING,YES,P1
14506,Quy Trình Chăm Sóc Khách Hàng Sau Bán Hàng,HUB-04,quy trình chăm sóc khách,informational-howto,TOFU,SUPPORTING,YES,P1
14522,ACD Là Gì? Ứng Dụng Thực Tế Của ACD Vào Call Center,HUB-01,acd ứng dụng thực tế,informational-definition,TOFU,SUPPORTING,YES,P1
14536,Dịch Vụ Tổng Đài Ảo - 13 Tính Năng Nổi Bật,HUB-01,dịch vụ tổng đài ảo,informational-general,TOFU,SUPPORTING,COLLISION,P1
14539,SIP Trunk Là Gì? Lợi Ích Dịch Vụ Này Mang Đến Như Thế Nào?,HUB-11,sip trunk lợi ích dịch,informational-definition,TOFU,SUPPORTING,YES,P2
14560,Số Tổng Đài 1800 Là Gì? Hướng Dẫn Đăng Ký Đầu Số 1800 Đơn Giản,HUB-01,số tổng đài hướng dẫn,informational-definition,TOFU,SUPPORTING,YES,P1
14568,Giải Đáp Thông Tin Về VoIP Và Ứng Dụng Thực Tế,HUB-01,giải đáp thông tin voip,informational-general,TOFU,SUPPORTING,YES,P1
14607,Mẫu Lời Chào Tổng Đài Điện Thoại Phổ Biến Hiện Nay,HUB-01,mẫu lời chào tổng đài,informational-general,TOFU,SUPPORTING,YES,P1
14614,Service Level Agreement Là Gì? Từ A - Z Thông Tin Về SLA,HUB-11,service level agreement a z,informational-definition,TOFU,SUPPORTING,YES,P2
14787,Cách Xử Lý Các Tình Huống Chăm Sóc Khách Hàng,HUB-04,xử lý tình huống chăm,informational-howto,TOFU,SUPPORTING,YES,P1
14797,Tin Nhắn Chăm Sóc Khách Hàng Cũ Hiệu Quả Nhất,HUB-05,tin nhắn chăm sóc khách,informational-general,TOFU,SUPPORTING,COLLISION,P1
14870,On Premise Là Gì Và Đây Có Phải Là Giải Pháp Tốt Nhất?,HUB-11,on premise đây phải giải,informational-definition,TOFU,SUPPORTING,YES,P2
14890,Hệ Thống Tổng Đài Điện Thoại Chuẩn Là Như Thế Nào?,HUB-01,hệ thống tổng đài điện,informational-general,TOFU,SUPPORTING,YES,P1
14902,Dịch Vụ Chăm Sóc Khách Hàng Là Gì?,HUB-05,dịch vụ chăm sóc khách,informational-definition,TOFU,SUPPORTING,YES,P1
15008,Tổng Đài IP Và Những Khác Biệt So Với Tổng Đài Analog,HUB-01,tổng đài ip khác biệt,informational-general,TOFU,SUPPORTING,YES,P1
15049,Kịch Bản Tư Vấn Khách Hàng Spa Là Gì?,HUB-05,kịch bản tư vấn khách,informational-definition,TOFU,SUPPORTING,YES,P1
15195,Customer Lifetime Value Là Gì? Vai Trò Và Cách Tính,HUB-11,customer lifetime value vai trò,informational-definition,TOFU,SUPPORTING,YES,P2
15207,5 Lý Do Nên Chọn Dịch Vụ Chăm Sóc Khách Hàng Viettel,HUB-05,lý do chọn dịch vụ,informational-howto,TOFU,SUPPORTING,YES,P1
15217,Phần Mềm Quản Lý Bán Hàng Đa Kênh Là Gì? Có Nên Sử Dụng?,HUB-04,mềm quản lý bán hàng,informational-definition,TOFU,SUPPORTING,YES,P1
15221,Dịch Vụ Voice Brandname Là Gì Và Những Lợi Ích Hiện Đại,HUB-11,dịch vụ voice brandname lợi,informational-definition,TOFU,SUPPORTING,YES,P2
15235,Customer Success Là Gì? Những Thông Tin Cụ Thể Nhất,HUB-05,customer success thông tin cụ,informational-definition,TOFU,SUPPORTING,YES,P1
15250,Tổng Đài Contact Center Là Gì?,HUB-01,tổng đài contact center,informational-definition,TOFU,SUPPORTING,YES,P1
15262,Phần Mềm Tổng Đài Ảo Là Gì?,HUB-01,mềm tổng đài ảo,informational-definition,TOFU,SUPPORTING,YES,P1
15281,Mua Số Tổng Đài 1900 Có Lợi Ích Gì? Nên Mua Ở Đâu Uy Tín?,HUB-01,mua số tổng đài lợi,informational-general,TOFU,SUPPORTING,YES,P1
15306,Chăm Sóc Khách Hàng Qua Điện Thoại Và Kỹ Năng Cần Thiết,HUB-05,chăm sóc khách hàng qua,informational-general,TOFU,SUPPORTING,YES,P1
15314,Salesforce Là Gì? Những Thông Tin Quan Trọng Nhất,HUB-03,salesforce thông tin quan trọng,informational-definition,MOFU,PILLAR,YES,P0
15332,Dịch Vụ Voice Brandname Là Gì?,HUB-11,dịch vụ voice brandname,informational-definition,TOFU,PILLAR,YES,P2
15335,Phần Mềm CRM Việt Nam Là Gì?,HUB-03,mềm crm việt nam,informational-definition,MOFU,PILLAR,YES,P0
15353,Cách Xây Dựng Quy Trình Bán Hàng Của Doanh Nghiệp Hiệu Quả,HUB-04,xây dựng quy trình bán,informational-howto,TOFU,SUPPORTING,YES,P1
15363,Vì Sao Chiến Lược Chăm Sóc Khách Hàng Với SalesForce Cần Thiết,HUB-03,vì chiến lược chăm sóc,informational-general,MOFU,PILLAR,YES,P0
15380,So Sánh Salesforce CRM Và Các Phần Mềm Khác,HUB-03,so sánh salesforce crm mềm,commercial-investigation,MOFU,PILLAR,YES,P0
15384,Salesforce Marketing Cloud Là Gì? Tìm Hiểu Thông Tin Từ A-Z,HUB-03,salesforce marketing cloud tìm hiểu,informational-definition,MOFU,PILLAR,YES,P0
15558,8 Cách Giữ Khách Hàng Cũ Hiệu Quả,HUB-05,giữ khách hàng cũ hiệu,informational-howto,TOFU,SUPPORTING,YES,P1
15561,Trải Nghiệm Khách Hàng Xuất Sắc Là Gì? Cách Nâng Cấp,HUB-05,trải nghiệm khách hàng xuất,informational-definition,TOFU,SUPPORTING,YES,P1
15589,Câu Hỏi Chăm Sóc Khách Hàng Cũ & Kịch Bản CSKH Hiệu Quả,HUB-05,câu hỏi chăm sóc khách,informational-general,TOFU,SUPPORTING,YES,P1
15604,Giải Pháp Chăm Sóc Khách Hàng Nào Tối Ưu Nhất?,HUB-05,giải pháp chăm sóc khách,informational-general,TOFU,SUPPORTING,YES,P1
15646,Top 5 Lợi Ích Của Phần Mềm Auto Answer,HUB-04,lợi ích mềm auto answer,commercial-investigation,TOFU,SUPPORTING,YES,P1
15660,Chiến Lược Giữ Chân Khách Hàng Hiệu Quả Nhất,HUB-05,chiến lược giữ chân khách,informational-general,TOFU,SUPPORTING,YES,P1
15681,Tin Nhắn Chăm Sóc Khách Hàng Cũ Giúp Gia Tăng Hiệu Quả,HUB-05,tin nhắn chăm sóc khách,informational-general,TOFU,SUPPORTING,COLLISION,P1
15687,Quản Lý Thông Tin Khách Hàng Hiệu Quả Qua Hệ Thống Nào?,HUB-11,quản lý thông tin khách,informational-general,TOFU,SUPPORTING,YES,P2
15713,Quản Lý Cuộc Gọi Khách Hàng Có Thật Sự Dễ Dàng?,HUB-11,quản lý cuộc gọi khách,informational-general,TOFU,SUPPORTING,YES,P2
15724,Bí Quyết Chăm Sóc Khách Hàng Tuyệt Đỉnh Nhất,HUB-05,bí quyết chăm sóc khách,informational-general,TOFU,SUPPORTING,YES,P1
15738,"Tại Sao Dịch Vụ Tổng Đài Ảo Dành Cho Startup ""Bùng Nổ"" 2023?",HUB-01,dịch vụ tổng đài ảo,informational-general,TOFU,SUPPORTING,COLLISION,P1
15743,Đồng Bộ Hóa Dữ Liệu Là Gì? Tại Sao Nên Đồng Bộ Dữ Liệu?,HUB-03,đồng bộ hóa dữ liệu,informational-definition,MOFU,PILLAR,YES,P0
15765,Phần Mềm Auto Call Và Những Lợi Ích Cho Doanh Nghiệp,HUB-11,mềm auto call lợi ích,informational-general,TOFU,SUPPORTING,YES,P2
15775,5 Lợi Ích Của Dịch Vụ Hỗ Trợ Trực Tuyến,HUB-11,lợi ích dịch vụ hỗ,informational-general,TOFU,SUPPORTING,YES,P2
15794,Hệ Thống Quản Lý Khách Hàng Và Phần Mềm Trên Điện Thoại,HUB-11,hệ thống quản lý khách,informational-general,TOFU,SUPPORTING,COLLISION,P2
15806,Giải Pháp Tổng Đài Ảo Cho Doanh Nghiệp Vừa Và Nhỏ,HUB-01,giải pháp tổng đài ảo,informational-general,TOFU,SUPPORTING,COLLISION,P1
15830,Mô Hình Trải Nghiệm Khách Hàng Là Gì?,HUB-05,mô hình trải nghiệm khách,informational-definition,TOFU,SUPPORTING,YES,P1
15847,Lưu Trữ Thông Tin Khách Hàng Với Top 3 Phần Mềm Tốt Nhất,HUB-11,lưu trữ thông tin khách,commercial-investigation,TOFU,SUPPORTING,YES,P2
15859,Tổng Đài IP Và Những Điều Cần Biết Trước Khi Lắp Đặt,HUB-01,tổng đài ip điều cần,informational-general,TOFU,SUPPORTING,YES,P1
15870,Nhân Viên Hỗ Trợ Khách Hàng - Chìa Khóa Thành Công Của Doanh Nghiệp,HUB-11,nhân viên hỗ trợ khách,informational-general,TOFU,SUPPORTING,YES,P2
15884,Dịch Vụ Tổng Đài Đám Mây Cho Start-Up,HUB-01,dịch vụ tổng đài đám,informational-general,TOFU,SUPPORTING,YES,P1
15904,8 Bước Bán Hàng Cơ Bản Và Hiệu Quả Cho Nhân Viên Sales,HUB-04,bước bán hàng cơ bản,informational-howto,TOFU,SUPPORTING,YES,P1
15916,Cách Gọi Sale Hiệu Quả Có Thể Bạn Không Biết,HUB-04,gọi sale hiệu quả thể,informational-howto,TOFU,SUPPORTING,YES,P1
15926,Cách Telesale Cho Người Mới Bắt Đầu,HUB-04,telesale người bắt đầu,informational-howto,TOFU,SUPPORTING,YES,P1
15943,Chương Trình Chăm Sóc Khách Hàng Tối Ưu Nhất,HUB-05,chương trình chăm sóc khách,informational-general,TOFU,SUPPORTING,YES,P1
15982,Quản Lý Quan Hệ Khách Hàng Trong Doanh Nghiệp,HUB-11,quản lý quan hệ khách,informational-general,TOFU,SUPPORTING,YES,P2
15993,Phương Pháp Quản Lý Telesale Hiệu Quả,HUB-04,phương pháp quản lý telesale,informational-general,TOFU,SUPPORTING,YES,P1
16005,Hệ Thống Chăm Sóc Khách Hàng: Lợi Ích Và 6 Tính Năng,HUB-05,hệ thống chăm sóc khách,informational-general,TOFU,SUPPORTING,YES,P1
16018,Đăng Ký Tổng Đài Ảo: Giải Pháp Chăm Sóc Khách Hàng Hiệu Quả,HUB-01,đăng ký tổng đài ảo,informational-general,TOFU,SUPPORTING,YES,P1
16022,Cách Gọi Telesale Hiệu Quả Mà Bạn Chưa Biết,HUB-04,gọi telesale hiệu quả mà,informational-howto,TOFU,SUPPORTING,YES,P1
16035,8 Cách Nâng Cao Trải Nghiệm Dịch Vụ Khách Hàng,HUB-05,nâng cao trải nghiệm dịch,informational-howto,TOFU,SUPPORTING,YES,P1
16095,"Hệ Thống Quản Lý Khách Hàng Trong Nhà Hàng, Khách Sạn",HUB-11,hệ thống quản lý khách,informational-general,TOFU,SUPPORTING,COLLISION,P2
16109,Chú Ý Khi Xây Dựng Sơ Đồ Quy Trình Chăm Sóc Khách Hàng,HUB-05,chú ý xây dựng sơ,informational-howto,TOFU,SUPPORTING,YES,P1
16131,Phần Mềm Quản Lý Khách Hàng Miễn Phí Cho Doanh Nghiệp,HUB-11,mềm quản lý khách hàng,informational-general,TOFU,SUPPORTING,YES,P2
16145,Phương Pháp Chăm Sóc Khách Hàng Hiệu Quả Nhất Hiện Nay,HUB-05,phương pháp chăm sóc khách,informational-general,TOFU,SUPPORTING,YES,P1
16176,Nâng Cao Chất Lượng Nguồn Nhân Lực Trong Doanh Nghiệp,HUB-11,nâng cao chất lượng nguồn,informational-general,TOFU,SUPPORTING,YES,P2
16180,Xây Dựng Chiến Lược Marketing Hiệu Quả Như Thế Nào?,HUB-11,xây dựng chiến lược marketing,informational-general,TOFU,SUPPORTING,YES,P2
16201,9 Ý Tưởng Khởi Nghiệp Tuyệt Vời Cho Bạn,HUB-11,ý tưởng khởi tuyệt vời,informational-general,TOFU,SUPPORTING,YES,P2
16202,8 Phương Pháp Tiếp Cận Khách Hàng Hiệu Quả,HUB-11,phương pháp tiếp cận khách,informational-general,TOFU,SUPPORTING,YES,P2
16240,Xác Định Khách Hàng Mục Tiêu: Vai Trò & Cách Xác Định,HUB-11,xác định khách hàng mục,informational-howto,TOFU,SUPPORTING,YES,P2
16252,Mục Tiêu SMART Là Gì? Ví Dụ Và Cách Đặt Mục Tiêu SMART,HUB-11,mục tiêu smart ví dụ,informational-definition,TOFU,SUPPORTING,YES,P2
16254,5 Bước Lập Kế Hoạch Marketing Hiệu Quả Cho Doanh Nghiệp,HUB-11,bước lập kế hoạch marketing,informational-howto,TOFU,SUPPORTING,YES,P2
16257,Xác Định Ngân Sách Marketing Như Thế Nào?,HUB-11,xác định ngân sách marketing,informational-general,TOFU,SUPPORTING,YES,P2
16271,Nhà Đầu Tư Thiên Thần - Cứu Tinh Của Start Up,HUB-08,nhà đầu tư thiên thần,informational-general,TOFU,PILLAR,YES,P0
16284,9 Bước Lập Kế Hoạch Digital Marketing,HUB-11,bước lập kế hoạch digital,informational-howto,TOFU,SUPPORTING,YES,P2
16324,Tự Ghi Âm Cuộc Gọi Và Cách Hướng Dẫn Cài,HUB-07,tự ghi âm cuộc gọi,informational-howto,MOFU,PILLAR,YES,P0
16329,4 Website Gọi Vốn Cộng Đồng Hiệu Quả Dành Cho Start-Up,HUB-11,website gọi vốn cộng đồng,informational-general,TOFU,SUPPORTING,YES,P2
16348,Hướng Dẫn Khởi Nghiệp Hiệu Quả,HUB-11,hướng dẫn khởi hiệu quả,informational-howto,TOFU,SUPPORTING,YES,P2
16376,Quản Trị Theo Mục Tiêu SMART Là Gì?,HUB-11,quản trị theo mục tiêu,informational-definition,TOFU,SUPPORTING,YES,P2
16389,Call Center Là Gì? Tất Tần Tật Về Call Center Mà Bạn Nên Biết,HUB-01,call center tất tần tật,informational-definition,TOFU,SUPPORTING,YES,P1
16611,9 việc NÊN và KHÔNG NÊN làm trong quy trình đánh giá nhân viên,HUB-11,việc làm quy trình đánh,informational-howto,TOFU,SUPPORTING,YES,P2
17741,Thủ thuật tăng traffic website uy tín tại trafficSEO,HUB-11,thủ thuật tăng traffic website,informational-general,TOFU,SUPPORTING,YES,P2
17775,Hướng dẫn quy trình bán bất động sản: Từ thời điểm mở bán cho đến lúc ký hợp đồng,HUB-04,hướng dẫn quy trình bán,informational-howto,TOFU,PILLAR,YES,P3
17795,8 cách xử lý từ chối của khách hàng,HUB-04,xử lý chối khách hàng,informational-howto,TOFU,SUPPORTING,YES,P1
17823,Vì sao nhắn tin với khách hàng là cách hiệu quả để tăng doanh số bán hàng?,HUB-04,vì nhắn tin khách hàng,informational-howto,TOFU,SUPPORTING,YES,P1
17839,6 cách tăng năng suất bán hàng và tối ưu công việc cho nhân viên bán hàng,HUB-04,tăng năng suất bán hàng,informational-howto,TOFU,SUPPORTING,YES,P1
17856,Hướng dẫn cải thiện tình trạng quá tải tại Call Center vào các mùa lễ lớn sale to,HUB-01,hướng dẫn cải thiện tình,informational-howto,TOFU,SUPPORTING,YES,P1
17875,Lead qualification: Cách đánh giá khách hàng tiềm năng hiệu quả,HUB-04,lead qualification đánh giá khách,informational-howto,TOFU,PILLAR,YES,P1
17884,Tại sao tỷ lệ giữ chân khách hàng lại quan trọng đối với doanh nghiệp?,HUB-05,tỷ lệ giữ chân khách,informational-general,TOFU,PILLAR,YES,P1
17894,"Tại sao nói: “Phản hồi của khách hàng của bạn vẫn còn quan trọng đối với doanh nghiệp?""",HUB-05,nói phản hồi khách hàng,informational-general,TOFU,PILLAR,YES,P1
17911,“Khách hàng luôn đúng”:Ý nghĩa và góc nhìn về tính đúng đắn của triết lý,HUB-11,khách hàng luôn đúng ý,informational-general,TOFU,PILLAR,YES,P2
17917,15 cách để tránh cạn kiệt năng lượng của tổng đài viên,HUB-01,tránh cạn kiệt năng lượng,informational-howto,TOFU,PILLAR,YES,P1
17924,Product Demo là gì? Cách thực hiện Product Demo thành công dành cho nhân viên bán hàng,HUB-04,product demo thực hiện product,informational-definition,TOFU,PILLAR,YES,P1
