Legacy Post ID,Legacy URL,Legacy Status,Decision,Final URL,URL Action,Redirect,Reason
314,https://gcalls.co/3-cach-de-doanh-nghiep-ton-tai-va-vuon-len-thoi-covid/,publish,RETIRE_410,410,RETIRE,410 Gone,Non-editorial / off-ICP; no same-intent target so no redirect
410,https://gcalls.co/nang-tam-gia-tri-thuong-hieu-cua-doanh-nghiep-ban-voi-voice-brandname/,publish,REBUILD_UPDATE_TOPIC,/nang-tam-gia-tri-thuong-hieu-cua-doanh-nghiep-ban-voi-voice-brandname/,PRESERVE_ROOT_URL,NONE,"URL kept, topic re-scoped"
439,https://gcalls.co/goc-nhin-cua-doanh-nghiep-va-khach-hang-ve-tong-dai-cskh-va-ban-hang/,publish,REBUILD_KEEP_URL,/goc-nhin-cua-doanh-nghiep-va-khach-hang-ve-tong-dai-cskh-va-ban-hang/,PRESERVE_ROOT_URL,NONE,Topic still valid; root URL keeps its equity
553,https://gcalls.co/gcalls-va-ban-doi-tac-gioi-thieu-khach-hang/,publish,REBUILD_KEEP_URL,/gcalls-va-ban-doi-tac-gioi-thieu-khach-hang/,PRESERVE_ROOT_URL,NONE,Topic still valid; root URL keeps its equity
566,https://gcalls.co/5-linh-vuc-rat-can-dich-vu-call-center-trung-tam-cuoc-goi/,publish,REBUILD_KEEP_URL,/5-linh-vuc-rat-can-dich-vu-call-center-trung-tam-cuoc-goi/,PRESERVE_ROOT_URL,NONE,Topic still valid; root URL keeps its equity
588,https://gcalls.co/call-center-la-mot-trai-nghiem-thuong-hieu-trong-nganh-dich-vu-suc-khoe/,publish,REBUILD_KEEP_URL,/call-center-la-mot-trai-nghiem-thuong-hieu-trong-nganh-dich-vu-suc-khoe/,PRESERVE_ROOT_URL,NONE,Topic still valid; root URL keeps its equity
603,https://gcalls.co/10-thong-ke-ve-he-thong-voip-chung-minh-tam-quan-trong-cua-cong-nghe/,publish,REBUILD_KEEP_URL,/10-thong-ke-ve-he-thong-voip-chung-minh-tam-quan-trong-cua-cong-nghe/,PRESERVE_ROOT_URL,NONE,Topic still valid; root URL keeps its equity
615,https://gcalls.co/10-meo-hay-nhat-de-telesales-thanh-cong/,publish,REBUILD_KEEP_URL,/10-meo-hay-nhat-de-telesales-thanh-cong/,PRESERVE_ROOT_URL,NONE,Topic still valid; root URL keeps its equity
647,https://gcalls.co/4-ly-do-su-dung-tong-dai-ao-call-center-la-can-thiet-voi-mot-doanh-nghiep/,publish,REBUILD_KEEP_URL,/4-ly-do-su-dung-tong-dai-ao-call-center-la-can-thiet-voi-mot-doanh-nghiep/,PRESERVE_ROOT_URL,NONE,Topic still valid; root URL keeps its equity
654,https://gcalls.co/5-loi-ich-cua-viec-su-dung-bao-cao-tong-dai-call-center-phan-cuoi/,publish,REBUILD_KEEP_URL,/5-loi-ich-cua-viec-su-dung-bao-cao-tong-dai-call-center-phan-cuoi/,PRESERVE_ROOT_URL,NONE,Topic still valid; root URL keeps its equity
669,https://gcalls.co/5-loi-ich-cua-viec-su-dung-bao-cao-tong-dai-call-center-phan-1/,publish,REBUILD_KEEP_URL,/5-loi-ich-cua-viec-su-dung-bao-cao-tong-dai-call-center-phan-1/,PRESERVE_ROOT_URL,NONE,Topic still valid; root URL keeps its equity
676,https://gcalls.co/lam-the-nao-de-mo-rong-mot-nhom-ban-hang-toan-cau/,publish,REBUILD_KEEP_URL,/lam-the-nao-de-mo-rong-mot-nhom-ban-hang-toan-cau/,PRESERVE_ROOT_URL,NONE,Topic still valid; root URL keeps its equity
684,https://gcalls.co/goals-muc-dich-vs-objectives-muc-tieu-phan-biet-don-gian/,publish,REBUILD_UPDATE_TOPIC,/goals-muc-dich-vs-objectives-muc-tieu-phan-biet-don-gian/,PRESERVE_ROOT_URL,NONE,"URL kept, topic re-scoped"
694,https://gcalls.co/tai-sao-khong-tuy-y-dua-y-kien-trong-content-marketing/,publish,REBUILD_UPDATE_TOPIC,/tai-sao-khong-tuy-y-dua-y-kien-trong-content-marketing/,PRESERVE_ROOT_URL,NONE,"URL kept, topic re-scoped"
826,https://gcalls.co/cach-mang-cong-nghiep-4-0-va-loi-ich-doi-voi-doanh-nghiep/,publish,REBUILD_UPDATE_TOPIC,/cach-mang-cong-nghiep-4-0-va-loi-ich-doi-voi-doanh-nghiep/,PRESERVE_ROOT_URL,NONE,"URL kept, topic re-scoped"
861,https://gcalls.co/11-chi-so-danh-gia-quan-trong-doi-voi-bo-phan-cham-soc-khach-hang/,publish,REBUILD_KEEP_URL,/11-chi-so-danh-gia-quan-trong-doi-voi-bo-phan-cham-soc-khach-hang/,PRESERVE_ROOT_URL,NONE,Topic still valid; root URL keeps its equity
872,https://gcalls.co/cong-nghe-dang-thay-doi-cach-moi-nguoi-lam-viec-tu-xa-nhu-the-nao/,publish,REBUILD_KEEP_URL,/cong-nghe-dang-thay-doi-cach-moi-nguoi-lam-viec-tu-xa-nhu-the-nao/,PRESERVE_ROOT_URL,NONE,Topic still valid; root URL keeps its equity
884,https://gcalls.co/tiep-thi-qua-dien-thoai-13-meo-chinh-phuc-khach-hang/,publish,REBUILD_UPDATE_TOPIC,/tiep-thi-qua-dien-thoai-13-meo-chinh-phuc-khach-hang/,PRESERVE_ROOT_URL,NONE,"URL kept, topic re-scoped"
897,https://gcalls.co/10-cong-nghe-phai-co-de-co-the-xay-dung-team-lam-viec-tu-xa-hieu-qua/,publish,REBUILD_KEEP_URL,/10-cong-nghe-phai-co-de-co-the-xay-dung-team-lam-viec-tu-xa-hieu-qua/,PRESERVE_ROOT_URL,NONE,Topic still valid; root URL keeps its equity
1071,https://gcalls.co/cach-tao-ho-so-khach-hang-ly-tuong-cho-nhom-khach-hang-tiem-nang-b2b/,publish,REBUILD_KEEP_URL,/cach-tao-ho-so-khach-hang-ly-tuong-cho-nhom-khach-hang-tiem-nang-b2b/,PRESERVE_ROOT_URL,NONE,Topic still valid; root URL keeps its equity
1082,https://gcalls.co/top-10-phan-mem-theo-doi-ban-hang-hang-dau-danh-cho-doanh-nghiep/,publish,REBUILD_KEEP_URL,/top-10-phan-mem-theo-doi-ban-hang-hang-dau-danh-cho-doanh-nghiep/,PRESERVE_ROOT_URL,NONE,Topic still valid; root URL keeps its equity
1102,https://gcalls.co/5-chi-so-do-luong-hieu-suat-ban-hang-quan-trong-nen-theo-doi/,publish,REBUILD_KEEP_URL,/5-chi-so-do-luong-hieu-suat-ban-hang-quan-trong-nen-theo-doi/,PRESERVE_ROOT_URL,NONE,Topic still valid; root URL keeps its equity
1113,https://gcalls.co/9-meo-cold-calling-danh-cho-nhan-vien-ban-hang-phan-1/,publish,REBUILD_KEEP_URL,/9-meo-cold-calling-danh-cho-nhan-vien-ban-hang-phan-1/,PRESERVE_ROOT_URL,NONE,Topic still valid; root URL keeps its equity
1134,https://gcalls.co/9-meo-cold-calling-danh-cho-nhan-vien-ban-hang-phan-cuoi/,publish,REBUILD_KEEP_URL,/9-meo-cold-calling-danh-cho-nhan-vien-ban-hang-phan-cuoi/,PRESERVE_ROOT_URL,NONE,Topic still valid; root URL keeps its equity
1157,https://gcalls.co/cac-phan-mem-call-center-phu-hop-voi-cac-tong-dai-doanh-nghiep-hien-nay/,publish,REBUILD_KEEP_URL,/cac-phan-mem-call-center-phu-hop-voi-cac-tong-dai-doanh-nghiep-hien-nay/,PRESERVE_ROOT_URL,NONE,Topic still valid; root URL keeps its equity
1187,https://gcalls.co/ban-hang-inbound-hay-ban-hang-outbound-phan-1/,publish,REBUILD_KEEP_URL,/ban-hang-inbound-hay-ban-hang-outbound-phan-1/,PRESERVE_ROOT_URL,NONE,Topic still valid; root URL keeps its equity
1198,https://gcalls.co/ban-hang-inbound-hay-ban-hang-outbound-phan-2/,publish,REBUILD_KEEP_URL,/ban-hang-inbound-hay-ban-hang-outbound-phan-2/,PRESERVE_ROOT_URL,NONE,Topic still valid; root URL keeps its equity
1219,https://gcalls.co/ban-hang-inbound-hay-outbound-dau-la-phuong-phap-ban-hang-ma-ban-nen-quan-tam-phan-3/,publish,REBUILD_KEEP_URL,/ban-hang-inbound-hay-outbound-dau-la-phuong-phap-ban-hang-ma-ban-nen-quan-tam-phan-3/,PRESERVE_ROOT_URL,NONE,Topic still valid; root URL keeps its equity
1231,https://gcalls.co/tuong-lai-cua-tong-dai-doanh-nghiep-10-xu-huong-noi-bat-nhat/,publish,REBUILD_KEEP_URL,/tuong-lai-cua-tong-dai-doanh-nghiep-10-xu-huong-noi-bat-nhat/,PRESERVE_ROOT_URL,NONE,Topic still valid; root URL keeps its equity
1296,https://gcalls.co/bi-quyet-telesales-nen-hay-khong-nen-su-dung-kich-ban-cuoc-goi-ban-hang/,publish,REBUILD_KEEP_URL,/bi-quyet-telesales-nen-hay-khong-nen-su-dung-kich-ban-cuoc-goi-ban-hang/,PRESERVE_ROOT_URL,NONE,Topic still valid; root URL keeps its equity
1314,https://gcalls.co/telesales-cach-tap-trung-khi-goi-dien-ban-hang/,publish,REBUILD_KEEP_URL,/telesales-cach-tap-trung-khi-goi-dien-ban-hang/,PRESERVE_ROOT_URL,NONE,Topic still valid; root URL keeps its equity
1324,https://gcalls.co/telesales-thanh-cong-va-cach-danh-gia-cuoc-goi-ban-hang/,publish,REBUILD_KEEP_URL,/telesales-thanh-cong-va-cach-danh-gia-cuoc-goi-ban-hang/,PRESERVE_ROOT_URL,NONE,Topic still valid; root URL keeps its equity
1351,https://gcalls.co/6-cach-nhan-tin-cho-khach-hang-dat-hieu-qua-trong-quy-trinh-ban-hang/,publish,REBUILD_KEEP_URL,/6-cach-nhan-tin-cho-khach-hang-dat-hieu-qua-trong-quy-trinh-ban-hang/,PRESERVE_ROOT_URL,NONE,Topic still valid; root URL keeps its equity
1368,https://gcalls.co/phan-mem-goi-tu-dong-va-loi-ich-doi-voi-chien-luoc-ban-hang/,publish,REBUILD_KEEP_URL,/phan-mem-goi-tu-dong-va-loi-ich-doi-voi-chien-luoc-ban-hang/,PRESERVE_ROOT_URL,NONE,Topic still valid; root URL keeps its equity
1381,https://gcalls.co/6-buoc-xay-dung-kich-ban-ban-hang-dinh-cao/,publish,REBUILD_KEEP_URL,/6-buoc-xay-dung-kich-ban-ban-hang-dinh-cao/,PRESERVE_ROOT_URL,NONE,Topic still valid; root URL keeps its equity
1396,https://gcalls.co/cach-goi-dien-thoai-cho-khach-hang-tiem-nang-da-mo-email/,publish,REBUILD_KEEP_URL,/cach-goi-dien-thoai-cho-khach-hang-tiem-nang-da-mo-email/,PRESERVE_ROOT_URL,NONE,Topic still valid; root URL keeps its equity
1420,https://gcalls.co/cach-giam-ap-luc-khi-lam-telesales/,publish,REBUILD_KEEP_URL,/cach-giam-ap-luc-khi-lam-telesales/,PRESERVE_ROOT_URL,NONE,Topic still valid; root URL keeps its equity
1427,https://gcalls.co/cac-chi-so-danh-gia-pheu-ban-hang-hieu-qua/,publish,REBUILD_KEEP_URL,/cac-chi-so-danh-gia-pheu-ban-hang-hieu-qua/,PRESERVE_ROOT_URL,NONE,Topic still valid; root URL keeps its equity
1440,https://gcalls.co/tiep-thi-qua-dien-thoai-huong-dan-nhanh-cold-calling-chuyen-nghiep/,publish,REBUILD_KEEP_URL,/tiep-thi-qua-dien-thoai-huong-dan-nhanh-cold-calling-chuyen-nghiep/,PRESERVE_ROOT_URL,NONE,Topic still valid; root URL keeps its equity
1454,https://gcalls.co/?p=1454,draft,REBUILD_UPDATE_TOPIC,/huong-dan-nhan-vien-ban-hang-saas-xu-ly-tu-choi-giao-dich-phan-1/,PRESERVE_ROOT_URL,NONE,"URL kept, topic re-scoped"
1496,https://gcalls.co/?p=1496,draft,REBUILD_UPDATE_TOPIC,/huong-dan-nhan-vien-ban-hang-saas-xu-ly-tu-choi-giao-dich-phan-cuoi/,PRESERVE_ROOT_URL,NONE,"URL kept, topic re-scoped"
1529,https://gcalls.co/?p=1529,draft,REBUILD_UPDATE_TOPIC,/tieu-chi-danh-gia-hieu-qua-ban-hang/,PRESERVE_ROOT_URL,NONE,"URL kept, topic re-scoped"
1541,https://gcalls.co/?p=1541,draft,REBUILD_UPDATE_TOPIC,/cac-buoc-to-chuc-mot-cuoc-hop-khach-hang-chuyen-nghiep/,PRESERVE_ROOT_URL,NONE,"URL kept, topic re-scoped"
1560,https://gcalls.co/tiep-thi-qua-dien-thoai-ky-nang-xu-ly-tu-choi/,publish,REBUILD_KEEP_URL,/tiep-thi-qua-dien-thoai-ky-nang-xu-ly-tu-choi/,PRESERVE_ROOT_URL,NONE,Topic still valid; root URL keeps its equity
1591,https://gcalls.co/giong-noi-yeu-to-quyet-dinh-thanh-cong-trong-tiep-thi-qua-dien-thoai/,publish,REBUILD_KEEP_URL,/giong-noi-yeu-to-quyet-dinh-thanh-cong-trong-tiep-thi-qua-dien-thoai/,PRESERVE_ROOT_URL,NONE,Topic still valid; root URL keeps its equity
1617,https://gcalls.co/?p=1617,draft,REBUILD_UPDATE_TOPIC,/ebook-huong-dan-cac-buoc-xu-ly-tinh-huong-khach-hang-phan-nan/,PRESERVE_ROOT_URL,NONE,"URL kept, topic re-scoped"
1705,https://gcalls.co/cach-viet-ban-tu-danh-gia-cong-viec-cua-nhan-vien/,publish,REBUILD_UPDATE_TOPIC,/cach-viet-ban-tu-danh-gia-cong-viec-cua-nhan-vien/,PRESERVE_ROOT_URL,NONE,"URL kept, topic re-scoped"
1805,https://gcalls.co/ban-hang-qua-dien-thoai-3-cau-hoi-ban-nen-tu-hoi-truoc-khi-thuc-hien-cuoc-goi/,publish,REBUILD_KEEP_URL,/ban-hang-qua-dien-thoai-3-cau-hoi-ban-nen-tu-hoi-truoc-khi-thuc-hien-cuoc-goi/,PRESERVE_ROOT_URL,NONE,Topic still valid; root URL keeps its equity
1817,https://gcalls.co/cach-chiem-duoc-long-tin-cua-khach-hang-kin-tieng/,publish,REBUILD_KEEP_URL,/cach-chiem-duoc-long-tin-cua-khach-hang-kin-tieng/,PRESERVE_ROOT_URL,NONE,Topic still valid; root URL keeps its equity
1828,https://gcalls.co/cai-thien-trai-nghiem-khach-hang-bang-bieu-mau-cham-diem-danh-gia-cuoc-goi/,publish,REBUILD_KEEP_URL,/cai-thien-trai-nghiem-khach-hang-bang-bieu-mau-cham-diem-danh-gia-cuoc-goi/,PRESERVE_ROOT_URL,NONE,Topic still valid; root URL keeps its equity
1967,https://gcalls.co/chien-luoc-mo-rong-ra-thi-truong-nuoc-ngoai-va-phuc-vu-khach-hang-quoc-te/,publish,REBUILD_KEEP_URL,/chien-luoc-mo-rong-ra-thi-truong-nuoc-ngoai-va-phuc-vu-khach-hang-quoc-te/,PRESERVE_ROOT_URL,NONE,Topic still valid; root URL keeps its equity
1968,https://gcalls.co/tong-dai-quoc-te-mo-rong-thi-truong/,publish,REBUILD_KEEP_URL,/tong-dai-quoc-te-mo-rong-thi-truong/,PRESERVE_ROOT_URL,NONE,Topic still valid; root URL keeps its equity
2167,https://gcalls.co/?p=2167,draft,MERGE_INTO_PRIMARY,/mau-bang-danh-gia-nhan-vien-ban-hang/,CONSOLIDATE,301 to primary,Same intent; one primary URL only
2200,https://gcalls.co/?p=2200,draft,MERGE_INTO_PRIMARY,(primary is draft — slug TBD),CONSOLIDATE,NONE — never published,Same intent; one primary URL only
2244,https://gcalls.co/?p=2244,draft,REBUILD_UPDATE_TOPIC,/lam-gi-de-mo-rong-doi-ngu-ho-tro-khach-hang-ma-khong-hi-sinh-chat-luong-dich-vu/,PRESERVE_ROOT_URL,NONE,"URL kept, topic re-scoped"
2261,https://gcalls.co/?p=2261,draft,REBUILD_UPDATE_TOPIC,/cach-tinh-gia-tri-vong-doi-khach-hang-clv-cua-doanh-nghiep/,PRESERVE_ROOT_URL,NONE,"URL kept, topic re-scoped"
2400,https://gcalls.co/?p=2400,draft,REBUILD_UPDATE_TOPIC,/huong-dan-do-luong-ket-qua-khao-sat-su-hai-long-cua-khach-hang/,PRESERVE_ROOT_URL,NONE,"URL kept, topic re-scoped"
2425,https://gcalls.co/?p=2425,draft,RETIRE_410,410,RETIRE,410 Gone,Non-editorial / off-ICP; no same-intent target so no redirect
2437,https://gcalls.co/cong-cu-tao-phieu-yeu-cau-ho-tro-ticket-cho-bo-phan-dich-vu-khach-hang/,private,REBUILD_UPDATE_TOPIC,/cong-cu-tao-phieu-yeu-cau-ho-tro-ticket-cho-bo-phan-dich-vu-khach-hang/,PRESERVE_ROOT_URL,NONE,"URL kept, topic re-scoped"
2449,https://gcalls.co/?p=2449,draft,REBUILD_UPDATE_TOPIC,/huong-dan-tinh-toan-va-cai-thien-chi-so-cac-cho-doanh-nghiep-nam-2022/,NEW_ROOT_URL,NONE,Unpublished draft — no legacy URL; new root URL
2462,https://gcalls.co/?p=2462,draft,MERGE_INTO_PRIMARY,(primary is draft — slug TBD),CONSOLIDATE,301 to primary,Same intent; one primary URL only
2472,https://gcalls.co/?p=2472,draft,REBUILD_UPDATE_TOPIC,/chi-so-ces-la-gi-va-khi-nao-nen-su-dung-khao-sat-ces/,NEW_ROOT_URL,NONE,Unpublished draft — no legacy URL; new root URL
2486,https://gcalls.co/?p=2486,draft,REBUILD_UPDATE_TOPIC,/chi-so-nps-la-gi-va-tai-sao-no-lai-quan-trong-doi-voi-doanh-nghiep/,NEW_ROOT_URL,NONE,Unpublished draft — no legacy URL; new root URL
2495,https://gcalls.co/?p=2495,draft,REBUILD_UPDATE_TOPIC,/19-vi-du-ve-khao-sat-su-hai-long-cua-khach-hang-va-cac-khao-sat-mau/,PRESERVE_ROOT_URL,NONE,"URL kept, topic re-scoped"
2539,https://gcalls.co/?p=2539,draft,REBUILD_UPDATE_TOPIC,/chi-so-csat-la-gi-va-cach-do-luong-chi-so-nay-trong-dich-vu-khach-hang/,PRESERVE_ROOT_URL,NONE,"URL kept, topic re-scoped"
2584,https://gcalls.co/?p=2584,draft,REBUILD_UPDATE_TOPIC,/phan-mem-getfly-tinh-nang-ung-dung-va-uu-nhuoc-diem-cua-phan-mem-crm-goc-viet/,PRESERVE_ROOT_URL,NONE,"URL kept, topic re-scoped"
2621,https://gcalls.co/?p=2621,draft,REBUILD_UPDATE_TOPIC,/uu-va-nhuoc-diem-cua-cac-giai-phap-trong-phan-mem-crm-hubspot/,PRESERVE_ROOT_URL,NONE,"URL kept, topic re-scoped"
2641,https://gcalls.co/?p=2641,draft,REBUILD_UPDATE_TOPIC,/phan-mem-bitrix24-cac-tinh-nang-noi-bat-va-ly-do-nen-lua-chon-bitrix24/,PRESERVE_ROOT_URL,NONE,"URL kept, topic re-scoped"
2665,https://gcalls.co/?p=2665,draft,REBUILD_UPDATE_TOPIC,/chien-luoc-khach-hang-trung-tam-customer-centric-cho-doanh-nghiep/,PRESERVE_ROOT_URL,NONE,"URL kept, topic re-scoped"
2684,https://gcalls.co/?p=2684,draft,REBUILD_UPDATE_TOPIC,/doi-ngu-ban-hang-nen-quay-lai-van-phong-hay-lam-viec-tu-xa-sau-dai-dich/,PRESERVE_ROOT_URL,NONE,"URL kept, topic re-scoped"
2695,https://gcalls.co/?p=2695,draft,REBUILD_UPDATE_TOPIC,/10-dieu-khong-nen-noi-trong-mot-cuoc-goi-cham-soc-khach-hang/,PRESERVE_ROOT_URL,NONE,"URL kept, topic re-scoped"
2704,https://gcalls.co/?p=2704,draft,MERGE_INTO_PRIMARY,/cai-thien-trai-nghiem-khach-hang-bang-bieu-mau-cham-diem-danh-gia-cuoc-goi/,CONSOLIDATE,301 to primary,Same intent; one primary URL only
2715,https://gcalls.co/?p=2715,draft,RETIRE_410,410,RETIRE,410 Gone,Non-editorial / off-ICP; no same-intent target so no redirect
2738,https://gcalls.co/?p=2738,draft,REBUILD_UPDATE_TOPIC,/tai-sao-phan-nan-cua-khach-hang-lai-co-ich-cho-doanh-nghiep-cua-ban/,PRESERVE_ROOT_URL,NONE,"URL kept, topic re-scoped"
2752,https://gcalls.co/?p=2752,draft,REBUILD_UPDATE_TOPIC,/khach-hang-tu-phuc-vu-va-vi-du-ve-cac-cong-thong-tin-tu-phuc-vu-tot-nhat/,PRESERVE_ROOT_URL,NONE,"URL kept, topic re-scoped"
2761,https://gcalls.co/?p=2761,draft,REBUILD_UPDATE_TOPIC,/lam-the-nao-de-ket-noi-2-bo-phan-ban-hang-va-dich-vu-khach-hang/,PRESERVE_ROOT_URL,NONE,"URL kept, topic re-scoped"
2768,https://gcalls.co/call-center-diem-khac-biet-giua-on-premises-va-cloud-call-center-phan-1/,publish,REBUILD_KEEP_URL,/call-center-diem-khac-biet-giua-on-premises-va-cloud-call-center-phan-1/,PRESERVE_ROOT_URL,NONE,Topic still valid; root URL keeps its equity
2784,https://gcalls.co/loi-ich-ma-giai-phap-tich-hop-dien-thoai-may-tinh-dem-den-cho-call-center/,publish,REBUILD_KEEP_URL,/loi-ich-ma-giai-phap-tich-hop-dien-thoai-may-tinh-dem-den-cho-call-center/,PRESERVE_ROOT_URL,NONE,Topic still valid; root URL keeps its equity
2811,https://gcalls.co/call-center-diem-khac-biet-giua-on-premises-va-cloud-call-center-phan-cuoi/,publish,REBUILD_KEEP_URL,/call-center-diem-khac-biet-giua-on-premises-va-cloud-call-center-phan-cuoi/,PRESERVE_ROOT_URL,NONE,Topic still valid; root URL keeps its equity
2819,https://gcalls.co/?p=2819,draft,REBUILD_UPDATE_TOPIC,/uu-nhuoc-diem-cua-phan-mem-quan-ly-quan-he-khach-hang-zoho-crm/,PRESERVE_ROOT_URL,NONE,"URL kept, topic re-scoped"
2835,https://gcalls.co/?p=2835,draft,REBUILD_UPDATE_TOPIC,/lieu-salesforce-co-phai-la-phan-mem-crm-tot-nhat-tren-thi-truong/,PRESERVE_ROOT_URL,NONE,"URL kept, topic re-scoped"
2850,https://gcalls.co/?p=2850,draft,REBUILD_UPDATE_TOPIC,/uu-va-nhuoc-diem-cua-zendesk-dau-la-phan-mem-help-desk-tot-nhat/,PRESERVE_ROOT_URL,NONE,"URL kept, topic re-scoped"
2864,https://gcalls.co/?p=2864,draft,REBUILD_UPDATE_TOPIC,/phan-mem-pancake-pos-tinh-nang-va-nhung-uu-nhuoc-diem-can-biet/,PRESERVE_ROOT_URL,NONE,"URL kept, topic re-scoped"
2883,https://gcalls.co/?p=2883,draft,REBUILD_UPDATE_TOPIC,/sapo-pos-la-gi-phan-mem-sapo-pos-co-tot-khong/,NEW_ROOT_URL,NONE,Unpublished draft — no legacy URL; new root URL
2904,https://gcalls.co/?p=2904,draft,MERGE_INTO_PRIMARY,(primary is draft — slug TBD),CONSOLIDATE,301 to primary,Same intent; one primary URL only
2920,https://gcalls.co/?p=2920,draft,REBUILD_UPDATE_TOPIC,/36-meo-telesales-de-ban-hang-thanh-cong-nam-2021-phan-1/,PRESERVE_ROOT_URL,NONE,"URL kept, topic re-scoped"
2930,https://gcalls.co/?p=2930,draft,REBUILD_UPDATE_TOPIC,/36-meo-telesales-de-ban-hang-thanh-cong-nam-2021-phan-cuoi/,NEW_ROOT_URL,NONE,Unpublished draft — no legacy URL; new root URL
2958,https://gcalls.co/ban-hang-qua-dien-thoai-lam-gi-neu-khach-hang-noi-toi-khong-co-thoi-gian/,publish,REBUILD_KEEP_URL,/ban-hang-qua-dien-thoai-lam-gi-neu-khach-hang-noi-toi-khong-co-thoi-gian/,PRESERVE_ROOT_URL,NONE,Topic still valid; root URL keeps its equity
9980,https://gcalls.co/tai-nghe-epos-sennheiser-30-usb-ctrl/,publish,RETIRE_410,410,RETIRE,410 Gone,Non-editorial / off-ICP; no same-intent target so no redirect
9991,https://gcalls.co/tai-nghe-epos-sennheiser-sc-60-usb-ctrl/,publish,RETIRE_410,410,RETIRE,410 Gone,Non-editorial / off-ICP; no same-intent target so no redirect
9992,https://gcalls.co/tai-nghe-jabra-biz-1100qd-mono/,publish,RETIRE_410,410,RETIRE,410 Gone,Non-editorial / off-ICP; no same-intent target so no redirect
9993,https://gcalls.co/tai-nghe-jabra-biz-1100-qd-duo/,publish,RETIRE_410,410,RETIRE,410 Gone,Non-editorial / off-ICP; no same-intent target so no redirect
9994,https://gcalls.co/tai-nghe-jabra-biz-1100-usb-mono/,publish,RETIRE_410,410,RETIRE,410 Gone,Non-editorial / off-ICP; no same-intent target so no redirect
9995,https://gcalls.co/tai-nghe-jabra-biz-1100-usb-duo/,publish,RETIRE_410,410,RETIRE,410 Gone,Non-editorial / off-ICP; no same-intent target so no redirect
9996,https://gcalls.co/tai-nghe-logitech-h340/,publish,RETIRE_410,410,RETIRE,410 Gone,Non-editorial / off-ICP; no same-intent target so no redirect
10727,https://gcalls.co/?p=10727,draft,REBUILD_UPDATE_TOPIC,/9-quy-tac-giao-tiep-qua-dien-thoai-voi-khach-hang/,PRESERVE_ROOT_URL,NONE,"URL kept, topic re-scoped"
10728,https://gcalls.co/?p=10728,draft,REBUILD_UPDATE_TOPIC,/dich-vu-khach-hang-chu-dong-chien-luoc-va-gia-tri-doi-voi-doanh-nghiep/,NEW_ROOT_URL,NONE,Unpublished draft — no legacy URL; new root URL
10729,https://gcalls.co/?p=10729,draft,REBUILD_UPDATE_TOPIC,/lam-the-nao-de-tao-ra-mot-cuoc-khao-sat-ve-muc-do-hai-long-cua-khach-hang-sao-cho-hieu-qua-nhat/,PRESERVE_ROOT_URL,NONE,"URL kept, topic re-scoped"
10730,https://gcalls.co/?p=10730,draft,REBUILD_UPDATE_TOPIC,/huong-dan-cac-buoc-xu-ly-tinh-huong-khach-hang-phan-nan/,PRESERVE_ROOT_URL,NONE,"URL kept, topic re-scoped"
10731,https://gcalls.co/?p=10731,draft,REBUILD_UPDATE_TOPIC,/khach-hang-tu-phuc-vu-va-cac-vi-du-ve-loai-hinh-trang-web-self-service/,NEW_ROOT_URL,NONE,Unpublished draft — no legacy URL; new root URL
10732,https://gcalls.co/?p=10732,draft,MANUAL_DECISION,PENDING_DECISION,HOLD,NONE,Awaiting manual decision
10733,https://gcalls.co/cuoc-goi-tiep-thi-qua-dien-thoai-la-gi/,publish,REBUILD_KEEP_URL,/cuoc-goi-tiep-thi-qua-dien-thoai-la-gi/,PRESERVE_ROOT_URL,NONE,Topic still valid; root URL keeps its equity
10734,https://gcalls.co/cach-tiep-thi-qua-dien-thoai-hieu-qua-xu-ly-3-loi-tu-choi-cuoc-goi-chao-hang/,publish,REBUILD_KEEP_URL,/cach-tiep-thi-qua-dien-thoai-hieu-qua-xu-ly-3-loi-tu-choi-cuoc-goi-chao-hang/,PRESERVE_ROOT_URL,NONE,Topic still valid; root URL keeps its equity
10740,https://gcalls.co/bo-cau-hoi-phong-van-chuyen-vien-telemarketing-va-telesales/,publish,REBUILD_KEEP_URL,/bo-cau-hoi-phong-van-chuyen-vien-telemarketing-va-telesales/,PRESERVE_ROOT_URL,NONE,Topic still valid; root URL keeps its equity
10741,https://gcalls.co/8-loi-khuyen-danh-cho-nha-quan-ly-call-center/,publish,REBUILD_KEEP_URL,/8-loi-khuyen-danh-cho-nha-quan-ly-call-center/,PRESERVE_ROOT_URL,NONE,Topic still valid; root URL keeps its equity
10742,https://gcalls.co/quyet-toan-thue-tncn-doanh-nghiep-va-nguoi-lao-dong-can-biet/,publish,REBUILD_UPDATE_TOPIC,/quyet-toan-thue-tncn-doanh-nghiep-va-nguoi-lao-dong-can-biet/,PRESERVE_ROOT_URL,NONE,"URL kept, topic re-scoped"
10743,https://gcalls.co/?p=10743,draft,REBUILD_UPDATE_TOPIC,/huong-dan-nhan-vien-tu-van-ban-hang-cach-xu-ly-khach-hang-nong-tinh/,PRESERVE_ROOT_URL,NONE,"URL kept, topic re-scoped"
10745,https://gcalls.co/xay-dung-chien-luoc-email-follow-up-giup-ban-hang-hieu-qua-phan-1/,publish,REBUILD_KEEP_URL,/xay-dung-chien-luoc-email-follow-up-giup-ban-hang-hieu-qua-phan-1/,PRESERVE_ROOT_URL,NONE,Topic still valid; root URL keeps its equity
10746,https://gcalls.co/xay-dung-chien-luoc-email-follow-up-phan-cuoi/,publish,REBUILD_KEEP_URL,/xay-dung-chien-luoc-email-follow-up-phan-cuoi/,PRESERVE_ROOT_URL,NONE,Topic still valid; root URL keeps its equity
10747,https://gcalls.co/7-buoc-lap-ke-hoach-telesales-hieu-qua/,publish,REBUILD_KEEP_URL,/7-buoc-lap-ke-hoach-telesales-hieu-qua/,PRESERVE_ROOT_URL,NONE,Topic still valid; root URL keeps its equity
10748,https://gcalls.co/5-dieu-ve-trai-nghiem-khach-hang-moi-nhan-vien-ban-hang-nen-biet/,publish,REBUILD_KEEP_URL,/5-dieu-ve-trai-nghiem-khach-hang-moi-nhan-vien-ban-hang-nen-biet/,PRESERVE_ROOT_URL,NONE,Topic still valid; root URL keeps its equity
10749,https://gcalls.co/?p=10749,draft,REBUILD_UPDATE_TOPIC,/ebook-mau-kich-ban-cham-soc-khach-hang-qua-dien-thoai/,PRESERVE_ROOT_URL,NONE,"URL kept, topic re-scoped"
10750,https://gcalls.co/cach-ban-hang-hieu-qua-bang-giong-noi/,publish,REBUILD_KEEP_URL,/cach-ban-hang-hieu-qua-bang-giong-noi/,PRESERVE_ROOT_URL,NONE,Topic still valid; root URL keeps its equity
10751,https://gcalls.co/5-buoc-de-thiet-ke-mot-kich-ban-ban-hang-thanh-cong/,publish,REBUILD_KEEP_URL,/5-buoc-de-thiet-ke-mot-kich-ban-ban-hang-thanh-cong/,PRESERVE_ROOT_URL,NONE,Topic still valid; root URL keeps its equity
10752,https://gcalls.co/dung-bao-gia-giai-phap-truoc-khi-truyen-tai-duoc-gia-tri-den-khach-hang/,publish,REBUILD_KEEP_URL,/dung-bao-gia-giai-phap-truoc-khi-truyen-tai-duoc-gia-tri-den-khach-hang/,PRESERVE_ROOT_URL,NONE,Topic still valid; root URL keeps its equity
10753,https://gcalls.co/mau-bang-danh-gia-nhan-vien-ban-hang/,publish,REBUILD_KEEP_URL,/mau-bang-danh-gia-nhan-vien-ban-hang/,PRESERVE_ROOT_URL,NONE,Topic still valid; root URL keeps its equity
10754,https://gcalls.co/8-buoc-quan-trong-de-thuc-hien-cuoc-hop-danh-gia-ban-hang-hang-nam/,publish,REBUILD_KEEP_URL,/8-buoc-quan-trong-de-thuc-hien-cuoc-hop-danh-gia-ban-hang-hang-nam/,PRESERVE_ROOT_URL,NONE,Topic still valid; root URL keeps its equity
10756,https://gcalls.co/telesales-va-telemarketing/,publish,REBUILD_KEEP_URL,/telesales-va-telemarketing/,PRESERVE_ROOT_URL,NONE,Topic still valid; root URL keeps its equity
10798,https://gcalls.co/tuyen-dung-customer-success-engineer-it-full-time/,publish,RETIRE_410,410,RETIRE,410 Gone,Non-editorial / off-ICP; no same-intent target so no redirect
10801,https://gcalls.co/tuyen-dung-customer-success-engineer-internship/,publish,RETIRE_410,410,RETIRE,410 Gone,Non-editorial / off-ICP; no same-intent target so no redirect
10957,https://gcalls.co/chuyen-vien-tu-van-doanh-nghiep/,publish,RETIRE_410,410,RETIRE,410 Gone,Non-editorial / off-ICP; no same-intent target so no redirect
10962,https://gcalls.co/thuc-tap-sinh-tu-van-doanh-nghiep/,publish,RETIRE_410,410,RETIRE,410 Gone,Non-editorial / off-ICP; no same-intent target so no redirect
11915,https://gcalls.co/chay-quang-cao-tren-shopee-tu-a-den-z/,publish,RETIRE_410,410,RETIRE,410 Gone,Non-editorial / off-ICP; no same-intent target so no redirect
12281,https://gcalls.co/sms-marketing-la-gi-vi-sao-ban-nen-dung-sms-marketing/,publish,REBUILD_UPDATE_TOPIC,/sms-marketing-la-gi-vi-sao-ban-nen-dung-sms-marketing/,PRESERVE_ROOT_URL,NONE,"URL kept, topic re-scoped"
12293,https://gcalls.co/phan-mem-sms-marketing-va-nhung-dieu-can-biet/,publish,REBUILD_UPDATE_TOPIC,/phan-mem-sms-marketing-va-nhung-dieu-can-biet/,PRESERVE_ROOT_URL,NONE,"URL kept, topic re-scoped"
12309,https://gcalls.co/dich-vu-tin-nhan-sms-brandname-la-gi/,publish,REBUILD_UPDATE_TOPIC,/dich-vu-tin-nhan-sms-brandname-la-gi/,PRESERVE_ROOT_URL,NONE,"URL kept, topic re-scoped"
12326,https://gcalls.co/sms-brandname-la-gi-gom-may-loai-va-co-loi-ich-gi-cho-doanh-nghiep/,publish,REBUILD_UPDATE_TOPIC,/sms-brandname-la-gi-gom-may-loai-va-co-loi-ich-gi-cho-doanh-nghiep/,PRESERVE_ROOT_URL,NONE,"URL kept, topic re-scoped"
12590,https://gcalls.co/phan-mem-sms-brandname-nao-tot-nhat/,publish,REBUILD_UPDATE_TOPIC,/phan-mem-sms-brandname-nao-tot-nhat/,PRESERVE_ROOT_URL,NONE,"URL kept, topic re-scoped"
12599,https://gcalls.co/sms-marketing-gia-re-bao-gia-nhanh-hieu-qua-hang-dau/,publish,REBUILD_UPDATE_TOPIC,/sms-marketing-gia-re-bao-gia-nhanh-hieu-qua-hang-dau/,PRESERVE_ROOT_URL,NONE,"URL kept, topic re-scoped"
12625,https://gcalls.co/sms-brandname-gia-re-uy-tin-tai-gcalls/,publish,REBUILD_UPDATE_TOPIC,/sms-brandname-gia-re-uy-tin-tai-gcalls/,PRESERVE_ROOT_URL,NONE,"URL kept, topic re-scoped"
12686,https://gcalls.co/hoc-ngay-5-kinh-nghiem-ban-hang-tren-shopee/,publish,REBUILD_KEEP_URL,/hoc-ngay-5-kinh-nghiem-ban-hang-tren-shopee/,PRESERVE_ROOT_URL,NONE,Topic still valid; root URL keeps its equity
12751,https://gcalls.co/kinh-nghiem-kinh-doanh-shopee-ban-hang-online/,publish,REBUILD_KEEP_URL,/kinh-nghiem-kinh-doanh-shopee-ban-hang-online/,PRESERVE_ROOT_URL,NONE,Topic still valid; root URL keeps its equity
12770,https://gcalls.co/shopee-template-va-cach-thiet-ke-chi-tiet-tren-canva/,publish,REBUILD_KEEP_URL,/shopee-template-va-cach-thiet-ke-chi-tiet-tren-canva/,PRESERVE_ROOT_URL,NONE,Topic still valid; root URL keeps its equity
12797,https://gcalls.co/khoa-hoc-ban-hang-tren-shopee-nao-hieu-qua-nhat/,publish,REBUILD_KEEP_URL,/khoa-hoc-ban-hang-tren-shopee-nao-hieu-qua-nhat/,PRESERVE_ROOT_URL,NONE,Topic still valid; root URL keeps its equity
12953,https://gcalls.co/?p=12953,draft,RETIRE_410,410,RETIRE,410 Gone,Non-editorial / off-ICP; no same-intent target so no redirect
12991,https://gcalls.co/?p=12991,draft,REBUILD_UPDATE_TOPIC,/kinh-nghiem-ban-hang-tren-lazada-cho-nguoi-moi-bat-dau/,NEW_ROOT_URL,NONE,Unpublished draft — no legacy URL; new root URL
13012,https://gcalls.co/kinh-nghiem-kinh-doanh-lazada-danh-cho-nguoi-moi-bat-dau/,private,REBUILD_UPDATE_TOPIC,/kinh-nghiem-kinh-doanh-lazada-danh-cho-nguoi-moi-bat-dau/,PRESERVE_ROOT_URL,NONE,"URL kept, topic re-scoped"
13020,https://gcalls.co/khoa-hoc-kinh-doanh-shopee-hieu-qua-trong-top-3/,publish,REBUILD_KEEP_URL,/khoa-hoc-kinh-doanh-shopee-hieu-qua-trong-top-3/,PRESERVE_ROOT_URL,NONE,Topic still valid; root URL keeps its equity
13047,https://gcalls.co/cach-toi-uu-san-pham-tren-shopee-hieu-qua-nhat/,publish,REBUILD_KEEP_URL,/cach-toi-uu-san-pham-tren-shopee-hieu-qua-nhat/,PRESERVE_ROOT_URL,NONE,Topic still valid; root URL keeps its equity
13067,https://gcalls.co/cach-thiet-ke-gian-hang-tren-lazada/,publish,RETIRE_410,410,RETIRE,410 Gone,Non-editorial / off-ICP; no same-intent target so no redirect
13094,https://gcalls.co/?p=13094,draft,REBUILD_UPDATE_TOPIC,/toi-uu-quang-cao-lazada-hieu-qua-va-chuyen-nghiep/,NEW_ROOT_URL,NONE,Unpublished draft — no legacy URL; new root URL
13167,https://gcalls.co/?p=13167,draft,REBUILD_UPDATE_TOPIC,/cach-toi-uu-san-pham-tren-lazada/,NEW_ROOT_URL,NONE,Unpublished draft — no legacy URL; new root URL
13208,https://gcalls.co/dich-vu-call-center-la-gi-cong-ty-cung-cap-uy-tin-nhat/,publish,REBUILD_KEEP_URL,/dich-vu-call-center-la-gi-cong-ty-cung-cap-uy-tin-nhat/,PRESERVE_ROOT_URL,NONE,Topic still valid; root URL keeps its equity
13242,https://gcalls.co/tong-dai-ao-mien-phi-la-gi-top-5-tong-dai-ao-mien-phi-crm/,publish,REBUILD_KEEP_URL,/tong-dai-ao-mien-phi-la-gi-top-5-tong-dai-ao-mien-phi-crm/,PRESERVE_ROOT_URL,NONE,Topic still valid; root URL keeps its equity
13286,https://gcalls.co/tong-dai-ao-la-gi-loi-ich-hang-dau-danh-cho-doanh-nghiep/,publish,REBUILD_KEEP_URL,/tong-dai-ao-la-gi-loi-ich-hang-dau-danh-cho-doanh-nghiep/,PRESERVE_ROOT_URL,NONE,Topic still valid; root URL keeps its equity
13378,https://gcalls.co/?p=13378,draft,REBUILD_UPDATE_TOPIC,/giai-phap-tong-dai-cham-soc-khach-hang-bo-mot-loi-muoi/,PRESERVE_ROOT_URL,NONE,"URL kept, topic re-scoped"
13388,https://gcalls.co/tong-dai-noi-bo-ao-khac-tong-dai-ao-diem-nao/,publish,REBUILD_KEEP_URL,/tong-dai-noi-bo-ao-khac-tong-dai-ao-diem-nao/,PRESERVE_ROOT_URL,NONE,Topic still valid; root URL keeps its equity
13409,https://gcalls.co/?p=13409,draft,REBUILD_UPDATE_TOPIC,/giai-phap-tong-dai-ho-tro-uu-nhuoc-diem/,NEW_ROOT_URL,NONE,Unpublished draft — no legacy URL; new root URL
13426,https://gcalls.co/?p=13426,draft,REBUILD_UPDATE_TOPIC,/lap-dat-tong-dai-ao-co-loi-ich-gi/,NEW_ROOT_URL,NONE,Unpublished draft — no legacy URL; new root URL
13427,https://gcalls.co/giai-phap-tong-dai-ao-khong-day-co-gi-tot/,publish,REBUILD_KEEP_URL,/giai-phap-tong-dai-ao-khong-day-co-gi-tot/,PRESERVE_ROOT_URL,NONE,Topic still valid; root URL keeps its equity
13456,https://gcalls.co/tuyen-dung-product-designer-ui-ux-intern/,publish,RETIRE_410,410,RETIRE,410 Gone,Non-editorial / off-ICP; no same-intent target so no redirect
13469,https://gcalls.co/tuyen-dung-customer-success-specialist-intern/,publish,RETIRE_410,410,RETIRE,410 Gone,Non-editorial / off-ICP; no same-intent target so no redirect
13483,https://gcalls.co/tong-dai-cong-nghe-la-gi-co-nen-dau-tu-vao-tong-dai-ao/,publish,REBUILD_KEEP_URL,/tong-dai-cong-nghe-la-gi-co-nen-dau-tu-vao-tong-dai-ao/,PRESERVE_ROOT_URL,NONE,Topic still valid; root URL keeps its equity
13535,https://gcalls.co/hr-intern/,publish,RETIRE_410,410,RETIRE,410 Gone,Non-editorial / off-ICP; no same-intent target so no redirect
13899,https://gcalls.co/?p=13899,draft,REBUILD_UPDATE_TOPIC,/top-4-ky-nang-cham-soc-khach-hang-qua-dien-thoai/,NEW_ROOT_URL,NONE,Unpublished draft — no legacy URL; new root URL
14292,https://gcalls.co/marketing-automation-la-gi-nhung-thong-tin-can-biet/,publish,REBUILD_KEEP_URL,/marketing-automation-la-gi-nhung-thong-tin-can-biet/,PRESERVE_ROOT_URL,NONE,Topic still valid; root URL keeps its equity
14304,https://gcalls.co/tuyen-dung-customer-success-specialist-fulltime/,publish,RETIRE_410,410,RETIRE,410 Gone,Non-editorial / off-ICP; no same-intent target so no redirect
14308,https://gcalls.co/customer-success-engineer-fulltime/,publish,RETIRE_410,410,RETIRE,410 Gone,Non-editorial / off-ICP; no same-intent target so no redirect
14415,https://gcalls.co/ke-hoach-cham-soc-khach-hang-cu-hieu-qua-nhat/,publish,REBUILD_KEEP_URL,/ke-hoach-cham-soc-khach-hang-cu-hieu-qua-nhat/,PRESERVE_ROOT_URL,NONE,Topic still valid; root URL keeps its equity
14462,https://gcalls.co/hotline-la-gi-co-nhung-loai-dau-so-hotline-nao-hien-nay/,publish,REBUILD_KEEP_URL,/hotline-la-gi-co-nhung-loai-dau-so-hotline-nao-hien-nay/,PRESERVE_ROOT_URL,NONE,Topic still valid; root URL keeps its equity
14502,https://gcalls.co/ivr-la-gi-va-nhung-dieu-can-biet-ve/,publish,REBUILD_KEEP_URL,/ivr-la-gi-va-nhung-dieu-can-biet-ve/,PRESERVE_ROOT_URL,NONE,Topic still valid; root URL keeps its equity
14506,https://gcalls.co/quy-trinh-cham-soc-khach-hang-sau-ban-hang/,publish,REBUILD_KEEP_URL,/quy-trinh-cham-soc-khach-hang-sau-ban-hang/,PRESERVE_ROOT_URL,NONE,Topic still valid; root URL keeps its equity
14522,https://gcalls.co/acd-la-gi-ung-dung-thuc-te-cua-acd-vao-call-center/,publish,REBUILD_KEEP_URL,/acd-la-gi-ung-dung-thuc-te-cua-acd-vao-call-center/,PRESERVE_ROOT_URL,NONE,Topic still valid; root URL keeps its equity
14536,https://gcalls.co/dich-vu-tong-dai-ao-13-tinh-nang-noi-bat/,publish,REBUILD_KEEP_URL,/dich-vu-tong-dai-ao-13-tinh-nang-noi-bat/,PRESERVE_ROOT_URL,NONE,Topic still valid; root URL keeps its equity
14539,https://gcalls.co/sip-trunk-la-gi-loi-ich-dich-vu-nay-mang-den-nhu-the-nao/,publish,REBUILD_UPDATE_TOPIC,/sip-trunk-la-gi-loi-ich-dich-vu-nay-mang-den-nhu-the-nao/,PRESERVE_ROOT_URL,NONE,"URL kept, topic re-scoped"
14560,https://gcalls.co/so-tong-dai-1800-la-gi-huong-dan-dang-ky-dau-so-1800-don-gian/,publish,REBUILD_KEEP_URL,/so-tong-dai-1800-la-gi-huong-dan-dang-ky-dau-so-1800-don-gian/,PRESERVE_ROOT_URL,NONE,Topic still valid; root URL keeps its equity
14568,https://gcalls.co/giai-dap-thong-tin-ve-voip-va-ung-dung-thuc-te/,publish,REBUILD_KEEP_URL,/giai-dap-thong-tin-ve-voip-va-ung-dung-thuc-te/,PRESERVE_ROOT_URL,NONE,Topic still valid; root URL keeps its equity
14577,https://gcalls.co/hr-parttime/,publish,RETIRE_410,410,RETIRE,410 Gone,Non-editorial / off-ICP; no same-intent target so no redirect
14607,https://gcalls.co/mau-loi-chao-tong-dai-dien-thoai-pho-bien-hien-nay/,publish,REBUILD_KEEP_URL,/mau-loi-chao-tong-dai-dien-thoai-pho-bien-hien-nay/,PRESERVE_ROOT_URL,NONE,Topic still valid; root URL keeps its equity
14614,https://gcalls.co/service-level-agreement-la-gi-tu-a-z-thong-tin-ve-sla/,publish,REBUILD_UPDATE_TOPIC,/service-level-agreement-la-gi-tu-a-z-thong-tin-ve-sla/,PRESERVE_ROOT_URL,NONE,"URL kept, topic re-scoped"
14773,https://gcalls.co/best-virtual-phone-system-for-small-medium-business-2023/,publish,MANUAL_DECISION,PENDING_DECISION,HOLD,NONE,Awaiting manual decision
14787,https://gcalls.co/cach-xu-ly-cac-tinh-huong-cham-soc-khach-hang/,publish,REBUILD_KEEP_URL,/cach-xu-ly-cac-tinh-huong-cham-soc-khach-hang/,PRESERVE_ROOT_URL,NONE,Topic still valid; root URL keeps its equity
14797,https://gcalls.co/tin-nhan-cham-soc-khach-hang-cu-hieu-qua-nhat/,publish,REBUILD_KEEP_URL,/tin-nhan-cham-soc-khach-hang-cu-hieu-qua-nhat/,PRESERVE_ROOT_URL,NONE,Topic still valid; root URL keeps its equity
14870,https://gcalls.co/on-premise-la-gi-va-day-co-phai-la-giai-phap-tot-nhat/,publish,REBUILD_UPDATE_TOPIC,/on-premise-la-gi-va-day-co-phai-la-giai-phap-tot-nhat/,PRESERVE_ROOT_URL,NONE,"URL kept, topic re-scoped"
14890,https://gcalls.co/he-thong-tong-dai-dien-thoai-chuan-la-nhu-the-nao/,publish,REBUILD_KEEP_URL,/he-thong-tong-dai-dien-thoai-chuan-la-nhu-the-nao/,PRESERVE_ROOT_URL,NONE,Topic still valid; root URL keeps its equity
14902,https://gcalls.co/dich-vu-cham-soc-khach-hang-la-gi/,publish,REBUILD_KEEP_URL,/dich-vu-cham-soc-khach-hang-la-gi/,PRESERVE_ROOT_URL,NONE,Topic still valid; root URL keeps its equity
15008,https://gcalls.co/tong-dai-ip-va-nhung-khac-biet-so-voi-tong-dai-analog/,publish,REBUILD_KEEP_URL,/tong-dai-ip-va-nhung-khac-biet-so-voi-tong-dai-analog/,PRESERVE_ROOT_URL,NONE,Topic still valid; root URL keeps its equity
15049,https://gcalls.co/kich-ban-tu-van-khach-hang-spa-la-gi/,publish,REBUILD_KEEP_URL,/kich-ban-tu-van-khach-hang-spa-la-gi/,PRESERVE_ROOT_URL,NONE,Topic still valid; root URL keeps its equity
15195,https://gcalls.co/customer-lifetime-value-la-gi-vai-tro-va-cach-tinh/,publish,REBUILD_UPDATE_TOPIC,/customer-lifetime-value-la-gi-vai-tro-va-cach-tinh/,PRESERVE_ROOT_URL,NONE,"URL kept, topic re-scoped"
15207,https://gcalls.co/5-ly-do-nen-chon-dich-vu-cham-soc-khach-hang-viettel/,publish,REBUILD_KEEP_URL,/5-ly-do-nen-chon-dich-vu-cham-soc-khach-hang-viettel/,PRESERVE_ROOT_URL,NONE,Topic still valid; root URL keeps its equity
15217,https://gcalls.co/phan-mem-quan-ly-ban-hang-da-kenh-la-gi-co-nen-su-dung/,publish,REBUILD_KEEP_URL,/phan-mem-quan-ly-ban-hang-da-kenh-la-gi-co-nen-su-dung/,PRESERVE_ROOT_URL,NONE,Topic still valid; root URL keeps its equity
15221,https://gcalls.co/dich-vu-voice-brandname-la-gi-va-nhung-loi-ich/,publish,REBUILD_UPDATE_TOPIC,/dich-vu-voice-brandname-la-gi-va-nhung-loi-ich/,PRESERVE_ROOT_URL,NONE,"URL kept, topic re-scoped"
15235,https://gcalls.co/customer-success-la-gi-nhung-thong-tin-cu-the-nhat/,publish,REBUILD_KEEP_URL,/customer-success-la-gi-nhung-thong-tin-cu-the-nhat/,PRESERVE_ROOT_URL,NONE,Topic still valid; root URL keeps its equity
15250,https://gcalls.co/tong-dai-contact-center-la-gi/,publish,REBUILD_KEEP_URL,/tong-dai-contact-center-la-gi/,PRESERVE_ROOT_URL,NONE,Topic still valid; root URL keeps its equity
15262,https://gcalls.co/phan-mem-tong-dai-ao-la-gi/,publish,REBUILD_KEEP_URL,/phan-mem-tong-dai-ao-la-gi/,PRESERVE_ROOT_URL,NONE,Topic still valid; root URL keeps its equity
15281,https://gcalls.co/mua-so-tong-dai-1900-co-loi-ich-gi-nen-mua-o-dau-uy-tin/,publish,REBUILD_KEEP_URL,/mua-so-tong-dai-1900-co-loi-ich-gi-nen-mua-o-dau-uy-tin/,PRESERVE_ROOT_URL,NONE,Topic still valid; root URL keeps its equity
15306,https://gcalls.co/cham-soc-khach-hang-qua-dien-thoai/,publish,REBUILD_KEEP_URL,/cham-soc-khach-hang-qua-dien-thoai/,PRESERVE_ROOT_URL,NONE,Topic still valid; root URL keeps its equity
15314,https://gcalls.co/salesforce-la-gi-nhung-thong-tin-quan-trong-nhat/,publish,REBUILD_KEEP_URL,/salesforce-la-gi-nhung-thong-tin-quan-trong-nhat/,PRESERVE_ROOT_URL,NONE,Topic still valid; root URL keeps its equity
15328,https://gcalls.co/?p=15328,draft,MANUAL_DECISION,PENDING_DECISION,HOLD,NONE,Awaiting manual decision
15332,https://gcalls.co/dich-vu-voice-brandname-la-gi/,publish,REBUILD_UPDATE_TOPIC,/dich-vu-voice-brandname-la-gi/,PRESERVE_ROOT_URL,NONE,"URL kept, topic re-scoped"
15335,https://gcalls.co/phan-mem-crm-viet-nam-la-gi/,publish,REBUILD_KEEP_URL,/phan-mem-crm-viet-nam-la-gi/,PRESERVE_ROOT_URL,NONE,Topic still valid; root URL keeps its equity
15353,https://gcalls.co/cach-xay-dung-quy-trinh-ban-hang-cua-doanh-nghiep-hieu-qua/,publish,REBUILD_KEEP_URL,/cach-xay-dung-quy-trinh-ban-hang-cua-doanh-nghiep-hieu-qua/,PRESERVE_ROOT_URL,NONE,Topic still valid; root URL keeps its equity
15363,https://gcalls.co/vi-sao-chien-luoc-cham-soc-khach-hang-voi-salesforce-can-thiet/,publish,REBUILD_KEEP_URL,/vi-sao-chien-luoc-cham-soc-khach-hang-voi-salesforce-can-thiet/,PRESERVE_ROOT_URL,NONE,Topic still valid; root URL keeps its equity
15380,https://gcalls.co/so-sanh-salesforce-crm-va-cac-phan-mem-khac/,publish,REBUILD_KEEP_URL,/so-sanh-salesforce-crm-va-cac-phan-mem-khac/,PRESERVE_ROOT_URL,NONE,Topic still valid; root URL keeps its equity
15384,https://gcalls.co/salesforce-marketing-cloud-la-gi-tim-hieu-thong-tin-tu-a-z/,publish,REBUILD_KEEP_URL,/salesforce-marketing-cloud-la-gi-tim-hieu-thong-tin-tu-a-z/,PRESERVE_ROOT_URL,NONE,Topic still valid; root URL keeps its equity
15558,https://gcalls.co/8-cach-giu-khach-hang-cu-hieu-qua/,publish,REBUILD_KEEP_URL,/8-cach-giu-khach-hang-cu-hieu-qua/,PRESERVE_ROOT_URL,NONE,Topic still valid; root URL keeps its equity
15561,https://gcalls.co/trai-nghiem-khach-hang-xuat-sac-la-gi-cach-nang-cap/,publish,REBUILD_KEEP_URL,/trai-nghiem-khach-hang-xuat-sac-la-gi-cach-nang-cap/,PRESERVE_ROOT_URL,NONE,Topic still valid; root URL keeps its equity
15589,https://gcalls.co/cau-hoi-cham-soc-khach-hang-cu-kich-ban-cskh-hieu-qua/,publish,REBUILD_KEEP_URL,/cau-hoi-cham-soc-khach-hang-cu-kich-ban-cskh-hieu-qua/,PRESERVE_ROOT_URL,NONE,Topic still valid; root URL keeps its equity
15604,https://gcalls.co/giai-phap-cham-soc-khach-hang-nao-toi-uu-nhat/,publish,REBUILD_KEEP_URL,/giai-phap-cham-soc-khach-hang-nao-toi-uu-nhat/,PRESERVE_ROOT_URL,NONE,Topic still valid; root URL keeps its equity
15646,https://gcalls.co/top-5-loi-ich-cua-phan-mem-auto-answer/,publish,REBUILD_KEEP_URL,/top-5-loi-ich-cua-phan-mem-auto-answer/,PRESERVE_ROOT_URL,NONE,Topic still valid; root URL keeps its equity
15660,https://gcalls.co/chien-luoc-giu-chan-khach-hang-hieu-qua-nhat/,publish,REBUILD_KEEP_URL,/chien-luoc-giu-chan-khach-hang-hieu-qua-nhat/,PRESERVE_ROOT_URL,NONE,Topic still valid; root URL keeps its equity
15681,https://gcalls.co/tin-nhan-cham-soc-khach-hang-cu-giup-gia-tang-hieu-qua/,publish,REBUILD_KEEP_URL,/tin-nhan-cham-soc-khach-hang-cu-giup-gia-tang-hieu-qua/,PRESERVE_ROOT_URL,NONE,Topic still valid; root URL keeps its equity
15687,https://gcalls.co/quan-ly-thong-tin-khach-hang-hieu-qua-qua-he-thong-nao/,publish,REBUILD_UPDATE_TOPIC,/quan-ly-thong-tin-khach-hang-hieu-qua-qua-he-thong-nao/,PRESERVE_ROOT_URL,NONE,"URL kept, topic re-scoped"
15713,https://gcalls.co/quan-ly-cuoc-goi-khach-hang/,publish,REBUILD_UPDATE_TOPIC,/quan-ly-cuoc-goi-khach-hang/,PRESERVE_ROOT_URL,NONE,"URL kept, topic re-scoped"
15724,https://gcalls.co/bi-quyet-cham-soc-khach-hang-tuyet-dinh-nhat/,publish,REBUILD_KEEP_URL,/bi-quyet-cham-soc-khach-hang-tuyet-dinh-nhat/,PRESERVE_ROOT_URL,NONE,Topic still valid; root URL keeps its equity
15738,https://gcalls.co/tai-sao-dich-vu-tong-dai-ao-danh-cho-startup-bung-no-2023/,publish,REBUILD_KEEP_URL,/tai-sao-dich-vu-tong-dai-ao-danh-cho-startup-bung-no-2023/,PRESERVE_ROOT_URL,NONE,Topic still valid; root URL keeps its equity
15743,https://gcalls.co/dong-bo-hoa-du-lieu-la-gi-tai-sao-nen-dong-bo-du-lieu/,publish,REBUILD_KEEP_URL,/dong-bo-hoa-du-lieu-la-gi-tai-sao-nen-dong-bo-du-lieu/,PRESERVE_ROOT_URL,NONE,Topic still valid; root URL keeps its equity
15765,https://gcalls.co/phan-mem-auto-call-va-nhung-loi-ich-cho-doanh-nghiep/,publish,REBUILD_UPDATE_TOPIC,/phan-mem-auto-call-va-nhung-loi-ich-cho-doanh-nghiep/,PRESERVE_ROOT_URL,NONE,"URL kept, topic re-scoped"
15775,https://gcalls.co/5-loi-ich-cua-dich-vu-ho-tro-truc-tuyen/,publish,REBUILD_UPDATE_TOPIC,/5-loi-ich-cua-dich-vu-ho-tro-truc-tuyen/,PRESERVE_ROOT_URL,NONE,"URL kept, topic re-scoped"
15794,https://gcalls.co/he-thong-quan-ly-khach-hang/,publish,REBUILD_UPDATE_TOPIC,/he-thong-quan-ly-khach-hang/,PRESERVE_ROOT_URL,NONE,"URL kept, topic re-scoped"
15806,https://gcalls.co/giai-phap-tong-dai-ao-cho-doanh-nghiep-vua-va-nho/,publish,REBUILD_KEEP_URL,/giai-phap-tong-dai-ao-cho-doanh-nghiep-vua-va-nho/,PRESERVE_ROOT_URL,NONE,Topic still valid; root URL keeps its equity
15830,https://gcalls.co/mo-hinh-trai-nghiem-khach-hang-la-gi/,publish,REBUILD_KEEP_URL,/mo-hinh-trai-nghiem-khach-hang-la-gi/,PRESERVE_ROOT_URL,NONE,Topic still valid; root URL keeps its equity
15847,https://gcalls.co/luu-tru-thong-tin-khach-hang-voi-top-3-phan-mem-tot-nhat/,publish,REBUILD_UPDATE_TOPIC,/luu-tru-thong-tin-khach-hang-voi-top-3-phan-mem-tot-nhat/,PRESERVE_ROOT_URL,NONE,"URL kept, topic re-scoped"
15859,https://gcalls.co/tong-dai-ip-va-nhung-dieu-can-biet/,publish,REBUILD_KEEP_URL,/tong-dai-ip-va-nhung-dieu-can-biet/,PRESERVE_ROOT_URL,NONE,Topic still valid; root URL keeps its equity
15870,https://gcalls.co/nhan-vien-ho-tro-khach-hang-chia-khoa-thanh-cong-cua-doanh-nghiep/,publish,REBUILD_UPDATE_TOPIC,/nhan-vien-ho-tro-khach-hang-chia-khoa-thanh-cong-cua-doanh-nghiep/,PRESERVE_ROOT_URL,NONE,"URL kept, topic re-scoped"
15884,https://gcalls.co/dich-vu-tong-dai-dam-may-cho-start-up/,publish,REBUILD_KEEP_URL,/dich-vu-tong-dai-dam-may-cho-start-up/,PRESERVE_ROOT_URL,NONE,Topic still valid; root URL keeps its equity
15904,https://gcalls.co/8-buoc-ban-hang-co-ban-va-hieu-qua-cho-nhan-vien-sales/,publish,REBUILD_KEEP_URL,/8-buoc-ban-hang-co-ban-va-hieu-qua-cho-nhan-vien-sales/,PRESERVE_ROOT_URL,NONE,Topic still valid; root URL keeps its equity
15916,https://gcalls.co/cach-goi-sale-hieu-qua-co-the-ban-khong-biet/,publish,REBUILD_KEEP_URL,/cach-goi-sale-hieu-qua-co-the-ban-khong-biet/,PRESERVE_ROOT_URL,NONE,Topic still valid; root URL keeps its equity
15926,https://gcalls.co/cach-telesale-cho-nguoi-moi-bat-dau/,publish,REBUILD_KEEP_URL,/cach-telesale-cho-nguoi-moi-bat-dau/,PRESERVE_ROOT_URL,NONE,Topic still valid; root URL keeps its equity
15943,https://gcalls.co/chuong-trinh-cham-soc-khach-hang-toi-uu-nhat/,publish,REBUILD_KEEP_URL,/chuong-trinh-cham-soc-khach-hang-toi-uu-nhat/,PRESERVE_ROOT_URL,NONE,Topic still valid; root URL keeps its equity
15982,https://gcalls.co/quan-ly-quan-he-khach-hang/,publish,REBUILD_UPDATE_TOPIC,/quan-ly-quan-he-khach-hang/,PRESERVE_ROOT_URL,NONE,"URL kept, topic re-scoped"
15993,https://gcalls.co/phuong-phap-quan-ly-telesale-hieu-qua/,publish,REBUILD_KEEP_URL,/phuong-phap-quan-ly-telesale-hieu-qua/,PRESERVE_ROOT_URL,NONE,Topic still valid; root URL keeps its equity
16005,https://gcalls.co/he-thong-cham-soc-khach-hang-loi-ich-va-6-tinh-nang/,publish,REBUILD_KEEP_URL,/he-thong-cham-soc-khach-hang-loi-ich-va-6-tinh-nang/,PRESERVE_ROOT_URL,NONE,Topic still valid; root URL keeps its equity
16018,https://gcalls.co/dang-ky-tong-dai-ao-giai-phap-cham-soc-khach-hang-hieu-qua/,publish,REBUILD_KEEP_URL,/dang-ky-tong-dai-ao-giai-phap-cham-soc-khach-hang-hieu-qua/,PRESERVE_ROOT_URL,NONE,Topic still valid; root URL keeps its equity
16022,https://gcalls.co/cach-goi-telesale-hieu-qua-ma-ban-chua-biet/,publish,REBUILD_KEEP_URL,/cach-goi-telesale-hieu-qua-ma-ban-chua-biet/,PRESERVE_ROOT_URL,NONE,Topic still valid; root URL keeps its equity
16035,https://gcalls.co/8-cach-nang-cao-trai-nghiem-dich-vu-khach-hang/,publish,REBUILD_KEEP_URL,/8-cach-nang-cao-trai-nghiem-dich-vu-khach-hang/,PRESERVE_ROOT_URL,NONE,Topic still valid; root URL keeps its equity
16095,https://gcalls.co/he-thong-quan-ly-khach-hang-trong-nha-hang-khach-san/,publish,REBUILD_UPDATE_TOPIC,/he-thong-quan-ly-khach-hang-trong-nha-hang-khach-san/,PRESERVE_ROOT_URL,NONE,"URL kept, topic re-scoped"
16109,https://gcalls.co/chu-y-khi-xay-dung-so-do-quy-trinh-cham-soc-khach-hang/,publish,REBUILD_KEEP_URL,/chu-y-khi-xay-dung-so-do-quy-trinh-cham-soc-khach-hang/,PRESERVE_ROOT_URL,NONE,Topic still valid; root URL keeps its equity
16131,https://gcalls.co/phan-mem-quan-ly-khach-hang-mien-phi/,publish,REBUILD_UPDATE_TOPIC,/phan-mem-quan-ly-khach-hang-mien-phi/,PRESERVE_ROOT_URL,NONE,"URL kept, topic re-scoped"
16145,https://gcalls.co/phuong-phap-cham-soc-khach-hang-hieu-qua/,publish,REBUILD_KEEP_URL,/phuong-phap-cham-soc-khach-hang-hieu-qua/,PRESERVE_ROOT_URL,NONE,Topic still valid; root URL keeps its equity
16176,https://gcalls.co/nang-cao-chat-luong-nguon-nhan-luc/,publish,REBUILD_UPDATE_TOPIC,/nang-cao-chat-luong-nguon-nhan-luc/,PRESERVE_ROOT_URL,NONE,"URL kept, topic re-scoped"
16180,https://gcalls.co/xay-dung-chien-luoc-marketing-hieu-qua-nhu-the-nao/,publish,REBUILD_UPDATE_TOPIC,/xay-dung-chien-luoc-marketing-hieu-qua-nhu-the-nao/,PRESERVE_ROOT_URL,NONE,"URL kept, topic re-scoped"
16201,https://gcalls.co/9-y-tuong-khoi-nghiep-tuyet-voi-cho-ban/,publish,REBUILD_UPDATE_TOPIC,/9-y-tuong-khoi-nghiep-tuyet-voi-cho-ban/,PRESERVE_ROOT_URL,NONE,"URL kept, topic re-scoped"
16202,https://gcalls.co/8-phuong-phap-tiep-can-khach-hang-hieu-qua/,publish,REBUILD_UPDATE_TOPIC,/8-phuong-phap-tiep-can-khach-hang-hieu-qua/,PRESERVE_ROOT_URL,NONE,"URL kept, topic re-scoped"
16240,https://gcalls.co/xac-dinh-khach-hang-muc-tieu-vai-tro-cach-xac-dinh/,publish,REBUILD_UPDATE_TOPIC,/xac-dinh-khach-hang-muc-tieu-vai-tro-cach-xac-dinh/,PRESERVE_ROOT_URL,NONE,"URL kept, topic re-scoped"
16252,https://gcalls.co/muc-tieu-smart-la-gi-vi-du-va-cach-dat-muc-tieu-smart/,publish,REBUILD_UPDATE_TOPIC,/muc-tieu-smart-la-gi-vi-du-va-cach-dat-muc-tieu-smart/,PRESERVE_ROOT_URL,NONE,"URL kept, topic re-scoped"
16254,https://gcalls.co/5-buoc-lap-ke-hoach-marketing-hieu-qua-cho-doanh-nghiep/,publish,REBUILD_UPDATE_TOPIC,/5-buoc-lap-ke-hoach-marketing-hieu-qua-cho-doanh-nghiep/,PRESERVE_ROOT_URL,NONE,"URL kept, topic re-scoped"
16257,https://gcalls.co/xac-dinh-ngan-sach-marketing-nhu-the-nao/,publish,REBUILD_UPDATE_TOPIC,/xac-dinh-ngan-sach-marketing-nhu-the-nao/,PRESERVE_ROOT_URL,NONE,"URL kept, topic re-scoped"
16271,https://gcalls.co/nha-dau-tu-thien-than-cuu-tinh-cua-start-up/,publish,REBUILD_KEEP_URL,/nha-dau-tu-thien-than-cuu-tinh-cua-start-up/,PRESERVE_ROOT_URL,NONE,Topic still valid; root URL keeps its equity
16284,https://gcalls.co/9-buoc-lap-ke-hoach-digital-marketing/,publish,REBUILD_UPDATE_TOPIC,/9-buoc-lap-ke-hoach-digital-marketing/,PRESERVE_ROOT_URL,NONE,"URL kept, topic re-scoped"
16324,https://gcalls.co/tu-ghi-am-cuoc-goi-va-cach-huong-dan-cai/,publish,REBUILD_KEEP_URL,/tu-ghi-am-cuoc-goi-va-cach-huong-dan-cai/,PRESERVE_ROOT_URL,NONE,Topic still valid; root URL keeps its equity
16329,https://gcalls.co/4-website-goi-von-cong-dong-hieu-qua-danh-cho-start-up/,publish,REBUILD_UPDATE_TOPIC,/4-website-goi-von-cong-dong-hieu-qua-danh-cho-start-up/,PRESERVE_ROOT_URL,NONE,"URL kept, topic re-scoped"
16348,https://gcalls.co/huong-dan-khoi-nghiep-hieu-qua/,publish,REBUILD_UPDATE_TOPIC,/huong-dan-khoi-nghiep-hieu-qua/,PRESERVE_ROOT_URL,NONE,"URL kept, topic re-scoped"
16376,https://gcalls.co/quan-tri-theo-muc-tieu-smart-la-gi/,publish,REBUILD_UPDATE_TOPIC,/quan-tri-theo-muc-tieu-smart-la-gi/,PRESERVE_ROOT_URL,NONE,"URL kept, topic re-scoped"
16389,https://gcalls.co/?p=16389,draft,REBUILD_UPDATE_TOPIC,/call-center-la-gi-tat-tan-tat-ve-call-center-ma-ban-nen-biet/,NEW_ROOT_URL,NONE,Unpublished draft — no legacy URL; new root URL
16611,https://gcalls.co/9-viec-nen-va-khong-nen-lam-trong-quy-trinh-danh-gia-nhan-vien/,publish,REBUILD_UPDATE_TOPIC,/9-viec-nen-va-khong-nen-lam-trong-quy-trinh-danh-gia-nhan-vien/,PRESERVE_ROOT_URL,NONE,"URL kept, topic re-scoped"
17741,https://gcalls.co/thu-thuat-tang-traffic-website-uy-tin-tai-trafficseo/,publish,REBUILD_UPDATE_TOPIC,/thu-thuat-tang-traffic-website-uy-tin-tai-trafficseo/,PRESERVE_ROOT_URL,NONE,"URL kept, topic re-scoped"
17775,https://gcalls.co/?p=17775,draft,REBUILD_UPDATE_TOPIC,/huong-dan-quy-trinh-ban-bat-dong-san-tu-thoi-diem-mo-ban-cho-den-luc-k/,NEW_ROOT_URL,NONE,Unpublished draft — no legacy URL; new root URL
17795,https://gcalls.co/?p=17795,draft,REBUILD_UPDATE_TOPIC,/8-cach-xu-ly-tu-choi-cua-khach-hang/,NEW_ROOT_URL,NONE,Unpublished draft — no legacy URL; new root URL
17802,https://gcalls.co/?p=17802,draft,MERGE_INTO_PRIMARY,/tieu-chi-danh-gia-hieu-qua-ban-hang/,CONSOLIDATE,NONE — never published,Same intent; one primary URL only
17823,https://gcalls.co/?p=17823,draft,REBUILD_UPDATE_TOPIC,/vi-sao-nhan-tin-voi-khach-hang-la-cach-hieu-qua-de-tang-doanh-so-ban-h/,NEW_ROOT_URL,NONE,Unpublished draft — no legacy URL; new root URL
17827,https://gcalls.co/?p=17827,draft,MERGE_INTO_PRIMARY,/chi-so-csat-la-gi-va-cach-do-luong-chi-so-nay-trong-dich-vu-khach-hang/,CONSOLIDATE,NONE — never published,Same intent; one primary URL only
17832,https://gcalls.co/?p=17832,draft,MERGE_INTO_PRIMARY,/lam-the-nao-de-ket-noi-2-bo-phan-ban-hang-va-dich-vu-khach-hang/,CONSOLIDATE,NONE — never published,Same intent; one primary URL only
17839,https://gcalls.co/?p=17839,draft,REBUILD_UPDATE_TOPIC,/6-cach-tang-nang-suat-ban-hang-va-toi-uu-cong-viec-cho-nhan-vien-ban-h/,NEW_ROOT_URL,NONE,Unpublished draft — no legacy URL; new root URL
17846,https://gcalls.co/?p=17846,draft,RETIRE_410,410,RETIRE,410 Gone,Non-editorial / off-ICP; no same-intent target so no redirect
17856,https://gcalls.co/?p=17856,draft,REBUILD_UPDATE_TOPIC,/huong-dan-cai-thien-tinh-trang-qua-tai-tai-call-center-vao-cac-mua-le/,NEW_ROOT_URL,NONE,Unpublished draft — no legacy URL; new root URL
17875,https://gcalls.co/?p=17875,draft,REBUILD_UPDATE_TOPIC,/lead-qualification-cach-danh-gia-khach-hang-tiem-nang-hieu-qua/,NEW_ROOT_URL,NONE,Unpublished draft — no legacy URL; new root URL
17884,https://gcalls.co/?p=17884,draft,REBUILD_UPDATE_TOPIC,/tai-sao-ty-le-giu-chan-khach-hang-lai-quan-trong-doi-voi-doanh-nghiep/,NEW_ROOT_URL,NONE,Unpublished draft — no legacy URL; new root URL
17894,https://gcalls.co/?p=17894,draft,REBUILD_UPDATE_TOPIC,/tai-sao-noi-phan-hoi-cua-khach-hang-cua-ban-van-con-quan-trong-doi-voi/,NEW_ROOT_URL,NONE,Unpublished draft — no legacy URL; new root URL
17902,https://gcalls.co/?p=17902,draft,MERGE_INTO_PRIMARY,/uu-nhuoc-diem-cua-phan-mem-quan-ly-quan-he-khach-hang-zoho-crm/,CONSOLIDATE,NONE — never published,Same intent; one primary URL only
17911,https://gcalls.co/?p=17911,draft,REBUILD_UPDATE_TOPIC,/khach-hang-luon-dung-y-nghia-va-goc-nhin-ve-tinh-dung-dan-cua-triet-ly/,NEW_ROOT_URL,NONE,Unpublished draft — no legacy URL; new root URL
17917,https://gcalls.co/?p=17917,draft,REBUILD_UPDATE_TOPIC,/15-cach-de-tranh-can-kiet-nang-luong-cua-tong-dai-vien/,NEW_ROOT_URL,NONE,Unpublished draft — no legacy URL; new root URL
17924,https://gcalls.co/?p=17924,draft,REBUILD_UPDATE_TOPIC,/product-demo-la-gi-cach-thuc-hien-product-demo-thanh-cong-danh-cho-nha/,NEW_ROOT_URL,NONE,Unpublished draft — no legacy URL; new root URL
