Primary Keyword,Competing Post IDs,Titles,Resolution,Designated Pillar,Action
tiếp thị qua điện thoại,884 | 1440 | 1560 | 10734,Tiếp thị qua điện thoại: 13 mẹo chinh phục kh | Tiếp thị qua điện thoại: Hướng dẫn nhanh Cold | Tiếp thị qua điện thoại: Kỹ năng xử lý từ chố | Cách tiếp thị qua điện thoại hiệu quả xử lý 3,One pillar + differentiated supporting angles,884,Re-scope non-pillar titles to distinct long-tail intents at authoring
bán hàng inbound hay outbound,1187 | 1198 | 1219,Bán hàng Inbound hay Outbound - Đâu là phương | Bán hàng Inbound hay Outbound - Đâu là phương | Bán hàng Inbound hay Outbound - Đâu là phương,One pillar + differentiated supporting angles,1198,Re-scope non-pillar titles to distinct long-tail intents at authoring
khách hàng tự phục vụ,2752 | 10731,Khách hàng tự phục vụ và ví dụ về các cổng th | Khách hàng tự phục vụ và các ví dụ về loại hì,One pillar + differentiated supporting angles,2752,Re-scope non-pillar titles to distinct long-tail intents at authoring
mẹo telesales bán hàng thành,2920 | 2930,36 mẹo telesales để bán hàng thành công năm 2 | 36 Mẹo telesales để bán hàng thành công năm 2,One pillar + differentiated supporting angles,2920,Re-scope non-pillar titles to distinct long-tail intents at authoring
hướng dẫn nhân viên bán,1454 | 1496,Hướng dẫn nhân viên bán hàng SaaS xử lý từ ch | Hướng dẫn nhân viên bán hàng SaaS xử lý từ ch,One pillar + differentiated supporting angles,1454,Re-scope non-pillar titles to distinct long-tail intents at authoring
tối ưu sản phẩm trên,13167 | 13047,Cách Tối Ưu Sản Phẩm Trên Lazada | Cách Tối Ưu Sản Phẩm Trên Shopee Hiệu Quả Nhấ,One pillar + differentiated supporting angles,13167,Re-scope non-pillar titles to distinct long-tail intents at authoring
lợi ích việc sử dụng,654 | 669,5 Lợi ích của việc Sử dụng Báo cáo Tổng đài C | 5 Lợi ích của việc Sử dụng Báo cáo Tổng đài C,One pillar + differentiated supporting angles,654,Re-scope non-pillar titles to distinct long-tail intents at authoring
xây dựng chiến lược email,10745 | 10746,Xây dựng chiến lược email follow-up giúp bán  | Xây dựng chiến lược email follow-up giúp bán ,One pillar + differentiated supporting angles,10746,Re-scope non-pillar titles to distinct long-tail intents at authoring
mẹo cold calling dành nhân,1113 | 1134,9 mẹo Cold Calling dành cho nhân viên bán hàn | 9 mẹo Cold Calling dành cho nhân viên bán hàn,One pillar + differentiated supporting angles,1134,Re-scope non-pillar titles to distinct long-tail intents at authoring
bán hàng qua điện thoại,1805 | 2958,Bán hàng qua điện thoại: 3 câu hỏi bạn nên tự | Bán hàng qua điện thoại: Làm gì nếu khách hàn,One pillar + differentiated supporting angles,2958,Re-scope non-pillar titles to distinct long-tail intents at authoring
call center điểm khác biệt,2768 | 2811,Call Center: Điểm khác biệt giữa On-Premises  | Call Center: Điểm khác biệt giữa On-Premises ,One pillar + differentiated supporting angles,2768,Re-scope non-pillar titles to distinct long-tail intents at authoring
giải pháp tổng đài ảo,13427 | 15806,Giải Pháp Tổng Đài Ảo Không Dây Có Gì Tốt? | Giải Pháp Tổng Đài Ảo Cho Doanh Nghiệp Vừa Và,One pillar + differentiated supporting angles,13427,Re-scope non-pillar titles to distinct long-tail intents at authoring
dịch vụ tổng đài ảo,14536 | 15738,Dịch Vụ Tổng Đài Ảo - 13 Tính Năng Nổi Bật | Tại Sao Dịch Vụ Tổng Đài Ảo Dành Cho Startup ,One pillar + differentiated supporting angles,15738,Re-scope non-pillar titles to distinct long-tail intents at authoring
tin nhắn chăm sóc khách,14797 | 15681,Tin Nhắn Chăm Sóc Khách Hàng Cũ Hiệu Quả Nhất | Tin Nhắn Chăm Sóc Khách Hàng Cũ Giúp Gia Tăng,One pillar + differentiated supporting angles,15681,Re-scope non-pillar titles to distinct long-tail intents at authoring
hệ thống quản lý khách,15794 | 16095,"Hệ Thống Quản Lý Khách Hàng Và Phần Mềm Trên  | Hệ Thống Quản Lý Khách Hàng Trong Nhà Hàng, K",One pillar + differentiated supporting angles,16095,Re-scope non-pillar titles to distinct long-tail intents at authoring
BATCH1: commercial-investigation trong HUB-01,GC-B01-02 | GC-B01-03,Call Center On-Premises và Cloud khác nhau ở đâu | Khi nào doanh nghiệp nên chuyển sang tổng đài ảo,"CHỦ Ý — tách cluster: ""Nền tảng call center"" (so sánh mô hình) và ""Thời điểm chuyển đổi"" (quyết định thời điểm)",GC-B01-02,"Giữ nguyên; primary keyword khác nhau, không cạnh tranh cùng truy vấn"
BATCH1: informational-howto trong HUB-02,GC-B01-04 | GC-B01-05,Tổng đài trên trình duyệt hoạt động thế nào trong một ngày làm việc | Gọi ra theo danh sách,"CHỦ Ý — tách cluster: ""Webphone và thao tác hằng ngày"" và ""Chiến dịch gọi ra""",GC-B01-04,Giữ nguyên; bài supporting liên kết lên pillar
BATCH1: informational-definition trong HUB-03,GC-B01-07 | GC-B01-08,Đồng bộ dữ liệu giữa tổng đài và CRM | Dữ liệu nào thực sự đồng bộ giữa tổng đài và Helpdesk,"CHỦ Ý — tách theo hệ thống đích: cluster ""Tích hợp CRM"" và ""Tích hợp Helpdesk""",GC-B01-06,Giữ nguyên; hai bài liên kết chéo và nêu rõ khác biệt vòng đời dữ liệu
BATCH1: informational-howto trong HUB-07,GC-B01-11 | GC-B01-13,Xây dựng bộ tiêu chí đánh giá chất lượng cuộc gọi | Dùng biểu mẫu đánh giá cuộc gọi để cải thiện trải nghiệm,"CHỦ Ý — tách cluster: ""Quản trị chất lượng hội thoại"" (xây tiêu chí) và ""Vòng phản hồi chất lượng"" (dùng kết quả)",GC-B01-11,Giữ nguyên; bài supporting mở đầu bằng liên kết tới pillar
