Batch,Batch Scope,Source,Legacy Post ID,Title,HUB,Decision,Priority,Pillar/Supporting,Target Words,Draft Status
Batch 0,"Dedupe, URL decisions, security exclusions, non-editorial filtering",LEGACY_ROW,17902,"Zoho CRM: Tính năng và ưu, nhược điểm của phần mềm quản lý mối quan hệ khách hàng này",HUB-03,MERGE_INTO_PRIMARY,P3,,,N/A
Batch 0,"Dedupe, URL decisions, security exclusions, non-editorial filtering",LEGACY_ROW,2462,Tại sao tỷ lệ giữ chân khách hàng lại quan trọng đối với doanh nghiệp?,HUB-05,MERGE_INTO_PRIMARY,P3,,,N/A
Batch 0,"Dedupe, URL decisions, security exclusions, non-editorial filtering",LEGACY_ROW,2200,Lead qualification: Cách đánh giá khách hàng tiềm năng hiệu quả,HUB-04,MERGE_INTO_PRIMARY,P3,,,N/A
Batch 0,"Dedupe, URL decisions, security exclusions, non-editorial filtering",LEGACY_ROW,2425,Hướng dẫn tuyển dụng nhân sự cho bộ phận Hỗ trợ khách hàng,HUB-11,RETIRE_410,P3,,,N/A
Batch 0,"Dedupe, URL decisions, security exclusions, non-editorial filtering",LEGACY_ROW,2715,Hướng dẫn tuyển dụng nhân viên hỗ trợ cho bộ phận dịch vụ khách hàng,HUB-11,RETIRE_410,P3,,,N/A
Batch 0,"Dedupe, URL decisions, security exclusions, non-editorial filtering",LEGACY_ROW,2904,"Tại sao nói: “Phản hồi của khách hàng của bạn vẫn còn quan trọng đối với doanh nghiệp?""",HUB-05,MERGE_INTO_PRIMARY,P3,,,N/A
Batch 0,"Dedupe, URL decisions, security exclusions, non-editorial filtering",LEGACY_ROW,17846,Hướng dẫn tuyển dụng nhân sự cho bộ phận Hỗ trợ khách hàng của doanh nghiệp,HUB-11,RETIRE_410,P3,,,N/A
Batch 0,"Dedupe, URL decisions, security exclusions, non-editorial filtering",LEGACY_ROW,17832,Làm thế nào để kết nối 2 bộ phận bán hàng và dịch vụ khách hàng trong doanh nghiệp?,HUB-04,MERGE_INTO_PRIMARY,P3,,,N/A
Batch 0,"Dedupe, URL decisions, security exclusions, non-editorial filtering",LEGACY_ROW,17827,Chỉ số CSAT là gì và cách đo lường chỉ số này trong dịch vụ khách hàng?,HUB-05,MERGE_INTO_PRIMARY,P3,,,N/A
Batch 0,"Dedupe, URL decisions, security exclusions, non-editorial filtering",LEGACY_ROW,2167,Mẫu bảng đánh giá nhân viên bán hàng mới nhất,HUB-04,MERGE_INTO_PRIMARY,P3,,,N/A
Batch 0,"Dedupe, URL decisions, security exclusions, non-editorial filtering",LEGACY_ROW,2704,Hướng dẫn tạo biểu mẫu chấm điểm đánh giá cuộc gọi tại Call Center,HUB-07,MERGE_INTO_PRIMARY,P3,,,N/A
Batch 0,"Dedupe, URL decisions, security exclusions, non-editorial filtering",LEGACY_ROW,17802,Tiêu chí đánh giá hiệu quả bán hàng,HUB-04,MERGE_INTO_PRIMARY,P3,,,N/A
Batch 0,"Dedupe, URL decisions, security exclusions, non-editorial filtering",LEGACY_ROW,14773,Best Virtual Phone System For Small Medium Business 2023,HUB-10,MANUAL_DECISION,P3,,,N/A
Batch 0,"Dedupe, URL decisions, security exclusions, non-editorial filtering",LEGACY_ROW,314,3 cách để doanh nghiệp tồn tại và vươn lên thời Covid,HUB-11,RETIRE_410,P3,,,N/A
Batch 0,"Dedupe, URL decisions, security exclusions, non-editorial filtering",LEGACY_ROW,11915,Chạy Quảng Cáo Trên Shopee Từ A Đến Z,HUB-11,RETIRE_410,P3,,,N/A
Batch 0,"Dedupe, URL decisions, security exclusions, non-editorial filtering",LEGACY_ROW,12953,Tối Ưu Quảng Cáo Shopee Hiệu Quả Nhất,HUB-11,RETIRE_410,P3,,,N/A
Batch 0,"Dedupe, URL decisions, security exclusions, non-editorial filtering",LEGACY_ROW,13067,Cách Thiết Kế Gian Hàng Trên Lazada 2022,HUB-11,RETIRE_410,P3,,,N/A
Batch 0,"Dedupe, URL decisions, security exclusions, non-editorial filtering",LEGACY_ROW,13469,Tuyển dụng Customer Success Specialist Intern,HUB-05,RETIRE_410,P3,,,N/A
Batch 0,"Dedupe, URL decisions, security exclusions, non-editorial filtering",LEGACY_ROW,14304,Customer Success Specialist Fulltime,HUB-05,RETIRE_410,P3,,,N/A
Batch 0,"Dedupe, URL decisions, security exclusions, non-editorial filtering",LEGACY_ROW,10801,Tuyển dụng Customer Success Engineer (IT Internship),HUB-05,RETIRE_410,P3,,,N/A
Batch 0,"Dedupe, URL decisions, security exclusions, non-editorial filtering",LEGACY_ROW,10798,Tuyển dụng Customer Success Engineer (IT Full Time),HUB-05,RETIRE_410,P3,,,N/A
Batch 0,"Dedupe, URL decisions, security exclusions, non-editorial filtering",LEGACY_ROW,10957,Tuyển dụng Chuyên Viên Tư Vấn Doanh Nghiệp FullTime,HUB-11,RETIRE_410,P3,,,N/A
Batch 0,"Dedupe, URL decisions, security exclusions, non-editorial filtering",LEGACY_ROW,10962,Tuyển dụng Thực Tập Sinh Tư Vấn Doanh Nghiệp,HUB-11,RETIRE_410,P3,,,N/A
Batch 0,"Dedupe, URL decisions, security exclusions, non-editorial filtering",LEGACY_ROW,13535,HR Intern,HUB-11,RETIRE_410,P3,,,N/A
Batch 0,"Dedupe, URL decisions, security exclusions, non-editorial filtering",LEGACY_ROW,14577,HR Parttime,HUB-11,RETIRE_410,P3,,,N/A
Batch 0,"Dedupe, URL decisions, security exclusions, non-editorial filtering",LEGACY_ROW,14308,Customer Success Engineer Fulltime,HUB-05,RETIRE_410,P3,,,N/A
Batch 0,"Dedupe, URL decisions, security exclusions, non-editorial filtering",LEGACY_ROW,13456,Tuyển dụng UI/UX Intern,HUB-10,RETIRE_410,P3,,,N/A
Batch 0,"Dedupe, URL decisions, security exclusions, non-editorial filtering",LEGACY_ROW,9993,Tai Nghe Jabra Biz 1100 QD Duo,HUB-01,RETIRE_410,P3,,,N/A
Batch 0,"Dedupe, URL decisions, security exclusions, non-editorial filtering",LEGACY_ROW,9991,Tai nghe EPOS Sennheiser SC 60 USB CTRL,HUB-03,RETIRE_410,P3,,,N/A
Batch 0,"Dedupe, URL decisions, security exclusions, non-editorial filtering",LEGACY_ROW,9980,Tai nghe EPOS Sennheiser 30 USB CTRL,HUB-03,RETIRE_410,P3,,,N/A
Batch 0,"Dedupe, URL decisions, security exclusions, non-editorial filtering",LEGACY_ROW,9995,Tai nghe Jabra Biz 1100 USB Duo,HUB-11,RETIRE_410,P3,,,N/A
Batch 0,"Dedupe, URL decisions, security exclusions, non-editorial filtering",LEGACY_ROW,9994,Tai nghe Jabra Biz 1100 USB Mono,HUB-11,RETIRE_410,P3,,,N/A
Batch 0,"Dedupe, URL decisions, security exclusions, non-editorial filtering",LEGACY_ROW,9992,Tai nghe Jabra Biz 1100QD Mono,HUB-03,RETIRE_410,P3,,,N/A
Batch 0,"Dedupe, URL decisions, security exclusions, non-editorial filtering",LEGACY_ROW,9996,Tai nghe Logitech H340,HUB-11,RETIRE_410,P3,,,N/A
Batch 0,"Dedupe, URL decisions, security exclusions, non-editorial filtering",LEGACY_ROW,10732,Ebook: Bí quyết telesales hiệu quả,HUB-04,MANUAL_DECISION,P3,,,N/A
Batch 0,"Dedupe, URL decisions, security exclusions, non-editorial filtering",LEGACY_ROW,15328,salesforce,HUB-03,MANUAL_DECISION,P3,,,N/A
Batch 1,Top 18 P0 conversion articles,LEGACY_ROW,2621,Ưu và nhược điểm của các giải pháp trong  phần mềm CRM HubSpot,HUB-03,REBUILD_UPDATE_TOPIC,P0,PILLAR,2000-3000,DRAFT_NOT_WRITTEN
Batch 1,Top 18 P0 conversion articles,LEGACY_ROW,2437,16 công cụ tạo phiếu yêu cầu hỗ trợ ticket cho bộ phận Dịch vụ khách hàng,HUB-03,REBUILD_UPDATE_TOPIC,P0,PILLAR,2000-3000,DRAFT_NOT_WRITTEN
Batch 1,Top 18 P0 conversion articles,LEGACY_ROW,2850,Ưu và nhược điểm của Zendesk: Đâu là phần mềm help desk tốt nhất?,HUB-03,REBUILD_UPDATE_TOPIC,P0,PILLAR,2000-3000,DRAFT_NOT_WRITTEN
Batch 1,Top 18 P0 conversion articles,LEGACY_ROW,2835,Liệu Salesforce có phải là phần mềm CRM tốt nhất trên thị trường?,HUB-03,REBUILD_UPDATE_TOPIC,P0,PILLAR,2000-3000,DRAFT_NOT_WRITTEN
Batch 1,Top 18 P0 conversion articles,LEGACY_ROW,2819,"Ưu, nhược điểm của phần mềm quản lý quan hệ khách hàng Zoho CRM",HUB-03,REBUILD_UPDATE_TOPIC,P0,PILLAR,2000-3000,DRAFT_NOT_WRITTEN
Batch 1,Top 18 P0 conversion articles,LEGACY_ROW,2883,Sapo POS là gì? Phần mềm Sapo POS có tốt không?,HUB-03,REBUILD_UPDATE_TOPIC,P0,PILLAR,2000-3000,DRAFT_NOT_WRITTEN
Batch 1,Top 18 P0 conversion articles,LEGACY_ROW,2864,Phần mềm Pancake POS: Tính năng và những ưu nhược điểm cần biết,HUB-03,REBUILD_UPDATE_TOPIC,P0,PILLAR,2000-3000,DRAFT_NOT_WRITTEN
Batch 1,Top 18 P0 conversion articles,LEGACY_ROW,2244,Làm gì để mở rộng đội ngũ hỗ trợ khách hàng mà không hi sinh chất lượng dịch vụ?,HUB-07,REBUILD_UPDATE_TOPIC,P0,PILLAR,2000-3000,DRAFT_NOT_WRITTEN
Batch 1,Top 18 P0 conversion articles,LEGACY_ROW,1967,Chiến lược mở rộng ra thị trường nước quốc tế,HUB-09,REBUILD_KEEP_URL,P0,PILLAR,2000-3000,DRAFT_NOT_WRITTEN
Batch 1,Top 18 P0 conversion articles,LEGACY_ROW,2584,Phần mềm Getfly: Tính năng và ứng dụng của phần mềm CRM “gốc Việt”,HUB-03,REBUILD_UPDATE_TOPIC,P0,PILLAR,2000-3000,DRAFT_NOT_WRITTEN
Batch 1,Top 18 P0 conversion articles,LEGACY_ROW,1368,Phần mềm gọi tự động và lợi ích đối với chiến lược bán hàng,HUB-02,REBUILD_KEEP_URL,P0,PILLAR,2000-3000,DRAFT_NOT_WRITTEN
Batch 1,Top 18 P0 conversion articles,LEGACY_ROW,1828,Cải thiện trải nghiệm khách hàng tại Call Center bằng biểu mẫu chấm điểm đánh giá cuộc gọi,HUB-07,REBUILD_KEEP_URL,P0,PILLAR,2000-3000,DRAFT_NOT_WRITTEN
Batch 1,Top 18 P0 conversion articles,LEGACY_ROW,16271,Nhà Đầu Tư Thiên Thần - Cứu Tinh Của Start Up,HUB-08,REBUILD_KEEP_URL,P0,PILLAR,2000-3000,DRAFT_NOT_WRITTEN
Batch 1,Top 18 P0 conversion articles,LEGACY_ROW,553,"Gcalls và bạn - đối tác giới thiệu khách hàng - Cùng hợp tác, cùng có lợi",HUB-03,REBUILD_KEEP_URL,P0,PILLAR,2000-3000,DRAFT_NOT_WRITTEN
Batch 1,Top 18 P0 conversion articles,LEGACY_ROW,16324,Tự Ghi Âm Cuộc Gọi Và Cách Hướng Dẫn Cài,HUB-07,REBUILD_KEEP_URL,P0,PILLAR,2000-3000,DRAFT_NOT_WRITTEN
Batch 1,Top 18 P0 conversion articles,LEGACY_ROW,15743,Đồng Bộ Hóa Dữ Liệu Là Gì? Tại Sao Nên Đồng Bộ Dữ Liệu?,HUB-03,REBUILD_KEEP_URL,P0,PILLAR,2000-3000,DRAFT_NOT_WRITTEN
Batch 1,Top 18 P0 conversion articles,LEGACY_ROW,15384,Salesforce Marketing Cloud Là Gì? Tìm Hiểu Thông Tin Từ A-Z,HUB-03,REBUILD_KEEP_URL,P0,PILLAR,2000-3000,DRAFT_NOT_WRITTEN
Batch 1,Top 18 P0 conversion articles,LEGACY_ROW,15380,So Sánh Salesforce CRM Và Các Phần Mềm Khác,HUB-03,REBUILD_KEEP_URL,P0,PILLAR,2000-3000,DRAFT_NOT_WRITTEN
Batch 2,Gcalls Plus & Call Center,LEGACY_ROW,647,7 Lý Do Nên Chọn Tổng Đài Ảo Call Center Cho Doanh Nghiệp,HUB-01,REBUILD_KEEP_URL,P1,PILLAR,2000-3000,DRAFT_NOT_WRITTEN
Batch 2,Gcalls Plus & Call Center,LEGACY_ROW,588,"Tổng Đài Call Center Và Những Kiến Thức ""Cứu Sống"" Doanh Nghiệp",HUB-01,REBUILD_KEEP_URL,P1,PILLAR,2000-3000,DRAFT_NOT_WRITTEN
Batch 2,Gcalls Plus & Call Center,LEGACY_ROW,17917,15 cách để tránh cạn kiệt năng lượng của tổng đài viên,HUB-01,REBUILD_UPDATE_TOPIC,P1,PILLAR,2000-3000,DRAFT_NOT_WRITTEN
Batch 2,Gcalls Plus & Call Center,LEGACY_ROW,566,Dịch Vụ Call Center là gì? Dịch vụ Tổng đài Call Center,HUB-01,REBUILD_KEEP_URL,P1,PILLAR,2000-3000,DRAFT_NOT_WRITTEN
Batch 2,Gcalls Plus & Call Center,LEGACY_ROW,10727,9 quy tắc giao tiếp qua điện thoại với khách hàng mà tổng đài viên cần biết,HUB-01,REBUILD_UPDATE_TOPIC,P1,PILLAR,2000-3000,DRAFT_NOT_WRITTEN
Batch 2,Gcalls Plus & Call Center,LEGACY_ROW,2784,18 lợi ích mà giải pháp tích hợp điện thoại máy tính đem đến cho Call Center,HUB-01,REBUILD_KEEP_URL,P1,PILLAR,2000-3000,DRAFT_NOT_WRITTEN
Batch 2,Gcalls Plus & Call Center,LEGACY_ROW,1231,Tương lai của tổng đài doanh nghiệp: 10 xu hướng nổi bật nhất,HUB-01,REBUILD_KEEP_URL,P1,PILLAR,2000-3000,DRAFT_NOT_WRITTEN
Batch 2,Gcalls Plus & Call Center,LEGACY_ROW,2768,Call Center: Điểm khác biệt giữa On-Premises và Cloud Call Center (Phần 1),HUB-01,REBUILD_KEEP_URL,P1,PILLAR,2000-3000,DRAFT_NOT_WRITTEN
Batch 2,Gcalls Plus & Call Center,LEGACY_ROW,2811,Call Center: Điểm khác biệt giữa On-Premises và Cloud Call Center (Phần cuối),HUB-01,REBUILD_KEEP_URL,P1,PILLAR,2000-3000,DRAFT_NOT_WRITTEN
Batch 2,Gcalls Plus & Call Center,LEGACY_ROW,1968,Tổng đài quốc tế: Mở rộng thị trường dễ dàng với phần mềm Call Center kết nối số nước ngoài,HUB-01,REBUILD_KEEP_URL,P1,SUPPORTING,1200-2000,DRAFT_NOT_WRITTEN
Batch 2,Gcalls Plus & Call Center,LEGACY_ROW,603,10 Thống kê về hệ thống VoIP chứng minh tầm quan trọng của công nghệ,HUB-01,REBUILD_KEEP_URL,P1,SUPPORTING,1200-2000,DRAFT_NOT_WRITTEN
Batch 2,Gcalls Plus & Call Center,LEGACY_ROW,15738,"Tại Sao Dịch Vụ Tổng Đài Ảo Dành Cho Startup ""Bùng Nổ"" 2023?",HUB-01,REBUILD_KEEP_URL,P1,SUPPORTING,1200-2000,DRAFT_NOT_WRITTEN
Batch 2,Gcalls Plus & Call Center,LEGACY_ROW,13483,Tổng Đài Công Nghệ Là Gì? Có Nên Đầu Tư Vào Tổng Đài Ảo?,HUB-01,REBUILD_KEEP_URL,P1,SUPPORTING,1200-2000,DRAFT_NOT_WRITTEN
Batch 2,Gcalls Plus & Call Center,LEGACY_ROW,17856,Hướng dẫn cải thiện tình trạng quá tải tại Call Center vào các mùa lễ lớn sale to,HUB-01,REBUILD_UPDATE_TOPIC,P1,SUPPORTING,1200-2000,DRAFT_NOT_WRITTEN
Batch 2,Gcalls Plus & Call Center,LEGACY_ROW,654,5 Lợi ích của việc Sử dụng Báo cáo Tổng đài Call Center (Phần cuối),HUB-01,REBUILD_KEEP_URL,P1,SUPPORTING,1200-2000,DRAFT_NOT_WRITTEN
Batch 2,Gcalls Plus & Call Center,LEGACY_ROW,14462,Hotline Là Gì? Có Những Loại Đầu Số Hotline Nào Hiện Nay?,HUB-01,REBUILD_KEEP_URL,P1,SUPPORTING,1200-2000,DRAFT_NOT_WRITTEN
Batch 2,Gcalls Plus & Call Center,LEGACY_ROW,16018,Đăng Ký Tổng Đài Ảo: Giải Pháp Chăm Sóc Khách Hàng Hiệu Quả,HUB-01,REBUILD_KEEP_URL,P1,SUPPORTING,1200-2000,DRAFT_NOT_WRITTEN
Batch 2,Gcalls Plus & Call Center,LEGACY_ROW,15859,Tổng Đài IP Và Những Điều Cần Biết Trước Khi Lắp Đặt,HUB-01,REBUILD_KEEP_URL,P1,SUPPORTING,1200-2000,DRAFT_NOT_WRITTEN
Batch 2,Gcalls Plus & Call Center,LEGACY_ROW,13242,Tổng Đài Ảo Miễn Phí Là Gì? Top 5+ Tổng Đài Ảo Miễn Phí CRM,HUB-01,REBUILD_KEEP_URL,P1,SUPPORTING,1200-2000,DRAFT_NOT_WRITTEN
Batch 2,Gcalls Plus & Call Center,LEGACY_ROW,10741,8 lời khuyên dành cho nhà quản lý Call Center,HUB-01,REBUILD_KEEP_URL,P1,SUPPORTING,1200-2000,DRAFT_NOT_WRITTEN
Batch 2,Gcalls Plus & Call Center,LEGACY_ROW,13427,Giải Pháp Tổng Đài Ảo Không Dây Có Gì Tốt?,HUB-01,REBUILD_KEEP_URL,P1,SUPPORTING,1200-2000,DRAFT_NOT_WRITTEN
Batch 2,Gcalls Plus & Call Center,LEGACY_ROW,14502,IVR Là Gì? Và Những Điều Cần Biết Về IVR,HUB-01,REBUILD_KEEP_URL,P1,SUPPORTING,1200-2000,DRAFT_NOT_WRITTEN
Batch 2,Gcalls Plus & Call Center,LEGACY_ROW,13378,Giải Pháp Tổng Đài Chăm Sóc Khách Hàng: Bỏ Vốn 1 Một Lời 10,HUB-01,REBUILD_UPDATE_TOPIC,P1,SUPPORTING,1200-2000,DRAFT_NOT_WRITTEN
Batch 2,Gcalls Plus & Call Center,LEGACY_ROW,669,5 Lợi ích của việc Sử dụng Báo cáo Tổng đài Call Center (Phần 1),HUB-01,REBUILD_KEEP_URL,P1,SUPPORTING,1200-2000,DRAFT_NOT_WRITTEN
Batch 2,Gcalls Plus & Call Center,LEGACY_ROW,14522,ACD Là Gì? Ứng Dụng Thực Tế Của ACD Vào Call Center,HUB-01,REBUILD_KEEP_URL,P1,SUPPORTING,1200-2000,DRAFT_NOT_WRITTEN
Batch 2,Gcalls Plus & Call Center,LEGACY_ROW,15884,Dịch Vụ Tổng Đài Đám Mây Cho Start-Up,HUB-01,REBUILD_KEEP_URL,P1,SUPPORTING,1200-2000,DRAFT_NOT_WRITTEN
Batch 2,Gcalls Plus & Call Center,LEGACY_ROW,13426,Lắp Đặt Tổng Đài Ảo Có Lợi Ích Gì?,HUB-01,REBUILD_UPDATE_TOPIC,P1,SUPPORTING,1200-2000,DRAFT_NOT_WRITTEN
Batch 2,Gcalls Plus & Call Center,LEGACY_ROW,13388,Tổng Đài Nội Bộ Ảo Khác Tổng Đài Ảo Điểm Nào?,HUB-01,REBUILD_KEEP_URL,P1,SUPPORTING,1200-2000,DRAFT_NOT_WRITTEN
Batch 2,Gcalls Plus & Call Center,LEGACY_ROW,15008,Tổng Đài IP Và Những Khác Biệt So Với Tổng Đài Analog,HUB-01,REBUILD_KEEP_URL,P1,SUPPORTING,1200-2000,DRAFT_NOT_WRITTEN
Batch 2,Gcalls Plus & Call Center,LEGACY_ROW,14536,Dịch Vụ Tổng Đài Ảo - 13 Tính Năng Nổi Bật,HUB-01,REBUILD_KEEP_URL,P1,SUPPORTING,1200-2000,DRAFT_NOT_WRITTEN
Batch 2,Gcalls Plus & Call Center,LEGACY_ROW,14607,Mẫu Lời Chào Tổng Đài Điện Thoại Phổ Biến Hiện Nay,HUB-01,REBUILD_KEEP_URL,P1,SUPPORTING,1200-2000,DRAFT_NOT_WRITTEN
Batch 2,Gcalls Plus & Call Center,LEGACY_ROW,15806,Giải Pháp Tổng Đài Ảo Cho Doanh Nghiệp Vừa Và Nhỏ,HUB-01,REBUILD_KEEP_URL,P1,SUPPORTING,1200-2000,DRAFT_NOT_WRITTEN
Batch 2,Gcalls Plus & Call Center,LEGACY_ROW,13286,Tổng Đài Ảo Là Gì? Lợi Ích Hàng Đầu Dành Cho Doanh Nghiệp,HUB-01,REBUILD_KEEP_URL,P1,SUPPORTING,1200-2000,DRAFT_NOT_WRITTEN
Batch 2,Gcalls Plus & Call Center,LEGACY_ROW,14560,Số Tổng Đài 1800 Là Gì? Hướng Dẫn Đăng Ký Đầu Số 1800 Đơn Giản,HUB-01,REBUILD_KEEP_URL,P1,SUPPORTING,1200-2000,DRAFT_NOT_WRITTEN
Batch 2,Gcalls Plus & Call Center,LEGACY_ROW,15250,Tổng Đài Contact Center Là Gì?,HUB-01,REBUILD_KEEP_URL,P1,SUPPORTING,1200-2000,DRAFT_NOT_WRITTEN
Batch 2,Gcalls Plus & Call Center,LEGACY_ROW,15281,Mua Số Tổng Đài 1900 Có Lợi Ích Gì? Nên Mua Ở Đâu Uy Tín?,HUB-01,REBUILD_KEEP_URL,P1,SUPPORTING,1200-2000,DRAFT_NOT_WRITTEN
Batch 2,Gcalls Plus & Call Center,LEGACY_ROW,14568,Giải Đáp Thông Tin Về VoIP Và Ứng Dụng Thực Tế,HUB-01,REBUILD_KEEP_URL,P1,SUPPORTING,1200-2000,DRAFT_NOT_WRITTEN
Batch 2,Gcalls Plus & Call Center,LEGACY_ROW,13409,Giải Pháp Tổng Đài Hỗ Trợ - Ưu Nhược Điểm,HUB-01,REBUILD_UPDATE_TOPIC,P1,SUPPORTING,1200-2000,DRAFT_NOT_WRITTEN
Batch 2,Gcalls Plus & Call Center,LEGACY_ROW,13208,Dịch Vụ Call Center Là Gì? Công Ty Cung Cấp Uy Tín Nhất,HUB-01,REBUILD_KEEP_URL,P1,SUPPORTING,1200-2000,DRAFT_NOT_WRITTEN
Batch 2,Gcalls Plus & Call Center,LEGACY_ROW,15262,Phần Mềm Tổng Đài Ảo Là Gì?,HUB-01,REBUILD_KEEP_URL,P1,SUPPORTING,1200-2000,DRAFT_NOT_WRITTEN
Batch 2,Gcalls Plus & Call Center,LEGACY_ROW,14890,Hệ Thống Tổng Đài Điện Thoại Chuẩn Là Như Thế Nào?,HUB-01,REBUILD_KEEP_URL,P1,SUPPORTING,1200-2000,DRAFT_NOT_WRITTEN
Batch 2,Gcalls Plus & Call Center,LEGACY_ROW,16389,Call Center Là Gì? Tất Tần Tật Về Call Center Mà Bạn Nên Biết,HUB-01,REBUILD_UPDATE_TOPIC,P1,SUPPORTING,1200-2000,DRAFT_NOT_WRITTEN
Batch 2,Gcalls Plus & Call Center,NET_NEW,—,Tổng đài trên trình duyệt hoạt động thế nào trong một ngày làm việc,HUB-02 Gcalls Plus,NEW_ARTICLE,P0,PILLAR,2000-3000,DRAFT_NOT_WRITTEN
Batch 3,CRM / Helpdesk,LEGACY_ROW,15314,Salesforce Là Gì? Những Thông Tin Quan Trọng Nhất,HUB-03,REBUILD_KEEP_URL,P0,PILLAR,2000-3000,DRAFT_NOT_WRITTEN
Batch 3,CRM / Helpdesk,LEGACY_ROW,15335,Phần Mềm CRM Việt Nam Là Gì?,HUB-03,REBUILD_KEEP_URL,P0,PILLAR,2000-3000,DRAFT_NOT_WRITTEN
Batch 3,CRM / Helpdesk,LEGACY_ROW,15363,Vì Sao Chiến Lược Chăm Sóc Khách Hàng Với SalesForce Cần Thiết,HUB-03,REBUILD_KEEP_URL,P0,PILLAR,2000-3000,DRAFT_NOT_WRITTEN
Batch 3,CRM / Helpdesk,NET_NEW,—,Checklist đánh giá mức độ sẵn sàng tích hợp tổng đài với CRM,HUB-03 CRM/Helpdesk,NEW_ARTICLE,P0,PILLAR,2000-3000,DRAFT_NOT_WRITTEN
Batch 4,QA/QC,NET_NEW,—,Xây dựng bộ tiêu chí đánh giá chất lượng cuộc gọi từ đầu,HUB-07 QA/QC,NEW_ARTICLE,P0,PILLAR,2000-3000,DRAFT_NOT_WRITTEN
Batch 4,QA/QC,NET_NEW,—,Chấm điểm thủ công và hỗ trợ bằng AI khác nhau ở đâu,HUB-07 QA/QC,NEW_ARTICLE,P0,SUPPORTING,1200-2000,DRAFT_NOT_WRITTEN
Batch 5,Voicebot / AI,LEGACY_ROW,12770,Shopee Template Và Cách Thiết Kế Chi Tiết Trên Canva,HUB-08,REBUILD_KEEP_URL,P3,SUPPORTING,1200-2000,DRAFT_NOT_WRITTEN
Batch 5,Voicebot / AI,LEGACY_ROW,14292,Marketing Automation Là Gì? Những Thông Tin Cần Biết,HUB-08,REBUILD_KEEP_URL,P0,PILLAR,2000-3000,DRAFT_NOT_WRITTEN
Batch 5,Voicebot / AI,NET_NEW,—,Loại cuộc gọi nào phù hợp đưa vào kịch bản Voicebot,HUB-08 Voicebot/AI,NEW_ARTICLE,P0,PILLAR,2000-3000,DRAFT_NOT_WRITTEN
Batch 5,Voicebot / AI,NET_NEW,—,"Voicebot, IVR và tổng đài tự động khác nhau thế nào",HUB-08 Voicebot/AI,NEW_ARTICLE,P0,SUPPORTING,1200-2000,DRAFT_NOT_WRITTEN
Batch 6,Tổng đài quốc tế,NET_NEW,—,Doanh nghiệp cần gì khi gọi ra thị trường nước ngoài,HUB-09 Tổng đài quốc tế,NEW_ARTICLE,P0,PILLAR,2000-3000,DRAFT_NOT_WRITTEN
Batch 6,Tổng đài quốc tế,NET_NEW,—,Hồ sơ thường được yêu cầu khi đăng ký đầu số quốc tế,HUB-09 Tổng đài quốc tế,NEW_ARTICLE,P0,SUPPORTING,1200-2000,DRAFT_NOT_WRITTEN
Batch 6,Tổng đài quốc tế,NET_NEW,—,Tổ chức đội hỗ trợ khách hàng lệch múi giờ,HUB-09 Tổng đài quốc tế,NEW_ARTICLE,P0,SUPPORTING,1200-2000,DRAFT_NOT_WRITTEN
Batch 7,Gcalls CX & Customer Service,LEGACY_ROW,2752,Khách hàng tự phục vụ và ví dụ về các cổng thông tin tự phục vụ tốt nhất,HUB-05,REBUILD_UPDATE_TOPIC,P1,PILLAR,2000-3000,DRAFT_NOT_WRITTEN
Batch 7,Gcalls CX & Customer Service,LEGACY_ROW,2400,Hướng dẫn đo lường kết quả khảo sát sự hài lòng của khách hàng,HUB-05,REBUILD_UPDATE_TOPIC,P1,PILLAR,2000-3000,DRAFT_NOT_WRITTEN
Batch 7,Gcalls CX & Customer Service,LEGACY_ROW,17884,Tại sao tỷ lệ giữ chân khách hàng lại quan trọng đối với doanh nghiệp?,HUB-05,REBUILD_UPDATE_TOPIC,P1,PILLAR,2000-3000,DRAFT_NOT_WRITTEN
Batch 7,Gcalls CX & Customer Service,LEGACY_ROW,10729,Làm gì để tạo cuộc khảo sát về mức độ hài lòng của khách hàng hiệu quả?,HUB-05,REBUILD_UPDATE_TOPIC,P1,PILLAR,2000-3000,DRAFT_NOT_WRITTEN
Batch 7,Gcalls CX & Customer Service,LEGACY_ROW,2486,Chỉ số NPS là gì và tại sao nó lại quan trọng đối với doanh nghiệp?,HUB-05,REBUILD_UPDATE_TOPIC,P1,PILLAR,2000-3000,DRAFT_NOT_WRITTEN
Batch 7,Gcalls CX & Customer Service,LEGACY_ROW,17894,"Tại sao nói: “Phản hồi của khách hàng của bạn vẫn còn quan trọng đối với doanh nghiệp?""",HUB-05,REBUILD_UPDATE_TOPIC,P1,PILLAR,2000-3000,DRAFT_NOT_WRITTEN
Batch 7,Gcalls CX & Customer Service,LEGACY_ROW,2472,Chỉ số CES là gì và khi nào nên sử dụng khảo sát CES?,HUB-05,REBUILD_UPDATE_TOPIC,P1,PILLAR,2000-3000,DRAFT_NOT_WRITTEN
Batch 7,Gcalls CX & Customer Service,LEGACY_ROW,861,11 chỉ số đánh giá quan trọng đối với bộ phận Chăm Sóc Khách Hàng,HUB-05,REBUILD_KEEP_URL,P1,PILLAR,2000-3000,DRAFT_NOT_WRITTEN
Batch 7,Gcalls CX & Customer Service,LEGACY_ROW,10731,Khách hàng tự phục vụ và các ví dụ về loại hình trang web self-service,HUB-05,REBUILD_UPDATE_TOPIC,P1,PILLAR,2000-3000,DRAFT_NOT_WRITTEN
Batch 7,Gcalls CX & Customer Service,LEGACY_ROW,2539,Chỉ số CSAT là gì và cách đo lường chỉ số này trong dịch vụ khách hàng?,HUB-05,REBUILD_UPDATE_TOPIC,P1,PILLAR,2000-3000,DRAFT_NOT_WRITTEN
Batch 7,Gcalls CX & Customer Service,LEGACY_ROW,15589,Câu Hỏi Chăm Sóc Khách Hàng Cũ & Kịch Bản CSKH Hiệu Quả,HUB-05,REBUILD_KEEP_URL,P1,SUPPORTING,1200-2000,DRAFT_NOT_WRITTEN
Batch 7,Gcalls CX & Customer Service,LEGACY_ROW,15558,8 Cách Giữ Khách Hàng Cũ Hiệu Quả,HUB-05,REBUILD_KEEP_URL,P1,SUPPORTING,1200-2000,DRAFT_NOT_WRITTEN
Batch 7,Gcalls CX & Customer Service,LEGACY_ROW,2695,10 điều không nên nói trong một cuộc gọi chăm sóc khách hàng,HUB-05,REBUILD_UPDATE_TOPIC,P1,SUPPORTING,1200-2000,DRAFT_NOT_WRITTEN
Batch 7,Gcalls CX & Customer Service,LEGACY_ROW,15830,Mô Hình Trải Nghiệm Khách Hàng Là Gì?,HUB-05,REBUILD_KEEP_URL,P1,SUPPORTING,1200-2000,DRAFT_NOT_WRITTEN
Batch 7,Gcalls CX & Customer Service,LEGACY_ROW,16005,Hệ Thống Chăm Sóc Khách Hàng: Lợi Ích Và 6 Tính Năng,HUB-05,REBUILD_KEEP_URL,P1,SUPPORTING,1200-2000,DRAFT_NOT_WRITTEN
Batch 7,Gcalls CX & Customer Service,LEGACY_ROW,15306,Chăm Sóc Khách Hàng Qua Điện Thoại Và Kỹ Năng Cần Thiết,HUB-05,REBUILD_KEEP_URL,P1,SUPPORTING,1200-2000,DRAFT_NOT_WRITTEN
Batch 7,Gcalls CX & Customer Service,LEGACY_ROW,15681,Tin Nhắn Chăm Sóc Khách Hàng Cũ Giúp Gia Tăng Hiệu Quả,HUB-05,REBUILD_KEEP_URL,P1,SUPPORTING,1200-2000,DRAFT_NOT_WRITTEN
Batch 7,Gcalls CX & Customer Service,LEGACY_ROW,15561,Trải Nghiệm Khách Hàng Xuất Sắc Là Gì? Cách Nâng Cấp,HUB-05,REBUILD_KEEP_URL,P1,SUPPORTING,1200-2000,DRAFT_NOT_WRITTEN
Batch 7,Gcalls CX & Customer Service,LEGACY_ROW,13899,Top 4 Kỹ Năng Chăm Sóc Khách Hàng Qua Điện Thoại,HUB-05,REBUILD_UPDATE_TOPIC,P1,SUPPORTING,1200-2000,DRAFT_NOT_WRITTEN
Batch 7,Gcalls CX & Customer Service,LEGACY_ROW,16145,Phương Pháp Chăm Sóc Khách Hàng Hiệu Quả Nhất Hiện Nay,HUB-05,REBUILD_KEEP_URL,P1,SUPPORTING,1200-2000,DRAFT_NOT_WRITTEN
Batch 7,Gcalls CX & Customer Service,LEGACY_ROW,15049,Kịch Bản Tư Vấn Khách Hàng Spa Là Gì?,HUB-05,REBUILD_KEEP_URL,P1,SUPPORTING,1200-2000,DRAFT_NOT_WRITTEN
Batch 7,Gcalls CX & Customer Service,LEGACY_ROW,16035,8 Cách Nâng Cao Trải Nghiệm Dịch Vụ Khách Hàng,HUB-05,REBUILD_KEEP_URL,P1,SUPPORTING,1200-2000,DRAFT_NOT_WRITTEN
Batch 7,Gcalls CX & Customer Service,LEGACY_ROW,14902,Dịch Vụ Chăm Sóc Khách Hàng Là Gì?,HUB-05,REBUILD_KEEP_URL,P1,SUPPORTING,1200-2000,DRAFT_NOT_WRITTEN
Batch 7,Gcalls CX & Customer Service,LEGACY_ROW,14415,Kế Hoạch Chăm Sóc Khách Hàng Cũ Hiệu Quả Nhất,HUB-05,REBUILD_KEEP_URL,P1,SUPPORTING,1200-2000,DRAFT_NOT_WRITTEN
Batch 7,Gcalls CX & Customer Service,LEGACY_ROW,15604,Giải Pháp Chăm Sóc Khách Hàng Nào Tối Ưu Nhất?,HUB-05,REBUILD_KEEP_URL,P1,SUPPORTING,1200-2000,DRAFT_NOT_WRITTEN
Batch 7,Gcalls CX & Customer Service,LEGACY_ROW,16109,Chú Ý Khi Xây Dựng Sơ Đồ Quy Trình Chăm Sóc Khách Hàng,HUB-05,REBUILD_KEEP_URL,P1,SUPPORTING,1200-2000,DRAFT_NOT_WRITTEN
Batch 7,Gcalls CX & Customer Service,LEGACY_ROW,14797,Tin Nhắn Chăm Sóc Khách Hàng Cũ Hiệu Quả Nhất,HUB-05,REBUILD_KEEP_URL,P1,SUPPORTING,1200-2000,DRAFT_NOT_WRITTEN
Batch 7,Gcalls CX & Customer Service,LEGACY_ROW,15207,5 Lý Do Nên Chọn Dịch Vụ Chăm Sóc Khách Hàng Viettel,HUB-05,REBUILD_KEEP_URL,P1,SUPPORTING,1200-2000,DRAFT_NOT_WRITTEN
Batch 7,Gcalls CX & Customer Service,LEGACY_ROW,15724,Bí Quyết Chăm Sóc Khách Hàng Tuyệt Đỉnh Nhất,HUB-05,REBUILD_KEEP_URL,P1,SUPPORTING,1200-2000,DRAFT_NOT_WRITTEN
Batch 7,Gcalls CX & Customer Service,LEGACY_ROW,15943,Chương Trình Chăm Sóc Khách Hàng Tối Ưu Nhất,HUB-05,REBUILD_KEEP_URL,P1,SUPPORTING,1200-2000,DRAFT_NOT_WRITTEN
Batch 7,Gcalls CX & Customer Service,LEGACY_ROW,15235,Customer Success Là Gì? Những Thông Tin Cụ Thể Nhất,HUB-05,REBUILD_KEEP_URL,P1,SUPPORTING,1200-2000,DRAFT_NOT_WRITTEN
Batch 7,Gcalls CX & Customer Service,LEGACY_ROW,15660,Chiến Lược Giữ Chân Khách Hàng Hiệu Quả Nhất,HUB-05,REBUILD_KEEP_URL,P1,SUPPORTING,1200-2000,DRAFT_NOT_WRITTEN
Batch 7,Gcalls CX & Customer Service,LEGACY_ROW,439,Góc nhìn của doanh nghiệp và khách hàng về tổng đài CSKH và bán hàng,HUB-05,REBUILD_KEEP_URL,P1,SUPPORTING,1200-2000,DRAFT_NOT_WRITTEN
Batch 7,Gcalls CX & Customer Service,LEGACY_ROW,10749,EBOOK: MẪU KỊCH BẢN CHĂM SÓC KHÁCH HÀNG QUA ĐIỆN THOẠI,HUB-05,REBUILD_UPDATE_TOPIC,P1,SUPPORTING,1200-2000,DRAFT_NOT_WRITTEN
Batch 7,Gcalls CX & Customer Service,NET_NEW,—,"Hợp nhất hội thoại hotline, Zalo OA và Facebook về một nơi",HUB-06 Gcalls CX,NEW_ARTICLE,P0,PILLAR,2000-3000,DRAFT_NOT_WRITTEN
Batch 7,Gcalls CX & Customer Service,NET_NEW,—,Khi nào doanh nghiệp thực sự cần nền tảng đa kênh,HUB-06 Gcalls CX,NEW_ARTICLE,P0,SUPPORTING,1200-2000,DRAFT_NOT_WRITTEN
Batch 8,Telesales / Sales Operations,LEGACY_ROW,17775,Hướng dẫn quy trình bán bất động sản: Từ thời điểm mở bán cho đến lúc ký hợp đồng,HUB-04,REBUILD_UPDATE_TOPIC,P3,PILLAR,2000-3000,DRAFT_NOT_WRITTEN
Batch 8,Telesales / Sales Operations,LEGACY_ROW,2495,19 ví dụ về khảo sát sự hài lòng của khách hàng và các khảo sát mẫu,HUB-04,REBUILD_UPDATE_TOPIC,P1,PILLAR,2000-3000,DRAFT_NOT_WRITTEN
Batch 8,Telesales / Sales Operations,LEGACY_ROW,1157,Phần Mềm Contact Center - Giải Pháp Tổng Đài Chuyên Nghiệp 2023,HUB-04,REBUILD_KEEP_URL,P1,PILLAR,2000-3000,DRAFT_NOT_WRITTEN
Batch 8,Telesales / Sales Operations,LEGACY_ROW,17924,Product Demo là gì? Cách thực hiện Product Demo thành công dành cho nhân viên bán hàng,HUB-04,REBUILD_UPDATE_TOPIC,P1,PILLAR,2000-3000,DRAFT_NOT_WRITTEN
Batch 8,Telesales / Sales Operations,LEGACY_ROW,1198,Bán hàng Inbound hay Outbound - Đâu là phương pháp mà bạn nên quan tâm? (Phần 2),HUB-04,REBUILD_KEEP_URL,P1,PILLAR,2000-3000,DRAFT_NOT_WRITTEN
Batch 8,Telesales / Sales Operations,LEGACY_ROW,2920,36 mẹo telesales để bán hàng thành công năm 2021 (PHẦN 1),HUB-04,REBUILD_UPDATE_TOPIC,P1,PILLAR,2000-3000,DRAFT_NOT_WRITTEN
Batch 8,Telesales / Sales Operations,LEGACY_ROW,17875,Lead qualification: Cách đánh giá khách hàng tiềm năng hiệu quả,HUB-04,REBUILD_UPDATE_TOPIC,P1,PILLAR,2000-3000,DRAFT_NOT_WRITTEN
Batch 8,Telesales / Sales Operations,LEGACY_ROW,1381,6 bước xây dựng kịch bản bán hàng đỉnh cao,HUB-04,REBUILD_KEEP_URL,P1,PILLAR,2000-3000,DRAFT_NOT_WRITTEN
Batch 8,Telesales / Sales Operations,LEGACY_ROW,2449,Hướng dẫn tính toán và cải thiện chỉ số CAC cho doanh nghiệp năm 2022,HUB-04,REBUILD_UPDATE_TOPIC,P1,PILLAR,2000-3000,DRAFT_NOT_WRITTEN
Batch 8,Telesales / Sales Operations,LEGACY_ROW,2641,Phần mềm Bitrix24 - Các tính năng nổi bật và lý do nên lựa chọn Bitrix24,HUB-04,REBUILD_UPDATE_TOPIC,P1,PILLAR,2000-3000,DRAFT_NOT_WRITTEN
Batch 8,Telesales / Sales Operations,LEGACY_ROW,2930,36 Mẹo telesales để bán hàng thành công năm 2021 (PHẦN CUỐI),HUB-04,REBUILD_UPDATE_TOPIC,P1,PILLAR,2000-3000,DRAFT_NOT_WRITTEN
Batch 8,Telesales / Sales Operations,LEGACY_ROW,1396,Cách gọi điện thoại cho khách hàng tiềm năng đã mở email,HUB-04,REBUILD_KEEP_URL,P1,PILLAR,2000-3000,DRAFT_NOT_WRITTEN
Batch 8,Telesales / Sales Operations,LEGACY_ROW,10730,Hướng dẫn các bước xử lý tình huống khách hàng phàn nàn,HUB-04,REBUILD_UPDATE_TOPIC,P1,PILLAR,2000-3000,DRAFT_NOT_WRITTEN
Batch 8,Telesales / Sales Operations,LEGACY_ROW,1082,TOP 10 phần mềm theo dõi bán hàng hàng đầu dành cho doanh nghiệp,HUB-04,REBUILD_KEEP_URL,P1,PILLAR,2000-3000,DRAFT_NOT_WRITTEN
Batch 8,Telesales / Sales Operations,LEGACY_ROW,1134,9 mẹo Cold Calling dành cho nhân viên bán hàng (Phần cuối),HUB-04,REBUILD_KEEP_URL,P1,PILLAR,2000-3000,DRAFT_NOT_WRITTEN
Batch 8,Telesales / Sales Operations,LEGACY_ROW,1187,Bán hàng Inbound hay Outbound - Đâu là phương pháp mà bạn nên quan tâm? (Phần 1),HUB-04,REBUILD_KEEP_URL,P1,PILLAR,2000-3000,DRAFT_NOT_WRITTEN
Batch 8,Telesales / Sales Operations,LEGACY_ROW,2761,Làm thế nào để kết nối 2 bộ phận bán hàng và dịch vụ khách hàng?,HUB-04,REBUILD_UPDATE_TOPIC,P1,PILLAR,2000-3000,DRAFT_NOT_WRITTEN
Batch 8,Telesales / Sales Operations,LEGACY_ROW,10743,Hướng dẫn nhân viên tư vấn bán hàng cách xử lý khách hàng nóng tính,HUB-04,REBUILD_UPDATE_TOPIC,P1,PILLAR,2000-3000,DRAFT_NOT_WRITTEN
Batch 8,Telesales / Sales Operations,LEGACY_ROW,1541,Các bước tổ chức một cuộc họp khách hàng chuyên nghiệp,HUB-04,REBUILD_UPDATE_TOPIC,P1,PILLAR,2000-3000,DRAFT_NOT_WRITTEN
Batch 8,Telesales / Sales Operations,LEGACY_ROW,10753,Mẫu bảng đánh giá nhân viên bán hàng mới nhất,HUB-04,REBUILD_KEEP_URL,P1,PILLAR,2000-3000,DRAFT_NOT_WRITTEN
Batch 8,Telesales / Sales Operations,LEGACY_ROW,10747,7 bước lập kế hoạch telesales hiệu quả,HUB-04,REBUILD_KEEP_URL,P1,PILLAR,2000-3000,DRAFT_NOT_WRITTEN
Batch 8,Telesales / Sales Operations,LEGACY_ROW,1113,9 mẹo Cold Calling dành cho nhân viên bán hàng (Phần 1),HUB-04,REBUILD_KEEP_URL,P1,PILLAR,2000-3000,DRAFT_NOT_WRITTEN
Batch 8,Telesales / Sales Operations,LEGACY_ROW,1071,Cách tạo hồ sơ khách hàng lý tưởng cho nhóm khách hàng tiềm năng B2B,HUB-04,REBUILD_KEEP_URL,P1,PILLAR,2000-3000,DRAFT_NOT_WRITTEN
Batch 8,Telesales / Sales Operations,LEGACY_ROW,1296,Bí quyết telesales: Nên hay không sử dụng kịch bản cuộc gọi bán hàng?,HUB-04,REBUILD_KEEP_URL,P1,PILLAR,2000-3000,DRAFT_NOT_WRITTEN
Batch 8,Telesales / Sales Operations,LEGACY_ROW,10754,Cuộc họp đánh giá bán hàng hàng năm: 8 bước để thực hiện hiệu quả,HUB-04,REBUILD_KEEP_URL,P1,PILLAR,2000-3000,DRAFT_NOT_WRITTEN
Batch 8,Telesales / Sales Operations,LEGACY_ROW,1351,6 cách nhắn tin cho khách hàng đạt hiệu quả trong quy trình bán hàng,HUB-04,REBUILD_KEEP_URL,P1,PILLAR,2000-3000,DRAFT_NOT_WRITTEN
Batch 8,Telesales / Sales Operations,LEGACY_ROW,1102,5 chỉ số đo lường hiệu suất bán hàng quan trọng mà quản lý nên theo dõi,HUB-04,REBUILD_KEEP_URL,P1,PILLAR,2000-3000,DRAFT_NOT_WRITTEN
Batch 8,Telesales / Sales Operations,LEGACY_ROW,1529,Tiêu chí đánh giá hiệu quả bán hàng,HUB-04,REBUILD_UPDATE_TOPIC,P1,PILLAR,2000-3000,DRAFT_NOT_WRITTEN
Batch 8,Telesales / Sales Operations,LEGACY_ROW,2958,Bán hàng qua điện thoại: Làm gì nếu khách hàng nói không có thời gian?,HUB-04,REBUILD_KEEP_URL,P1,PILLAR,2000-3000,DRAFT_NOT_WRITTEN
Batch 8,Telesales / Sales Operations,LEGACY_ROW,17839,6 cách tăng năng suất bán hàng và tối ưu công việc cho nhân viên bán hàng,HUB-04,REBUILD_UPDATE_TOPIC,P1,SUPPORTING,1200-2000,DRAFT_NOT_WRITTEN
Batch 8,Telesales / Sales Operations,LEGACY_ROW,1324,Thế nào là telesales thành công và cách đánh giá cuộc gọi bán hàng?,HUB-04,REBUILD_KEEP_URL,P1,SUPPORTING,1200-2000,DRAFT_NOT_WRITTEN
Batch 8,Telesales / Sales Operations,LEGACY_ROW,10750,Cách bán hàng hiệu quả bằng giọng nói,HUB-04,REBUILD_KEEP_URL,P1,SUPPORTING,1200-2000,DRAFT_NOT_WRITTEN
Batch 8,Telesales / Sales Operations,LEGACY_ROW,1454,Hướng dẫn nhân viên bán hàng SaaS xử lý từ chối giao dịch (Phần 1),HUB-04,REBUILD_UPDATE_TOPIC,P1,SUPPORTING,1200-2000,DRAFT_NOT_WRITTEN
Batch 8,Telesales / Sales Operations,LEGACY_ROW,2684,Đội ngũ bán hàng nên quay lại văn phòng hay làm việc từ xa sau đại dịch?,HUB-04,REBUILD_UPDATE_TOPIC,P1,SUPPORTING,1200-2000,DRAFT_NOT_WRITTEN
Batch 8,Telesales / Sales Operations,LEGACY_ROW,1219,Bán hàng Inbound hay Outbound - Đâu là phương pháp mà bạn nên quan tâm? (Phần 3),HUB-04,REBUILD_KEEP_URL,P1,SUPPORTING,1200-2000,DRAFT_NOT_WRITTEN
Batch 8,Telesales / Sales Operations,LEGACY_ROW,17823,Vì sao nhắn tin với khách hàng là cách hiệu quả để tăng doanh số bán hàng?,HUB-04,REBUILD_UPDATE_TOPIC,P1,SUPPORTING,1200-2000,DRAFT_NOT_WRITTEN
Batch 8,Telesales / Sales Operations,LEGACY_ROW,15993,Phương Pháp Quản Lý Telesale Hiệu Quả,HUB-04,REBUILD_KEEP_URL,P1,SUPPORTING,1200-2000,DRAFT_NOT_WRITTEN
Batch 8,Telesales / Sales Operations,LEGACY_ROW,12751,"Kinh Nghiệm Kinh Doanh Shopee, Bán Hàng Online Hiệu Quả",HUB-04,REBUILD_KEEP_URL,P3,SUPPORTING,1200-2000,DRAFT_NOT_WRITTEN
Batch 8,Telesales / Sales Operations,LEGACY_ROW,12686,Học Ngay 5 Kinh Nghiệm Bán Hàng Trên Shopee Cực Hiệu Quả 2022,HUB-04,REBUILD_KEEP_URL,P3,SUPPORTING,1200-2000,DRAFT_NOT_WRITTEN
Batch 8,Telesales / Sales Operations,LEGACY_ROW,12797,Khóa Học Bán Hàng Trên Shopee Nào Hiệu Quả Nhất,HUB-04,REBUILD_KEEP_URL,P3,SUPPORTING,1200-2000,DRAFT_NOT_WRITTEN
Batch 8,Telesales / Sales Operations,LEGACY_ROW,1427,Các chỉ số đánh giá phễu bán hàng hiệu quả,HUB-04,REBUILD_KEEP_URL,P1,SUPPORTING,1200-2000,DRAFT_NOT_WRITTEN
Batch 8,Telesales / Sales Operations,LEGACY_ROW,15904,8 Bước Bán Hàng Cơ Bản Và Hiệu Quả Cho Nhân Viên Sales,HUB-04,REBUILD_KEEP_URL,P1,SUPPORTING,1200-2000,DRAFT_NOT_WRITTEN
Batch 8,Telesales / Sales Operations,LEGACY_ROW,15646,Top 5 Lợi Ích Của Phần Mềm Auto Answer,HUB-04,REBUILD_KEEP_URL,P1,SUPPORTING,1200-2000,DRAFT_NOT_WRITTEN
Batch 8,Telesales / Sales Operations,LEGACY_ROW,1314,Telesales: Cách tập trung khi gọi điện bán hàng,HUB-04,REBUILD_KEEP_URL,P1,SUPPORTING,1200-2000,DRAFT_NOT_WRITTEN
Batch 8,Telesales / Sales Operations,LEGACY_ROW,10746,Xây dựng chiến lược email follow-up giúp bán hàng hiệu quả (Phần cuối),HUB-04,REBUILD_KEEP_URL,P1,SUPPORTING,1200-2000,DRAFT_NOT_WRITTEN
Batch 8,Telesales / Sales Operations,LEGACY_ROW,1560,Tiếp thị qua điện thoại: Kỹ năng xử lý từ chối giúp tăng cơ hội bán hàng,HUB-04,REBUILD_KEEP_URL,P1,SUPPORTING,1200-2000,DRAFT_NOT_WRITTEN
Batch 8,Telesales / Sales Operations,LEGACY_ROW,15353,Cách Xây Dựng Quy Trình Bán Hàng Của Doanh Nghiệp Hiệu Quả,HUB-04,REBUILD_KEEP_URL,P1,SUPPORTING,1200-2000,DRAFT_NOT_WRITTEN
Batch 8,Telesales / Sales Operations,LEGACY_ROW,10752,Đừng báo giá giải pháp trước khi truyền tải được giá trị đến khách hàng,HUB-04,REBUILD_KEEP_URL,P1,SUPPORTING,1200-2000,DRAFT_NOT_WRITTEN
Batch 8,Telesales / Sales Operations,LEGACY_ROW,615,10 mẹo hay nhất để Telesales thành công,HUB-04,REBUILD_KEEP_URL,P1,SUPPORTING,1200-2000,DRAFT_NOT_WRITTEN
Batch 8,Telesales / Sales Operations,LEGACY_ROW,15926,Cách Telesale Cho Người Mới Bắt Đầu,HUB-04,REBUILD_KEEP_URL,P1,SUPPORTING,1200-2000,DRAFT_NOT_WRITTEN
Batch 8,Telesales / Sales Operations,LEGACY_ROW,1591,Giọng nói: Yếu tố quyết định thành công trong tiếp thị qua điện thoại,HUB-04,REBUILD_KEEP_URL,P1,SUPPORTING,1200-2000,DRAFT_NOT_WRITTEN
Batch 8,Telesales / Sales Operations,LEGACY_ROW,14787,Cách Xử Lý Các Tình Huống Chăm Sóc Khách Hàng,HUB-04,REBUILD_KEEP_URL,P1,SUPPORTING,1200-2000,DRAFT_NOT_WRITTEN
Batch 8,Telesales / Sales Operations,LEGACY_ROW,1496,Hướng dẫn nhân viên bán hàng SaaS xử lý từ chối giao dịch (Phần cuối),HUB-04,REBUILD_UPDATE_TOPIC,P1,SUPPORTING,1200-2000,DRAFT_NOT_WRITTEN
Batch 8,Telesales / Sales Operations,LEGACY_ROW,17795,8 cách xử lý từ chối của khách hàng,HUB-04,REBUILD_UPDATE_TOPIC,P1,SUPPORTING,1200-2000,DRAFT_NOT_WRITTEN
Batch 8,Telesales / Sales Operations,LEGACY_ROW,10733,Cuộc gọi tiếp thị qua điện thoại là gì và cách thực hiện cuộc gọi hiệu quả?,HUB-04,REBUILD_KEEP_URL,P1,SUPPORTING,1200-2000,DRAFT_NOT_WRITTEN
Batch 8,Telesales / Sales Operations,LEGACY_ROW,10748,5 điều về trải nghiệm khách hàng mà mọi nhân viên bán hàng nên biết,HUB-04,REBUILD_KEEP_URL,P1,SUPPORTING,1200-2000,DRAFT_NOT_WRITTEN
Batch 8,Telesales / Sales Operations,LEGACY_ROW,13012,Kinh Nghiệm Kinh Doanh Lazada Dành Cho Người Mới Bắt Đầu,HUB-04,REBUILD_UPDATE_TOPIC,P3,SUPPORTING,1200-2000,DRAFT_NOT_WRITTEN
Batch 8,Telesales / Sales Operations,LEGACY_ROW,1420,Cách giảm áp lực khi làm telesales,HUB-04,REBUILD_KEEP_URL,P1,SUPPORTING,1200-2000,DRAFT_NOT_WRITTEN
Batch 8,Telesales / Sales Operations,LEGACY_ROW,13020,Khóa Học Kinh Doanh Shopee Hiệu Quả Trong Top 3,HUB-04,REBUILD_KEEP_URL,P3,SUPPORTING,1200-2000,DRAFT_NOT_WRITTEN
Batch 8,Telesales / Sales Operations,LEGACY_ROW,12991,Kinh Nghiệm Bán Hàng Trên Lazada Cho Người Mới Bắt Đầu,HUB-04,REBUILD_UPDATE_TOPIC,P3,SUPPORTING,1200-2000,DRAFT_NOT_WRITTEN
Batch 8,Telesales / Sales Operations,LEGACY_ROW,10751,5 bước để thiết kế một kịch bản bán hàng thành công,HUB-04,REBUILD_KEEP_URL,P1,SUPPORTING,1200-2000,DRAFT_NOT_WRITTEN
Batch 8,Telesales / Sales Operations,LEGACY_ROW,13167,Cách Tối Ưu Sản Phẩm Trên Lazada,HUB-04,REBUILD_UPDATE_TOPIC,P3,SUPPORTING,1200-2000,DRAFT_NOT_WRITTEN
Batch 8,Telesales / Sales Operations,LEGACY_ROW,10756,Sales: Telesales và Telemarketing,HUB-04,REBUILD_KEEP_URL,P1,SUPPORTING,1200-2000,DRAFT_NOT_WRITTEN
Batch 8,Telesales / Sales Operations,LEGACY_ROW,1440,Tiếp thị qua điện thoại: Hướng dẫn nhanh Cold Calling chuyên nghiệp,HUB-04,REBUILD_KEEP_URL,P1,SUPPORTING,1200-2000,DRAFT_NOT_WRITTEN
Batch 8,Telesales / Sales Operations,LEGACY_ROW,10745,Xây dựng chiến lược email follow-up giúp bán hàng hiệu quả (Phần 1),HUB-04,REBUILD_KEEP_URL,P1,SUPPORTING,1200-2000,DRAFT_NOT_WRITTEN
Batch 8,Telesales / Sales Operations,LEGACY_ROW,1805,Bán hàng qua điện thoại: 3 câu hỏi bạn nên tự hỏi bản thân trước khi thực hiện cuộc gọi,HUB-04,REBUILD_KEEP_URL,P1,SUPPORTING,1200-2000,DRAFT_NOT_WRITTEN
Batch 8,Telesales / Sales Operations,LEGACY_ROW,15217,Phần Mềm Quản Lý Bán Hàng Đa Kênh Là Gì? Có Nên Sử Dụng?,HUB-04,REBUILD_KEEP_URL,P1,SUPPORTING,1200-2000,DRAFT_NOT_WRITTEN
Batch 8,Telesales / Sales Operations,LEGACY_ROW,15916,Cách Gọi Sale Hiệu Quả Có Thể Bạn Không Biết,HUB-04,REBUILD_KEEP_URL,P1,SUPPORTING,1200-2000,DRAFT_NOT_WRITTEN
Batch 8,Telesales / Sales Operations,LEGACY_ROW,1817,Cách chiếm được lòng tin của khách hàng kín tiếng,HUB-04,REBUILD_KEEP_URL,P1,SUPPORTING,1200-2000,DRAFT_NOT_WRITTEN
Batch 8,Telesales / Sales Operations,LEGACY_ROW,13094,Tối Ưu Quảng Cáo Lazada Hiệu Quả Và Chuyên Nghiệp,HUB-04,REBUILD_UPDATE_TOPIC,P3,SUPPORTING,"('NARROW', '900-1200')",DRAFT_NOT_WRITTEN
Batch 8,Telesales / Sales Operations,LEGACY_ROW,10740,Bộ câu hỏi phỏng vấn chuyên viên Telemarketing và Telesales,HUB-04,REBUILD_KEEP_URL,P1,SUPPORTING,1200-2000,DRAFT_NOT_WRITTEN
Batch 8,Telesales / Sales Operations,LEGACY_ROW,16022,Cách Gọi Telesale Hiệu Quả Mà Bạn Chưa Biết,HUB-04,REBUILD_KEEP_URL,P1,SUPPORTING,1200-2000,DRAFT_NOT_WRITTEN
Batch 8,Telesales / Sales Operations,LEGACY_ROW,14506,Quy Trình Chăm Sóc Khách Hàng Sau Bán Hàng,HUB-04,REBUILD_KEEP_URL,P1,SUPPORTING,1200-2000,DRAFT_NOT_WRITTEN
Batch 8,Telesales / Sales Operations,LEGACY_ROW,13047,Cách Tối Ưu Sản Phẩm Trên Shopee Hiệu Quả Nhất,HUB-04,REBUILD_KEEP_URL,P3,SUPPORTING,"('NARROW', '900-1200')",DRAFT_NOT_WRITTEN
Batch 8,Telesales / Sales Operations,LEGACY_ROW,676,Làm thế nào để mở rộng một nhóm bán hàng toàn cầu?,HUB-04,REBUILD_KEEP_URL,P1,SUPPORTING,1200-2000,DRAFT_NOT_WRITTEN
Batch 8,Telesales / Sales Operations,LEGACY_ROW,10734,Cách tiếp thị qua điện thoại hiệu quả xử lý 3 lời từ chối cuộc gọi chào hàng,HUB-04,REBUILD_KEEP_URL,P1,SUPPORTING,1200-2000,DRAFT_NOT_WRITTEN
Batch 8,Telesales / Sales Operations,LEGACY_ROW,1617,Ebook: Hướng dẫn các bước xử lý tình huống khách hàng phàn nàn,HUB-04,REBUILD_UPDATE_TOPIC,P1,SUPPORTING,1200-2000,DRAFT_NOT_WRITTEN
Batch 9,Cloud Call Center & remote,LEGACY_ROW,872,Công nghệ đang thay đổi cách mọi người làm việc từ xa như thế nào?,HUB-10,REBUILD_KEEP_URL,P1,PILLAR,2000-3000,DRAFT_NOT_WRITTEN
Batch 9,Cloud Call Center & remote,LEGACY_ROW,897,10 công nghệ mà bạn phải có để có thể xây dựng Team làm việc từ xa hiệu quả,HUB-10,REBUILD_KEEP_URL,P1,SUPPORTING,1200-2000,DRAFT_NOT_WRITTEN
Batch 10,Vận hành doanh nghiệp,LEGACY_ROW,1705,Cách viết bản tự đánh giá công việc của nhân viên đầy đủ và ấn tượng,HUB-11,REBUILD_UPDATE_TOPIC,P2,PILLAR,2000-3000,DRAFT_NOT_WRITTEN
Batch 10,Vận hành doanh nghiệp,LEGACY_ROW,10728,Dịch vụ khách hàng chủ động: Chiến lược và giá trị đối với doanh nghiệp,HUB-11,REBUILD_UPDATE_TOPIC,P2,PILLAR,2000-3000,DRAFT_NOT_WRITTEN
Batch 10,Vận hành doanh nghiệp,LEGACY_ROW,2665,Chiến lược khách hàng trung tâm (Customer-Centric) cho doanh nghiệp,HUB-11,REBUILD_UPDATE_TOPIC,P2,PILLAR,2000-3000,DRAFT_NOT_WRITTEN
Batch 10,Vận hành doanh nghiệp,LEGACY_ROW,2261,Cách tính giá trị vòng đời khách hàng CLV của doanh nghiệp,HUB-11,REBUILD_UPDATE_TOPIC,P2,PILLAR,2000-3000,DRAFT_NOT_WRITTEN
Batch 10,Vận hành doanh nghiệp,LEGACY_ROW,2738,Tại sao phàn nàn của khách hàng lại có ích cho doanh nghiệp của bạn?,HUB-11,REBUILD_UPDATE_TOPIC,P2,PILLAR,2000-3000,DRAFT_NOT_WRITTEN
Batch 10,Vận hành doanh nghiệp,LEGACY_ROW,17911,“Khách hàng luôn đúng”:Ý nghĩa và góc nhìn về tính đúng đắn của triết lý,HUB-11,REBUILD_UPDATE_TOPIC,P2,PILLAR,2000-3000,DRAFT_NOT_WRITTEN
Batch 10,Vận hành doanh nghiệp,LEGACY_ROW,15332,Dịch Vụ Voice Brandname Là Gì?,HUB-11,REBUILD_UPDATE_TOPIC,P2,PILLAR,2000-3000,DRAFT_NOT_WRITTEN
Batch 10,Vận hành doanh nghiệp,LEGACY_ROW,884,Tiếp thị qua điện thoại: 13 mẹo chinh phục khách hàng,HUB-11,REBUILD_UPDATE_TOPIC,P2,SUPPORTING,1200-2000,DRAFT_NOT_WRITTEN
Batch 10,Vận hành doanh nghiệp,LEGACY_ROW,16611,9 việc NÊN và KHÔNG NÊN làm trong quy trình đánh giá nhân viên,HUB-11,REBUILD_UPDATE_TOPIC,P2,SUPPORTING,1200-2000,DRAFT_NOT_WRITTEN
Batch 10,Vận hành doanh nghiệp,LEGACY_ROW,15713,Quản Lý Cuộc Gọi Khách Hàng Có Thật Sự Dễ Dàng?,HUB-11,REBUILD_UPDATE_TOPIC,P2,SUPPORTING,1200-2000,DRAFT_NOT_WRITTEN
Batch 10,Vận hành doanh nghiệp,LEGACY_ROW,16176,Nâng Cao Chất Lượng Nguồn Nhân Lực Trong Doanh Nghiệp,HUB-11,REBUILD_UPDATE_TOPIC,P2,SUPPORTING,1200-2000,DRAFT_NOT_WRITTEN
Batch 10,Vận hành doanh nghiệp,LEGACY_ROW,10742,Quyết toán thuế TNCN - Doanh nghiệp và người lao động cần biết,HUB-11,REBUILD_UPDATE_TOPIC,P2,SUPPORTING,1200-2000,DRAFT_NOT_WRITTEN
Batch 10,Vận hành doanh nghiệp,LEGACY_ROW,826,Cách mạng Công nghiệp 4.0 và lợi ích đối với doanh nghiệp,HUB-11,REBUILD_UPDATE_TOPIC,P2,SUPPORTING,1200-2000,DRAFT_NOT_WRITTEN
Batch 10,Vận hành doanh nghiệp,LEGACY_ROW,16254,5 Bước Lập Kế Hoạch Marketing Hiệu Quả Cho Doanh Nghiệp,HUB-11,REBUILD_UPDATE_TOPIC,P2,SUPPORTING,1200-2000,DRAFT_NOT_WRITTEN
Batch 10,Vận hành doanh nghiệp,LEGACY_ROW,16131,Phần Mềm Quản Lý Khách Hàng Miễn Phí Cho Doanh Nghiệp,HUB-11,REBUILD_UPDATE_TOPIC,P2,SUPPORTING,1200-2000,DRAFT_NOT_WRITTEN
Batch 10,Vận hành doanh nghiệp,LEGACY_ROW,16202,8 Phương Pháp Tiếp Cận Khách Hàng Hiệu Quả,HUB-11,REBUILD_UPDATE_TOPIC,P2,SUPPORTING,1200-2000,DRAFT_NOT_WRITTEN
Batch 10,Vận hành doanh nghiệp,LEGACY_ROW,16240,Xác Định Khách Hàng Mục Tiêu: Vai Trò & Cách Xác Định,HUB-11,REBUILD_UPDATE_TOPIC,P2,SUPPORTING,1200-2000,DRAFT_NOT_WRITTEN
Batch 10,Vận hành doanh nghiệp,LEGACY_ROW,16095,"Hệ Thống Quản Lý Khách Hàng Trong Nhà Hàng, Khách Sạn",HUB-11,REBUILD_UPDATE_TOPIC,P2,SUPPORTING,1200-2000,DRAFT_NOT_WRITTEN
Batch 10,Vận hành doanh nghiệp,LEGACY_ROW,15982,Quản Lý Quan Hệ Khách Hàng Trong Doanh Nghiệp,HUB-11,REBUILD_UPDATE_TOPIC,P2,SUPPORTING,1200-2000,DRAFT_NOT_WRITTEN
Batch 10,Vận hành doanh nghiệp,LEGACY_ROW,16252,Mục Tiêu SMART Là Gì? Ví Dụ Và Cách Đặt Mục Tiêu SMART,HUB-11,REBUILD_UPDATE_TOPIC,P2,SUPPORTING,1200-2000,DRAFT_NOT_WRITTEN
Batch 10,Vận hành doanh nghiệp,LEGACY_ROW,12281,SMS Marketing Là Gì? Vì Sao Bạn Nên Dùng SMS Marketing?,HUB-11,REBUILD_UPDATE_TOPIC,P2,SUPPORTING,1200-2000,DRAFT_NOT_WRITTEN
Batch 10,Vận hành doanh nghiệp,LEGACY_ROW,15847,Lưu Trữ Thông Tin Khách Hàng Với Top 3 Phần Mềm Tốt Nhất,HUB-11,REBUILD_UPDATE_TOPIC,P2,SUPPORTING,1200-2000,DRAFT_NOT_WRITTEN
Batch 10,Vận hành doanh nghiệp,LEGACY_ROW,684,Goals (Mục đích) vs Objectives (Mục tiêu): phân biệt đơn giản,HUB-11,REBUILD_UPDATE_TOPIC,P2,SUPPORTING,1200-2000,DRAFT_NOT_WRITTEN
Batch 10,Vận hành doanh nghiệp,LEGACY_ROW,15775,5 Lợi Ích Của Dịch Vụ Hỗ Trợ Trực Tuyến,HUB-11,REBUILD_UPDATE_TOPIC,P2,SUPPORTING,1200-2000,DRAFT_NOT_WRITTEN
Batch 10,Vận hành doanh nghiệp,LEGACY_ROW,16348,Hướng Dẫn Khởi Nghiệp Hiệu Quả,HUB-11,REBUILD_UPDATE_TOPIC,P2,SUPPORTING,1200-2000,DRAFT_NOT_WRITTEN
Batch 10,Vận hành doanh nghiệp,LEGACY_ROW,694,"Tại sao không ""tùy ý"" đưa ý kiến trong content marketing",HUB-11,REBUILD_UPDATE_TOPIC,P2,SUPPORTING,1200-2000,DRAFT_NOT_WRITTEN
Batch 10,Vận hành doanh nghiệp,LEGACY_ROW,16329,4 Website Gọi Vốn Cộng Đồng Hiệu Quả Dành Cho Start-Up,HUB-11,REBUILD_UPDATE_TOPIC,P2,SUPPORTING,1200-2000,DRAFT_NOT_WRITTEN
Batch 10,Vận hành doanh nghiệp,LEGACY_ROW,16201,9 Ý Tưởng Khởi Nghiệp Tuyệt Vời Cho Bạn,HUB-11,REBUILD_UPDATE_TOPIC,P2,SUPPORTING,1200-2000,DRAFT_NOT_WRITTEN
Batch 10,Vận hành doanh nghiệp,LEGACY_ROW,16376,Quản Trị Theo Mục Tiêu SMART Là Gì?,HUB-11,REBUILD_UPDATE_TOPIC,P2,SUPPORTING,1200-2000,DRAFT_NOT_WRITTEN
Batch 10,Vận hành doanh nghiệp,LEGACY_ROW,12309,Dịch Vụ Tin Nhắn SMS Brandname Là Gì?,HUB-11,REBUILD_UPDATE_TOPIC,P2,SUPPORTING,1200-2000,DRAFT_NOT_WRITTEN
Batch 10,Vận hành doanh nghiệp,LEGACY_ROW,15221,Dịch Vụ Voice Brandname Là Gì Và Những Lợi Ích Hiện Đại,HUB-11,REBUILD_UPDATE_TOPIC,P2,SUPPORTING,1200-2000,DRAFT_NOT_WRITTEN
Batch 10,Vận hành doanh nghiệp,LEGACY_ROW,12590,Phần Mềm SMS Brandname Nào Tốt Nhất?,HUB-11,REBUILD_UPDATE_TOPIC,P2,SUPPORTING,1200-2000,DRAFT_NOT_WRITTEN
Batch 10,Vận hành doanh nghiệp,LEGACY_ROW,14870,On Premise Là Gì Và Đây Có Phải Là Giải Pháp Tốt Nhất?,HUB-11,REBUILD_UPDATE_TOPIC,P2,SUPPORTING,"('NARROW', '900-1200')",DRAFT_NOT_WRITTEN
Batch 10,Vận hành doanh nghiệp,LEGACY_ROW,15765,Phần Mềm Auto Call Và Những Lợi Ích Cho Doanh Nghiệp,HUB-11,REBUILD_UPDATE_TOPIC,P2,SUPPORTING,"('NARROW', '900-1200')",DRAFT_NOT_WRITTEN
Batch 10,Vận hành doanh nghiệp,LEGACY_ROW,12625,"SMS Brandname Giá Rẻ, Uy Tín Tại Gcalls",HUB-11,REBUILD_UPDATE_TOPIC,P2,SUPPORTING,"('NARROW', '900-1200')",DRAFT_NOT_WRITTEN
Batch 10,Vận hành doanh nghiệp,LEGACY_ROW,15870,Nhân Viên Hỗ Trợ Khách Hàng - Chìa Khóa Thành Công Của Doanh Nghiệp,HUB-11,REBUILD_UPDATE_TOPIC,P2,SUPPORTING,"('NARROW', '900-1200')",DRAFT_NOT_WRITTEN
Batch 10,Vận hành doanh nghiệp,LEGACY_ROW,16284,9 Bước Lập Kế Hoạch Digital Marketing,HUB-11,REBUILD_UPDATE_TOPIC,P2,SUPPORTING,"('NARROW', '900-1200')",DRAFT_NOT_WRITTEN
Batch 10,Vận hành doanh nghiệp,LEGACY_ROW,16257,Xác Định Ngân Sách Marketing Như Thế Nào?,HUB-11,REBUILD_UPDATE_TOPIC,P2,SUPPORTING,"('NARROW', '900-1200')",DRAFT_NOT_WRITTEN
Batch 10,Vận hành doanh nghiệp,LEGACY_ROW,15195,Customer Lifetime Value Là Gì? Vai Trò Và Cách Tính,HUB-11,REBUILD_UPDATE_TOPIC,P2,SUPPORTING,"('NARROW', '900-1200')",DRAFT_NOT_WRITTEN
Batch 10,Vận hành doanh nghiệp,LEGACY_ROW,14539,SIP Trunk Là Gì? Lợi Ích Dịch Vụ Này Mang Đến Như Thế Nào?,HUB-11,REBUILD_UPDATE_TOPIC,P2,SUPPORTING,"('NARROW', '900-1200')",DRAFT_NOT_WRITTEN
Batch 10,Vận hành doanh nghiệp,LEGACY_ROW,410,Nâng tầm giá trị thương hiệu của doanh nghiệp bạn với Voice Brandname,HUB-11,REBUILD_UPDATE_TOPIC,P2,SUPPORTING,"('NARROW', '900-1200')",DRAFT_NOT_WRITTEN
Batch 10,Vận hành doanh nghiệp,LEGACY_ROW,16180,Xây Dựng Chiến Lược Marketing Hiệu Quả Như Thế Nào?,HUB-11,REBUILD_UPDATE_TOPIC,P2,SUPPORTING,"('NARROW', '900-1200')",DRAFT_NOT_WRITTEN
Batch 10,Vận hành doanh nghiệp,LEGACY_ROW,12599,SMS Marketing Giá Rẻ - Báo Giá Nhanh - Hiệu Quả Hàng Đầu,HUB-11,REBUILD_UPDATE_TOPIC,P2,SUPPORTING,"('NARROW', '900-1200')",DRAFT_NOT_WRITTEN
Batch 10,Vận hành doanh nghiệp,LEGACY_ROW,14614,Service Level Agreement Là Gì? Từ A - Z Thông Tin Về SLA,HUB-11,REBUILD_UPDATE_TOPIC,P2,SUPPORTING,"('NARROW', '900-1200')",DRAFT_NOT_WRITTEN
Batch 10,Vận hành doanh nghiệp,LEGACY_ROW,12293,Phần Mềm SMS Marketing Và Những Điều Cần Biết,HUB-11,REBUILD_UPDATE_TOPIC,P2,SUPPORTING,"('NARROW', '900-1200')",DRAFT_NOT_WRITTEN
Batch 10,Vận hành doanh nghiệp,LEGACY_ROW,15794,Hệ Thống Quản Lý Khách Hàng Và Phần Mềm Trên Điện Thoại,HUB-11,REBUILD_UPDATE_TOPIC,P2,SUPPORTING,"('NARROW', '900-1200')",DRAFT_NOT_WRITTEN
Batch 10,Vận hành doanh nghiệp,LEGACY_ROW,12326,"Sms Brandname Là Gì, Gồm Mấy Loại Và Có Lợi Ích Gì Cho Doanh Nghiệp?",HUB-11,REBUILD_UPDATE_TOPIC,P2,SUPPORTING,"('NARROW', '900-1200')",DRAFT_NOT_WRITTEN
Batch 10,Vận hành doanh nghiệp,LEGACY_ROW,17741,Thủ thuật tăng traffic website uy tín tại trafficSEO,HUB-11,REBUILD_UPDATE_TOPIC,P2,SUPPORTING,"('NARROW', '900-1200')",DRAFT_NOT_WRITTEN
Batch 10,Vận hành doanh nghiệp,LEGACY_ROW,15687,Quản Lý Thông Tin Khách Hàng Hiệu Quả Qua Hệ Thống Nào?,HUB-11,REBUILD_UPDATE_TOPIC,P2,SUPPORTING,"('NARROW', '900-1200')",DRAFT_NOT_WRITTEN
Batch 11,Hướng dẫn sử dụng Gcalls,NET_NEW,—,Thiết lập luồng tiếp nhận cuộc gọi đến cho đội nhiều nhóm,HUB-12 Hướng dẫn Gcalls,NEW_ARTICLE,P0,SUPPORTING,1200-2000,DRAFT_NOT_WRITTEN
