Legacy Post ID,New Title,HUB,Image Classification,What it must show,Aspect Ratio,Dimensions,Image Source,Data to mask,Planned Alt Text,Used on,Reusable
410,Nâng tầm giá trị thương hiệu của doanh nghiệp bạn với Voice Brandname,HUB-11,EDITORIAL_ILLUSTRATION_REQUIRED,Original brand illustration of the operational situation described,16:9,1600x900,NEW original illustration,None — no real data depicted,Minh họa vận hành doanh nghiệp — Nâng tầm giá trị thương hiệu của doanh nghiệp bạn với Voice ,Featured + 1-3 in-article,NO — article-specific
439,Góc nhìn của doanh nghiệp và khách hàng về tổng đài CSKH và bán hàng,HUB-05,EDITORIAL_ILLUSTRATION_REQUIRED,Original brand illustration of the operational situation described,16:9,1600x900,NEW original illustration,None — no real data depicted,Minh họa customer service và customer experience — Góc nhìn của doanh nghiệp và khách hàng về tổng đài CSKH và ,Featured + 1-3 in-article,NO — article-specific
553,"Gcalls và bạn - đối tác giới thiệu khách hàng - Cùng hợp tác, cùng có lợi",HUB-03,CUSTOM_DIAGRAM_REQUIRED,Purpose-drawn diagram of the flow or architecture described in the article,16:9,1600x900,NEW inline SVG / design tool,None — no real data depicted,"Minh họa crm, helpdesk và tích hợp — Gcalls và bạn - đối tác giới thiệu khách hàng - Cùng hợp tác",Featured + 1-3 in-article,YES within hub
566,Dịch Vụ Call Center là gì? Dịch vụ Tổng đài Call Center,HUB-01,CUSTOM_DIAGRAM_REQUIRED,Purpose-drawn diagram of the flow or architecture described in the article,16:9,1600x900,NEW inline SVG / design tool,None — no real data depicted,Minh họa tổng đài và call center — Dịch Vụ Call Center là gì? Dịch vụ Tổng đài Call Center,Featured + 1-3 in-article,YES within hub
588,"Tổng Đài Call Center Và Những Kiến Thức ""Cứu Sống"" Doanh Nghiệp",HUB-01,CUSTOM_DIAGRAM_REQUIRED,Purpose-drawn diagram of the flow or architecture described in the article,16:9,1600x900,NEW inline SVG / design tool,None — no real data depicted,"Minh họa tổng đài và call center — Tổng Đài Call Center Và Những Kiến Thức ""Cứu Sống"" Doanh Ngh",Featured + 1-3 in-article,YES within hub
603,10 Thống kê về hệ thống VoIP chứng minh tầm quan trọng của công nghệ,HUB-01,CUSTOM_DIAGRAM_REQUIRED,Purpose-drawn diagram of the flow or architecture described in the article,16:9,1600x900,NEW inline SVG / design tool,None — no real data depicted,Minh họa tổng đài và call center — 10 Thống kê về hệ thống VoIP chứng minh tầm quan trọng của c,Featured + 1-3 in-article,YES within hub
615,10 mẹo hay nhất để Telesales thành công,HUB-04,EDITORIAL_ILLUSTRATION_REQUIRED,Original brand illustration of the operational situation described,16:9,1600x900,NEW original illustration,None — no real data depicted,Minh họa telesales và sales operations — 10 mẹo hay nhất để Telesales thành công,Featured + 1-3 in-article,NO — article-specific
647,7 Lý Do Nên Chọn Tổng Đài Ảo Call Center Cho Doanh Nghiệp,HUB-01,CUSTOM_DIAGRAM_REQUIRED,Purpose-drawn diagram of the flow or architecture described in the article,16:9,1600x900,NEW inline SVG / design tool,None — no real data depicted,Minh họa tổng đài và call center — 7 Lý Do Nên Chọn Tổng Đài Ảo Call Center Cho Doanh Nghiệp,Featured + 1-3 in-article,YES within hub
654,5 Lợi ích của việc Sử dụng Báo cáo Tổng đài Call Center (Phần cuối),HUB-01,CUSTOM_DIAGRAM_REQUIRED,Purpose-drawn diagram of the flow or architecture described in the article,16:9,1600x900,NEW inline SVG / design tool,None — no real data depicted,Minh họa tổng đài và call center — 5 Lợi ích của việc Sử dụng Báo cáo Tổng đài Call Center (Phầ,Featured + 1-3 in-article,YES within hub
669,5 Lợi ích của việc Sử dụng Báo cáo Tổng đài Call Center (Phần 1),HUB-01,CUSTOM_DIAGRAM_REQUIRED,Purpose-drawn diagram of the flow or architecture described in the article,16:9,1600x900,NEW inline SVG / design tool,None — no real data depicted,Minh họa tổng đài và call center — 5 Lợi ích của việc Sử dụng Báo cáo Tổng đài Call Center (Phầ,Featured + 1-3 in-article,YES within hub
676,Làm thế nào để mở rộng một nhóm bán hàng toàn cầu?,HUB-04,EDITORIAL_ILLUSTRATION_REQUIRED,Original brand illustration of the operational situation described,16:9,1600x900,NEW original illustration,None — no real data depicted,Minh họa telesales và sales operations — Làm thế nào để mở rộng một nhóm bán hàng toàn cầu?,Featured + 1-3 in-article,NO — article-specific
684,Goals (Mục đích) vs Objectives (Mục tiêu): phân biệt đơn giản,HUB-11,EDITORIAL_ILLUSTRATION_REQUIRED,Original brand illustration of the operational situation described,16:9,1600x900,NEW original illustration,None — no real data depicted,Minh họa vận hành doanh nghiệp — Goals (Mục đích) vs Objectives (Mục tiêu): phân biệt đơn giả,Featured + 1-3 in-article,NO — article-specific
694,"Tại sao không ""tùy ý"" đưa ý kiến trong content marketing",HUB-11,EDITORIAL_ILLUSTRATION_REQUIRED,Original brand illustration of the operational situation described,16:9,1600x900,NEW original illustration,None — no real data depicted,"Minh họa vận hành doanh nghiệp — Tại sao không ""tùy ý"" đưa ý kiến trong content marketing",Featured + 1-3 in-article,NO — article-specific
826,Cách mạng Công nghiệp 4.0 và lợi ích đối với doanh nghiệp,HUB-11,EDITORIAL_ILLUSTRATION_REQUIRED,Original brand illustration of the operational situation described,16:9,1600x900,NEW original illustration,None — no real data depicted,Minh họa vận hành doanh nghiệp — Cách mạng Công nghiệp 4.0 và lợi ích đối với doanh nghiệp,Featured + 1-3 in-article,NO — article-specific
861,11 chỉ số đánh giá quan trọng đối với bộ phận Chăm Sóc Khách Hàng,HUB-05,EDITORIAL_ILLUSTRATION_REQUIRED,Original brand illustration of the operational situation described,16:9,1600x900,NEW original illustration,None — no real data depicted,Minh họa customer service và customer experience — 11 chỉ số đánh giá quan trọng đối với bộ phận Chăm Sóc Khách,Featured + 1-3 in-article,NO — article-specific
872,Công nghệ đang thay đổi cách mọi người làm việc từ xa như thế nào?,HUB-10,CUSTOM_DIAGRAM_REQUIRED,Purpose-drawn diagram of the flow or architecture described in the article,16:9,1600x900,NEW inline SVG / design tool,None — no real data depicted,Minh họa cloud call center và làm việc từ xa — Công nghệ đang thay đổi cách mọi người làm việc từ xa như th,Featured + 1-3 in-article,YES within hub
884,Tiếp thị qua điện thoại: 13 mẹo chinh phục khách hàng,HUB-11,EDITORIAL_ILLUSTRATION_REQUIRED,Original brand illustration of the operational situation described,16:9,1600x900,NEW original illustration,None — no real data depicted,Minh họa vận hành doanh nghiệp — Tiếp thị qua điện thoại: 13 mẹo chinh phục khách hàng,Featured + 1-3 in-article,NO — article-specific
897,10 công nghệ mà bạn phải có để có thể xây dựng Team làm việc từ xa hiệu quả,HUB-10,CUSTOM_DIAGRAM_REQUIRED,Purpose-drawn diagram of the flow or architecture described in the article,16:9,1600x900,NEW inline SVG / design tool,None — no real data depicted,Minh họa cloud call center và làm việc từ xa — 10 công nghệ mà bạn phải có để có thể xây dựng Team làm việc,Featured + 1-3 in-article,YES within hub
1071,Cách tạo hồ sơ khách hàng lý tưởng cho nhóm khách hàng tiềm năng B2B,HUB-04,EDITORIAL_ILLUSTRATION_REQUIRED,Original brand illustration of the operational situation described,16:9,1600x900,NEW original illustration,None — no real data depicted,Minh họa telesales và sales operations — Cách tạo hồ sơ khách hàng lý tưởng cho nhóm khách hàng tiềm ,Featured + 1-3 in-article,NO — article-specific
1082,TOP 10 phần mềm theo dõi bán hàng hàng đầu dành cho doanh nghiệp,HUB-04,EDITORIAL_ILLUSTRATION_REQUIRED,Original brand illustration of the operational situation described,16:9,1600x900,NEW original illustration,None — no real data depicted,Minh họa telesales và sales operations — TOP 10 phần mềm theo dõi bán hàng hàng đầu dành cho doanh ng,Featured + 1-3 in-article,NO — article-specific
1102,5 chỉ số đo lường hiệu suất bán hàng quan trọng mà quản lý nên theo dõi,HUB-04,EDITORIAL_ILLUSTRATION_REQUIRED,Original brand illustration of the operational situation described,16:9,1600x900,NEW original illustration,None — no real data depicted,Minh họa telesales và sales operations — 5 chỉ số đo lường hiệu suất bán hàng quan trọng mà quản lý n,Featured + 1-3 in-article,NO — article-specific
1113,9 mẹo Cold Calling dành cho nhân viên bán hàng (Phần 1),HUB-04,EDITORIAL_ILLUSTRATION_REQUIRED,Original brand illustration of the operational situation described,16:9,1600x900,NEW original illustration,None — no real data depicted,Minh họa telesales và sales operations — 9 mẹo Cold Calling dành cho nhân viên bán hàng (Phần 1),Featured + 1-3 in-article,NO — article-specific
1134,9 mẹo Cold Calling dành cho nhân viên bán hàng (Phần cuối),HUB-04,EDITORIAL_ILLUSTRATION_REQUIRED,Original brand illustration of the operational situation described,16:9,1600x900,NEW original illustration,None — no real data depicted,Minh họa telesales và sales operations — 9 mẹo Cold Calling dành cho nhân viên bán hàng (Phần cuối),Featured + 1-3 in-article,NO — article-specific
1157,Phần Mềm Contact Center - Giải Pháp Tổng Đài Chuyên Nghiệp 2023,HUB-04,EDITORIAL_ILLUSTRATION_REQUIRED,Original brand illustration of the operational situation described,16:9,1600x900,NEW original illustration,None — no real data depicted,Minh họa telesales và sales operations — Phần Mềm Contact Center - Giải Pháp Tổng Đài Chuyên Nghiệp 2,Featured + 1-3 in-article,NO — article-specific
1187,Bán hàng Inbound hay Outbound - Đâu là phương pháp mà bạn nên quan tâm? (Phần 1),HUB-04,EDITORIAL_ILLUSTRATION_REQUIRED,Original brand illustration of the operational situation described,16:9,1600x900,NEW original illustration,None — no real data depicted,Minh họa telesales và sales operations — Bán hàng Inbound hay Outbound - Đâu là phương pháp mà bạn nê,Featured + 1-3 in-article,NO — article-specific
1198,Bán hàng Inbound hay Outbound - Đâu là phương pháp mà bạn nên quan tâm? (Phần 2),HUB-04,EDITORIAL_ILLUSTRATION_REQUIRED,Original brand illustration of the operational situation described,16:9,1600x900,NEW original illustration,None — no real data depicted,Minh họa telesales và sales operations — Bán hàng Inbound hay Outbound - Đâu là phương pháp mà bạn nê,Featured + 1-3 in-article,NO — article-specific
1219,Bán hàng Inbound hay Outbound - Đâu là phương pháp mà bạn nên quan tâm? (Phần 3),HUB-04,EDITORIAL_ILLUSTRATION_REQUIRED,Original brand illustration of the operational situation described,16:9,1600x900,NEW original illustration,None — no real data depicted,Minh họa telesales và sales operations — Bán hàng Inbound hay Outbound - Đâu là phương pháp mà bạn nê,Featured + 1-3 in-article,NO — article-specific
1231,Tương lai của tổng đài doanh nghiệp: 10 xu hướng nổi bật nhất,HUB-01,CUSTOM_DIAGRAM_REQUIRED,Purpose-drawn diagram of the flow or architecture described in the article,16:9,1600x900,NEW inline SVG / design tool,None — no real data depicted,Minh họa tổng đài và call center — Tương lai của tổng đài doanh nghiệp: 10 xu hướng nổi bật nhấ,Featured + 1-3 in-article,YES within hub
1296,Bí quyết telesales: Nên hay không sử dụng kịch bản cuộc gọi bán hàng?,HUB-04,EDITORIAL_ILLUSTRATION_REQUIRED,Original brand illustration of the operational situation described,16:9,1600x900,NEW original illustration,None — no real data depicted,Minh họa telesales và sales operations — Bí quyết telesales: Nên hay không sử dụng kịch bản cuộc gọi ,Featured + 1-3 in-article,NO — article-specific
1314,Telesales: Cách tập trung khi gọi điện bán hàng,HUB-04,EDITORIAL_ILLUSTRATION_REQUIRED,Original brand illustration of the operational situation described,16:9,1600x900,NEW original illustration,None — no real data depicted,Minh họa telesales và sales operations — Telesales: Cách tập trung khi gọi điện bán hàng,Featured + 1-3 in-article,NO — article-specific
1324,Thế nào là telesales thành công và cách đánh giá cuộc gọi bán hàng?,HUB-04,EDITORIAL_ILLUSTRATION_REQUIRED,Original brand illustration of the operational situation described,16:9,1600x900,NEW original illustration,None — no real data depicted,Minh họa telesales và sales operations — Thế nào là telesales thành công và cách đánh giá cuộc gọi bá,Featured + 1-3 in-article,NO — article-specific
1351,6 cách nhắn tin cho khách hàng đạt hiệu quả trong quy trình bán hàng,HUB-04,EDITORIAL_ILLUSTRATION_REQUIRED,Original brand illustration of the operational situation described,16:9,1600x900,NEW original illustration,None — no real data depicted,Minh họa telesales và sales operations — 6 cách nhắn tin cho khách hàng đạt hiệu quả trong quy trình ,Featured + 1-3 in-article,NO — article-specific
1368,Phần mềm gọi tự động và lợi ích đối với chiến lược bán hàng,HUB-02,PRODUCT_SCREENSHOT_REQUIRED,"Gcalls UI showing the exact feature discussed, captured fresh from a demo tenant",16:9,1600x900,NEW capture from Gcalls demo tenant,"Customer names, phone numbers, recordings, agent identities, tenant name — replace with illustrative data and label as such",Minh họa gcalls plus webphone — Phần mềm gọi tự động và lợi ích đối với chiến lược bán hàng,Featured + 1-3 in-article,NO — article-specific
1381,6 bước xây dựng kịch bản bán hàng đỉnh cao,HUB-04,EDITORIAL_ILLUSTRATION_REQUIRED,Original brand illustration of the operational situation described,16:9,1600x900,NEW original illustration,None — no real data depicted,Minh họa telesales và sales operations — 6 bước xây dựng kịch bản bán hàng đỉnh cao,Featured + 1-3 in-article,NO — article-specific
1396,Cách gọi điện thoại cho khách hàng tiềm năng đã mở email,HUB-04,EDITORIAL_ILLUSTRATION_REQUIRED,Original brand illustration of the operational situation described,16:9,1600x900,NEW original illustration,None — no real data depicted,Minh họa telesales và sales operations — Cách gọi điện thoại cho khách hàng tiềm năng đã mở email,Featured + 1-3 in-article,NO — article-specific
1420,Cách giảm áp lực khi làm telesales,HUB-04,EDITORIAL_ILLUSTRATION_REQUIRED,Original brand illustration of the operational situation described,16:9,1600x900,NEW original illustration,None — no real data depicted,Minh họa telesales và sales operations — Cách giảm áp lực khi làm telesales,Featured + 1-3 in-article,NO — article-specific
1427,Các chỉ số đánh giá phễu bán hàng hiệu quả,HUB-04,EDITORIAL_ILLUSTRATION_REQUIRED,Original brand illustration of the operational situation described,16:9,1600x900,NEW original illustration,None — no real data depicted,Minh họa telesales và sales operations — Các chỉ số đánh giá phễu bán hàng hiệu quả,Featured + 1-3 in-article,NO — article-specific
1440,Tiếp thị qua điện thoại: Hướng dẫn nhanh Cold Calling chuyên nghiệp,HUB-04,EDITORIAL_ILLUSTRATION_REQUIRED,Original brand illustration of the operational situation described,16:9,1600x900,NEW original illustration,None — no real data depicted,Minh họa telesales và sales operations — Tiếp thị qua điện thoại: Hướng dẫn nhanh Cold Calling chuyên,Featured + 1-3 in-article,NO — article-specific
1454,Hướng dẫn nhân viên bán hàng SaaS xử lý từ chối giao dịch (Phần 1),HUB-04,EDITORIAL_ILLUSTRATION_REQUIRED,Original brand illustration of the operational situation described,16:9,1600x900,NEW original illustration,None — no real data depicted,Minh họa telesales và sales operations — Hướng dẫn nhân viên bán hàng SaaS xử lý từ chối giao dịch (P,Featured + 1-3 in-article,NO — article-specific
1496,Hướng dẫn nhân viên bán hàng SaaS xử lý từ chối giao dịch (Phần cuối),HUB-04,EDITORIAL_ILLUSTRATION_REQUIRED,Original brand illustration of the operational situation described,16:9,1600x900,NEW original illustration,None — no real data depicted,Minh họa telesales và sales operations — Hướng dẫn nhân viên bán hàng SaaS xử lý từ chối giao dịch (P,Featured + 1-3 in-article,NO — article-specific
1529,Tiêu chí đánh giá hiệu quả bán hàng,HUB-04,EDITORIAL_ILLUSTRATION_REQUIRED,Original brand illustration of the operational situation described,16:9,1600x900,NEW original illustration,None — no real data depicted,Minh họa telesales và sales operations — Tiêu chí đánh giá hiệu quả bán hàng,Featured + 1-3 in-article,NO — article-specific
1541,Các bước tổ chức một cuộc họp khách hàng chuyên nghiệp,HUB-04,EDITORIAL_ILLUSTRATION_REQUIRED,Original brand illustration of the operational situation described,16:9,1600x900,NEW original illustration,None — no real data depicted,Minh họa telesales và sales operations — Các bước tổ chức một cuộc họp khách hàng chuyên nghiệp,Featured + 1-3 in-article,NO — article-specific
1560,Tiếp thị qua điện thoại: Kỹ năng xử lý từ chối giúp tăng cơ hội bán hàng,HUB-04,EDITORIAL_ILLUSTRATION_REQUIRED,Original brand illustration of the operational situation described,16:9,1600x900,NEW original illustration,None — no real data depicted,Minh họa telesales và sales operations — Tiếp thị qua điện thoại: Kỹ năng xử lý từ chối giúp tăng cơ ,Featured + 1-3 in-article,NO — article-specific
1591,Giọng nói: Yếu tố quyết định thành công trong tiếp thị qua điện thoại,HUB-04,EDITORIAL_ILLUSTRATION_REQUIRED,Original brand illustration of the operational situation described,16:9,1600x900,NEW original illustration,None — no real data depicted,Minh họa telesales và sales operations — Giọng nói: Yếu tố quyết định thành công trong tiếp thị qua đ,Featured + 1-3 in-article,NO — article-specific
1617,Ebook: Hướng dẫn các bước xử lý tình huống khách hàng phàn nàn,HUB-04,EDITORIAL_ILLUSTRATION_REQUIRED,Original brand illustration of the operational situation described,16:9,1600x900,NEW original illustration,None — no real data depicted,Minh họa telesales và sales operations — Ebook: Hướng dẫn các bước xử lý tình huống khách hàng phàn n,Featured + 1-3 in-article,NO — article-specific
1705,Cách viết bản tự đánh giá công việc của nhân viên đầy đủ và ấn tượng,HUB-11,EDITORIAL_ILLUSTRATION_REQUIRED,Original brand illustration of the operational situation described,16:9,1600x900,NEW original illustration,None — no real data depicted,Minh họa vận hành doanh nghiệp — Cách viết bản tự đánh giá công việc của nhân viên đầy đủ và ,Featured + 1-3 in-article,NO — article-specific
1805,Bán hàng qua điện thoại: 3 câu hỏi bạn nên tự hỏi bản thân trước khi thực hiện cuộc gọi,HUB-04,EDITORIAL_ILLUSTRATION_REQUIRED,Original brand illustration of the operational situation described,16:9,1600x900,NEW original illustration,None — no real data depicted,Minh họa telesales và sales operations — Bán hàng qua điện thoại: 3 câu hỏi bạn nên tự hỏi bản thân t,Featured + 1-3 in-article,NO — article-specific
1817,Cách chiếm được lòng tin của khách hàng kín tiếng,HUB-04,EDITORIAL_ILLUSTRATION_REQUIRED,Original brand illustration of the operational situation described,16:9,1600x900,NEW original illustration,None — no real data depicted,Minh họa telesales và sales operations — Cách chiếm được lòng tin của khách hàng kín tiếng,Featured + 1-3 in-article,NO — article-specific
1828,Cải thiện trải nghiệm khách hàng tại Call Center bằng biểu mẫu chấm điểm đánh giá cuộc gọi,HUB-07,PRODUCT_SCREENSHOT_REQUIRED,"Gcalls UI showing the exact feature discussed, captured fresh from a demo tenant",16:9,1600x900,NEW capture from Gcalls demo tenant,"Customer names, phone numbers, recordings, agent identities, tenant name — replace with illustrative data and label as such",Minh họa qa/qc và quản trị chất lượng — Cải thiện trải nghiệm khách hàng tại Call Center bằng biểu m,Featured + 1-3 in-article,NO — article-specific
1967,Chiến lược mở rộng ra thị trường nước quốc tế,HUB-09,CUSTOM_DIAGRAM_REQUIRED,Purpose-drawn diagram of the flow or architecture described in the article,16:9,1600x900,NEW inline SVG / design tool,None — no real data depicted,Minh họa tổng đài quốc tế — Chiến lược mở rộng ra thị trường nước quốc tế,Featured + 1-3 in-article,YES within hub
1968,Tổng đài quốc tế: Mở rộng thị trường dễ dàng với phần mềm Call Center kết nối số nước ngoài,HUB-01,CUSTOM_DIAGRAM_REQUIRED,Purpose-drawn diagram of the flow or architecture described in the article,16:9,1600x900,NEW inline SVG / design tool,None — no real data depicted,Minh họa tổng đài và call center — Tổng đài quốc tế: Mở rộng thị trường dễ dàng với phần mềm Ca,Featured + 1-3 in-article,YES within hub
2244,Làm gì để mở rộng đội ngũ hỗ trợ khách hàng mà không hi sinh chất lượng dịch vụ?,HUB-07,PRODUCT_SCREENSHOT_REQUIRED,"Gcalls UI showing the exact feature discussed, captured fresh from a demo tenant",16:9,1600x900,NEW capture from Gcalls demo tenant,"Customer names, phone numbers, recordings, agent identities, tenant name — replace with illustrative data and label as such",Minh họa qa/qc và quản trị chất lượng — Làm gì để mở rộng đội ngũ hỗ trợ khách hàng mà không hi sinh,Featured + 1-3 in-article,NO — article-specific
2261,Cách tính giá trị vòng đời khách hàng CLV của doanh nghiệp,HUB-11,EDITORIAL_ILLUSTRATION_REQUIRED,Original brand illustration of the operational situation described,16:9,1600x900,NEW original illustration,None — no real data depicted,Minh họa vận hành doanh nghiệp — Cách tính giá trị vòng đời khách hàng CLV của doanh nghiệp,Featured + 1-3 in-article,NO — article-specific
2400,Hướng dẫn đo lường kết quả khảo sát sự hài lòng của khách hàng,HUB-05,EDITORIAL_ILLUSTRATION_REQUIRED,Original brand illustration of the operational situation described,16:9,1600x900,NEW original illustration,None — no real data depicted,Minh họa customer service và customer experience — Hướng dẫn đo lường kết quả khảo sát sự hài lòng của khách hà,Featured + 1-3 in-article,NO — article-specific
2437,16 công cụ tạo phiếu yêu cầu hỗ trợ ticket cho bộ phận Dịch vụ khách hàng,HUB-03,CUSTOM_DIAGRAM_REQUIRED,Purpose-drawn diagram of the flow or architecture described in the article,16:9,1600x900,NEW inline SVG / design tool,None — no real data depicted,"Minh họa crm, helpdesk và tích hợp — 16 công cụ tạo phiếu yêu cầu hỗ trợ ticket cho bộ phận Dịch ",Featured + 1-3 in-article,YES within hub
2449,Hướng dẫn tính toán và cải thiện chỉ số CAC cho doanh nghiệp năm 2022,HUB-04,EDITORIAL_ILLUSTRATION_REQUIRED,Original brand illustration of the operational situation described,16:9,1600x900,NEW original illustration,None — no real data depicted,Minh họa telesales và sales operations — Hướng dẫn tính toán và cải thiện chỉ số CAC cho doanh nghiệp,Featured + 1-3 in-article,NO — article-specific
2472,Chỉ số CES là gì và khi nào nên sử dụng khảo sát CES?,HUB-05,EDITORIAL_ILLUSTRATION_REQUIRED,Original brand illustration of the operational situation described,16:9,1600x900,NEW original illustration,None — no real data depicted,Minh họa customer service và customer experience — Chỉ số CES là gì và khi nào nên sử dụng khảo sát CES?,Featured + 1-3 in-article,NO — article-specific
2486,Chỉ số NPS là gì và tại sao nó lại quan trọng đối với doanh nghiệp?,HUB-05,EDITORIAL_ILLUSTRATION_REQUIRED,Original brand illustration of the operational situation described,16:9,1600x900,NEW original illustration,None — no real data depicted,Minh họa customer service và customer experience — Chỉ số NPS là gì và tại sao nó lại quan trọng đối với doanh ,Featured + 1-3 in-article,NO — article-specific
2495,19 ví dụ về khảo sát sự hài lòng của khách hàng và các khảo sát mẫu,HUB-04,EDITORIAL_ILLUSTRATION_REQUIRED,Original brand illustration of the operational situation described,16:9,1600x900,NEW original illustration,None — no real data depicted,Minh họa telesales và sales operations — 19 ví dụ về khảo sát sự hài lòng của khách hàng và các khảo ,Featured + 1-3 in-article,NO — article-specific
2539,Chỉ số CSAT là gì và cách đo lường chỉ số này trong dịch vụ khách hàng?,HUB-05,EDITORIAL_ILLUSTRATION_REQUIRED,Original brand illustration of the operational situation described,16:9,1600x900,NEW original illustration,None — no real data depicted,Minh họa customer service và customer experience — Chỉ số CSAT là gì và cách đo lường chỉ số này trong dịch vụ ,Featured + 1-3 in-article,NO — article-specific
2584,Phần mềm Getfly: Tính năng và ứng dụng của phần mềm CRM “gốc Việt”,HUB-03,CUSTOM_DIAGRAM_REQUIRED,Purpose-drawn diagram of the flow or architecture described in the article,16:9,1600x900,NEW inline SVG / design tool,None — no real data depicted,"Minh họa crm, helpdesk và tích hợp — Phần mềm Getfly: Tính năng và ứng dụng của phần mềm CRM “gốc",Featured + 1-3 in-article,YES within hub
2621,Ưu và nhược điểm của các giải pháp trong  phần mềm CRM HubSpot,HUB-03,CUSTOM_DIAGRAM_REQUIRED,Purpose-drawn diagram of the flow or architecture described in the article,16:9,1600x900,NEW inline SVG / design tool,None — no real data depicted,"Minh họa crm, helpdesk và tích hợp — Ưu và nhược điểm của các giải pháp trong  phần mềm CRM HubSp",Featured + 1-3 in-article,YES within hub
2641,Phần mềm Bitrix24 - Các tính năng nổi bật và lý do nên lựa chọn Bitrix24,HUB-04,EDITORIAL_ILLUSTRATION_REQUIRED,Original brand illustration of the operational situation described,16:9,1600x900,NEW original illustration,None — no real data depicted,Minh họa telesales và sales operations — Phần mềm Bitrix24 - Các tính năng nổi bật và lý do nên lựa c,Featured + 1-3 in-article,NO — article-specific
2665,Chiến lược khách hàng trung tâm (Customer-Centric) cho doanh nghiệp,HUB-11,EDITORIAL_ILLUSTRATION_REQUIRED,Original brand illustration of the operational situation described,16:9,1600x900,NEW original illustration,None — no real data depicted,Minh họa vận hành doanh nghiệp — Chiến lược khách hàng trung tâm (Customer-Centric) cho doanh,Featured + 1-3 in-article,NO — article-specific
2684,Đội ngũ bán hàng nên quay lại văn phòng hay làm việc từ xa sau đại dịch?,HUB-04,EDITORIAL_ILLUSTRATION_REQUIRED,Original brand illustration of the operational situation described,16:9,1600x900,NEW original illustration,None — no real data depicted,Minh họa telesales và sales operations — Đội ngũ bán hàng nên quay lại văn phòng hay làm việc từ xa s,Featured + 1-3 in-article,NO — article-specific
2695,10 điều không nên nói trong một cuộc gọi chăm sóc khách hàng,HUB-05,EDITORIAL_ILLUSTRATION_REQUIRED,Original brand illustration of the operational situation described,16:9,1600x900,NEW original illustration,None — no real data depicted,Minh họa customer service và customer experience — 10 điều không nên nói trong một cuộc gọi chăm sóc khách hàng,Featured + 1-3 in-article,NO — article-specific
2738,Tại sao phàn nàn của khách hàng lại có ích cho doanh nghiệp của bạn?,HUB-11,EDITORIAL_ILLUSTRATION_REQUIRED,Original brand illustration of the operational situation described,16:9,1600x900,NEW original illustration,None — no real data depicted,Minh họa vận hành doanh nghiệp — Tại sao phàn nàn của khách hàng lại có ích cho doanh nghiệp ,Featured + 1-3 in-article,NO — article-specific
2752,Khách hàng tự phục vụ và ví dụ về các cổng thông tin tự phục vụ tốt nhất,HUB-05,EDITORIAL_ILLUSTRATION_REQUIRED,Original brand illustration of the operational situation described,16:9,1600x900,NEW original illustration,None — no real data depicted,Minh họa customer service và customer experience — Khách hàng tự phục vụ và ví dụ về các cổng thông tin tự phục,Featured + 1-3 in-article,NO — article-specific
2761,Làm thế nào để kết nối 2 bộ phận bán hàng và dịch vụ khách hàng?,HUB-04,EDITORIAL_ILLUSTRATION_REQUIRED,Original brand illustration of the operational situation described,16:9,1600x900,NEW original illustration,None — no real data depicted,Minh họa telesales và sales operations — Làm thế nào để kết nối 2 bộ phận bán hàng và dịch vụ khách h,Featured + 1-3 in-article,NO — article-specific
2768,Call Center: Điểm khác biệt giữa On-Premises và Cloud Call Center (Phần 1),HUB-01,CUSTOM_DIAGRAM_REQUIRED,Purpose-drawn diagram of the flow or architecture described in the article,16:9,1600x900,NEW inline SVG / design tool,None — no real data depicted,Minh họa tổng đài và call center — Call Center: Điểm khác biệt giữa On-Premises và Cloud Call C,Featured + 1-3 in-article,YES within hub
2784,18 lợi ích mà giải pháp tích hợp điện thoại máy tính đem đến cho Call Center,HUB-01,CUSTOM_DIAGRAM_REQUIRED,Purpose-drawn diagram of the flow or architecture described in the article,16:9,1600x900,NEW inline SVG / design tool,None — no real data depicted,Minh họa tổng đài và call center — 18 lợi ích mà giải pháp tích hợp điện thoại máy tính đem đến,Featured + 1-3 in-article,YES within hub
2811,Call Center: Điểm khác biệt giữa On-Premises và Cloud Call Center (Phần cuối),HUB-01,CUSTOM_DIAGRAM_REQUIRED,Purpose-drawn diagram of the flow or architecture described in the article,16:9,1600x900,NEW inline SVG / design tool,None — no real data depicted,Minh họa tổng đài và call center — Call Center: Điểm khác biệt giữa On-Premises và Cloud Call C,Featured + 1-3 in-article,YES within hub
2819,"Ưu, nhược điểm của phần mềm quản lý quan hệ khách hàng Zoho CRM",HUB-03,CUSTOM_DIAGRAM_REQUIRED,Purpose-drawn diagram of the flow or architecture described in the article,16:9,1600x900,NEW inline SVG / design tool,None — no real data depicted,"Minh họa crm, helpdesk và tích hợp — Ưu, nhược điểm của phần mềm quản lý quan hệ khách hàng Zoho ",Featured + 1-3 in-article,YES within hub
2835,Liệu Salesforce có phải là phần mềm CRM tốt nhất trên thị trường?,HUB-03,CUSTOM_DIAGRAM_REQUIRED,Purpose-drawn diagram of the flow or architecture described in the article,16:9,1600x900,NEW inline SVG / design tool,None — no real data depicted,"Minh họa crm, helpdesk và tích hợp — Liệu Salesforce có phải là phần mềm CRM tốt nhất trên thị tr",Featured + 1-3 in-article,YES within hub
2850,Ưu và nhược điểm của Zendesk: Đâu là phần mềm help desk tốt nhất?,HUB-03,CUSTOM_DIAGRAM_REQUIRED,Purpose-drawn diagram of the flow or architecture described in the article,16:9,1600x900,NEW inline SVG / design tool,None — no real data depicted,"Minh họa crm, helpdesk và tích hợp — Ưu và nhược điểm của Zendesk: Đâu là phần mềm help desk tốt ",Featured + 1-3 in-article,YES within hub
2864,Phần mềm Pancake POS: Tính năng và những ưu nhược điểm cần biết,HUB-03,CUSTOM_DIAGRAM_REQUIRED,Purpose-drawn diagram of the flow or architecture described in the article,16:9,1600x900,NEW inline SVG / design tool,None — no real data depicted,"Minh họa crm, helpdesk và tích hợp — Phần mềm Pancake POS: Tính năng và những ưu nhược điểm cần b",Featured + 1-3 in-article,YES within hub
2883,Sapo POS là gì? Phần mềm Sapo POS có tốt không?,HUB-03,CUSTOM_DIAGRAM_REQUIRED,Purpose-drawn diagram of the flow or architecture described in the article,16:9,1600x900,NEW inline SVG / design tool,None — no real data depicted,"Minh họa crm, helpdesk và tích hợp — Sapo POS là gì? Phần mềm Sapo POS có tốt không?",Featured + 1-3 in-article,YES within hub
2920,36 mẹo telesales để bán hàng thành công năm 2021 (PHẦN 1),HUB-04,EDITORIAL_ILLUSTRATION_REQUIRED,Original brand illustration of the operational situation described,16:9,1600x900,NEW original illustration,None — no real data depicted,Minh họa telesales và sales operations — 36 mẹo telesales để bán hàng thành công năm 2021 (PHẦN 1),Featured + 1-3 in-article,NO — article-specific
2930,36 Mẹo telesales để bán hàng thành công năm 2021 (PHẦN CUỐI),HUB-04,EDITORIAL_ILLUSTRATION_REQUIRED,Original brand illustration of the operational situation described,16:9,1600x900,NEW original illustration,None — no real data depicted,Minh họa telesales và sales operations — 36 Mẹo telesales để bán hàng thành công năm 2021 (PHẦN CUỐI),Featured + 1-3 in-article,NO — article-specific
2958,Bán hàng qua điện thoại: Làm gì nếu khách hàng nói không có thời gian?,HUB-04,EDITORIAL_ILLUSTRATION_REQUIRED,Original brand illustration of the operational situation described,16:9,1600x900,NEW original illustration,None — no real data depicted,Minh họa telesales và sales operations — Bán hàng qua điện thoại: Làm gì nếu khách hàng nói không có ,Featured + 1-3 in-article,NO — article-specific
10727,9 quy tắc giao tiếp qua điện thoại với khách hàng mà tổng đài viên cần biết,HUB-01,CUSTOM_DIAGRAM_REQUIRED,Purpose-drawn diagram of the flow or architecture described in the article,16:9,1600x900,NEW inline SVG / design tool,None — no real data depicted,Minh họa tổng đài và call center — 9 quy tắc giao tiếp qua điện thoại với khách hàng mà tổng đà,Featured + 1-3 in-article,YES within hub
10728,Dịch vụ khách hàng chủ động: Chiến lược và giá trị đối với doanh nghiệp,HUB-11,EDITORIAL_ILLUSTRATION_REQUIRED,Original brand illustration of the operational situation described,16:9,1600x900,NEW original illustration,None — no real data depicted,Minh họa vận hành doanh nghiệp — Dịch vụ khách hàng chủ động: Chiến lược và giá trị đối với d,Featured + 1-3 in-article,NO — article-specific
10729,Làm gì để tạo cuộc khảo sát về mức độ hài lòng của khách hàng hiệu quả?,HUB-05,EDITORIAL_ILLUSTRATION_REQUIRED,Original brand illustration of the operational situation described,16:9,1600x900,NEW original illustration,None — no real data depicted,Minh họa customer service và customer experience — Làm gì để tạo cuộc khảo sát về mức độ hài lòng của khách hàn,Featured + 1-3 in-article,NO — article-specific
10730,Hướng dẫn các bước xử lý tình huống khách hàng phàn nàn,HUB-04,EDITORIAL_ILLUSTRATION_REQUIRED,Original brand illustration of the operational situation described,16:9,1600x900,NEW original illustration,None — no real data depicted,Minh họa telesales và sales operations — Hướng dẫn các bước xử lý tình huống khách hàng phàn nàn,Featured + 1-3 in-article,NO — article-specific
10731,Khách hàng tự phục vụ và các ví dụ về loại hình trang web self-service,HUB-05,EDITORIAL_ILLUSTRATION_REQUIRED,Original brand illustration of the operational situation described,16:9,1600x900,NEW original illustration,None — no real data depicted,Minh họa customer service và customer experience — Khách hàng tự phục vụ và các ví dụ về loại hình trang web se,Featured + 1-3 in-article,NO — article-specific
10733,Cuộc gọi tiếp thị qua điện thoại là gì và cách thực hiện cuộc gọi hiệu quả?,HUB-04,EDITORIAL_ILLUSTRATION_REQUIRED,Original brand illustration of the operational situation described,16:9,1600x900,NEW original illustration,None — no real data depicted,Minh họa telesales và sales operations — Cuộc gọi tiếp thị qua điện thoại là gì và cách thực hiện cuộ,Featured + 1-3 in-article,NO — article-specific
10734,Cách tiếp thị qua điện thoại hiệu quả xử lý 3 lời từ chối cuộc gọi chào hàng,HUB-04,EDITORIAL_ILLUSTRATION_REQUIRED,Original brand illustration of the operational situation described,16:9,1600x900,NEW original illustration,None — no real data depicted,Minh họa telesales và sales operations — Cách tiếp thị qua điện thoại hiệu quả xử lý 3 lời từ chối cu,Featured + 1-3 in-article,NO — article-specific
10740,Bộ câu hỏi phỏng vấn chuyên viên Telemarketing và Telesales,HUB-04,EDITORIAL_ILLUSTRATION_REQUIRED,Original brand illustration of the operational situation described,16:9,1600x900,NEW original illustration,None — no real data depicted,Minh họa telesales và sales operations — Bộ câu hỏi phỏng vấn chuyên viên Telemarketing và Telesales,Featured + 1-3 in-article,NO — article-specific
10741,8 lời khuyên dành cho nhà quản lý Call Center,HUB-01,CUSTOM_DIAGRAM_REQUIRED,Purpose-drawn diagram of the flow or architecture described in the article,16:9,1600x900,NEW inline SVG / design tool,None — no real data depicted,Minh họa tổng đài và call center — 8 lời khuyên dành cho nhà quản lý Call Center,Featured + 1-3 in-article,YES within hub
10742,Quyết toán thuế TNCN - Doanh nghiệp và người lao động cần biết,HUB-11,EDITORIAL_ILLUSTRATION_REQUIRED,Original brand illustration of the operational situation described,16:9,1600x900,NEW original illustration,None — no real data depicted,Minh họa vận hành doanh nghiệp — Quyết toán thuế TNCN - Doanh nghiệp và người lao động cần bi,Featured + 1-3 in-article,NO — article-specific
10743,Hướng dẫn nhân viên tư vấn bán hàng cách xử lý khách hàng nóng tính,HUB-04,EDITORIAL_ILLUSTRATION_REQUIRED,Original brand illustration of the operational situation described,16:9,1600x900,NEW original illustration,None — no real data depicted,Minh họa telesales và sales operations — Hướng dẫn nhân viên tư vấn bán hàng cách xử lý khách hàng nó,Featured + 1-3 in-article,NO — article-specific
10745,Xây dựng chiến lược email follow-up giúp bán hàng hiệu quả (Phần 1),HUB-04,EDITORIAL_ILLUSTRATION_REQUIRED,Original brand illustration of the operational situation described,16:9,1600x900,NEW original illustration,None — no real data depicted,Minh họa telesales và sales operations — Xây dựng chiến lược email follow-up giúp bán hàng hiệu quả (,Featured + 1-3 in-article,NO — article-specific
10746,Xây dựng chiến lược email follow-up giúp bán hàng hiệu quả (Phần cuối),HUB-04,EDITORIAL_ILLUSTRATION_REQUIRED,Original brand illustration of the operational situation described,16:9,1600x900,NEW original illustration,None — no real data depicted,Minh họa telesales và sales operations — Xây dựng chiến lược email follow-up giúp bán hàng hiệu quả (,Featured + 1-3 in-article,NO — article-specific
10747,7 bước lập kế hoạch telesales hiệu quả,HUB-04,EDITORIAL_ILLUSTRATION_REQUIRED,Original brand illustration of the operational situation described,16:9,1600x900,NEW original illustration,None — no real data depicted,Minh họa telesales và sales operations — 7 bước lập kế hoạch telesales hiệu quả,Featured + 1-3 in-article,NO — article-specific
10748,5 điều về trải nghiệm khách hàng mà mọi nhân viên bán hàng nên biết,HUB-04,EDITORIAL_ILLUSTRATION_REQUIRED,Original brand illustration of the operational situation described,16:9,1600x900,NEW original illustration,None — no real data depicted,Minh họa telesales và sales operations — 5 điều về trải nghiệm khách hàng mà mọi nhân viên bán hàng n,Featured + 1-3 in-article,NO — article-specific
10749,EBOOK: MẪU KỊCH BẢN CHĂM SÓC KHÁCH HÀNG QUA ĐIỆN THOẠI,HUB-05,EDITORIAL_ILLUSTRATION_REQUIRED,Original brand illustration of the operational situation described,16:9,1600x900,NEW original illustration,None — no real data depicted,Minh họa customer service và customer experience — EBOOK: MẪU KỊCH BẢN CHĂM SÓC KHÁCH HÀNG QUA ĐIỆN THOẠI,Featured + 1-3 in-article,NO — article-specific
10750,Cách bán hàng hiệu quả bằng giọng nói,HUB-04,EDITORIAL_ILLUSTRATION_REQUIRED,Original brand illustration of the operational situation described,16:9,1600x900,NEW original illustration,None — no real data depicted,Minh họa telesales và sales operations — Cách bán hàng hiệu quả bằng giọng nói,Featured + 1-3 in-article,NO — article-specific
10751,5 bước để thiết kế một kịch bản bán hàng thành công,HUB-04,EDITORIAL_ILLUSTRATION_REQUIRED,Original brand illustration of the operational situation described,16:9,1600x900,NEW original illustration,None — no real data depicted,Minh họa telesales và sales operations — 5 bước để thiết kế một kịch bản bán hàng thành công,Featured + 1-3 in-article,NO — article-specific
10752,Đừng báo giá giải pháp trước khi truyền tải được giá trị đến khách hàng,HUB-04,EDITORIAL_ILLUSTRATION_REQUIRED,Original brand illustration of the operational situation described,16:9,1600x900,NEW original illustration,None — no real data depicted,Minh họa telesales và sales operations — Đừng báo giá giải pháp trước khi truyền tải được giá trị đến,Featured + 1-3 in-article,NO — article-specific
10753,Mẫu bảng đánh giá nhân viên bán hàng mới nhất,HUB-04,EDITORIAL_ILLUSTRATION_REQUIRED,Original brand illustration of the operational situation described,16:9,1600x900,NEW original illustration,None — no real data depicted,Minh họa telesales và sales operations — Mẫu bảng đánh giá nhân viên bán hàng mới nhất,Featured + 1-3 in-article,NO — article-specific
10754,Cuộc họp đánh giá bán hàng hàng năm: 8 bước để thực hiện hiệu quả,HUB-04,EDITORIAL_ILLUSTRATION_REQUIRED,Original brand illustration of the operational situation described,16:9,1600x900,NEW original illustration,None — no real data depicted,Minh họa telesales và sales operations — Cuộc họp đánh giá bán hàng hàng năm: 8 bước để thực hiện hiệ,Featured + 1-3 in-article,NO — article-specific
10756,Sales: Telesales và Telemarketing,HUB-04,EDITORIAL_ILLUSTRATION_REQUIRED,Original brand illustration of the operational situation described,16:9,1600x900,NEW original illustration,None — no real data depicted,Minh họa telesales và sales operations — Sales: Telesales và Telemarketing,Featured + 1-3 in-article,NO — article-specific
12281,SMS Marketing Là Gì? Vì Sao Bạn Nên Dùng SMS Marketing?,HUB-11,EDITORIAL_ILLUSTRATION_REQUIRED,Original brand illustration of the operational situation described,16:9,1600x900,NEW original illustration,None — no real data depicted,Minh họa vận hành doanh nghiệp — SMS Marketing Là Gì? Vì Sao Bạn Nên Dùng SMS Marketing?,Featured + 1-3 in-article,NO — article-specific
12293,Phần Mềm SMS Marketing Và Những Điều Cần Biết,HUB-11,EDITORIAL_ILLUSTRATION_REQUIRED,Original brand illustration of the operational situation described,16:9,1600x900,NEW original illustration,None — no real data depicted,Minh họa vận hành doanh nghiệp — Phần Mềm SMS Marketing Và Những Điều Cần Biết,Featured + 1-3 in-article,NO — article-specific
12309,Dịch Vụ Tin Nhắn SMS Brandname Là Gì?,HUB-11,EDITORIAL_ILLUSTRATION_REQUIRED,Original brand illustration of the operational situation described,16:9,1600x900,NEW original illustration,None — no real data depicted,Minh họa vận hành doanh nghiệp — Dịch Vụ Tin Nhắn SMS Brandname Là Gì?,Featured + 1-3 in-article,NO — article-specific
12326,"Sms Brandname Là Gì, Gồm Mấy Loại Và Có Lợi Ích Gì Cho Doanh Nghiệp?",HUB-11,EDITORIAL_ILLUSTRATION_REQUIRED,Original brand illustration of the operational situation described,16:9,1600x900,NEW original illustration,None — no real data depicted,"Minh họa vận hành doanh nghiệp — Sms Brandname Là Gì, Gồm Mấy Loại Và Có Lợi Ích Gì Cho Doanh",Featured + 1-3 in-article,NO — article-specific
12590,Phần Mềm SMS Brandname Nào Tốt Nhất?,HUB-11,EDITORIAL_ILLUSTRATION_REQUIRED,Original brand illustration of the operational situation described,16:9,1600x900,NEW original illustration,None — no real data depicted,Minh họa vận hành doanh nghiệp — Phần Mềm SMS Brandname Nào Tốt Nhất?,Featured + 1-3 in-article,NO — article-specific
12599,SMS Marketing Giá Rẻ - Báo Giá Nhanh - Hiệu Quả Hàng Đầu,HUB-11,EDITORIAL_ILLUSTRATION_REQUIRED,Original brand illustration of the operational situation described,16:9,1600x900,NEW original illustration,None — no real data depicted,Minh họa vận hành doanh nghiệp — SMS Marketing Giá Rẻ - Báo Giá Nhanh - Hiệu Quả Hàng Đầu,Featured + 1-3 in-article,NO — article-specific
12625,"SMS Brandname Giá Rẻ, Uy Tín Tại Gcalls",HUB-11,EDITORIAL_ILLUSTRATION_REQUIRED,Original brand illustration of the operational situation described,16:9,1600x900,NEW original illustration,None — no real data depicted,"Minh họa vận hành doanh nghiệp — SMS Brandname Giá Rẻ, Uy Tín Tại Gcalls",Featured + 1-3 in-article,NO — article-specific
12686,Học Ngay 5 Kinh Nghiệm Bán Hàng Trên Shopee Cực Hiệu Quả 2022,HUB-04,EDITORIAL_ILLUSTRATION_REQUIRED,Original brand illustration of the operational situation described,16:9,1600x900,NEW original illustration,None — no real data depicted,Minh họa telesales và sales operations — Học Ngay 5 Kinh Nghiệm Bán Hàng Trên Shopee Cực Hiệu Quả 202,Featured + 1-3 in-article,NO — article-specific
12751,"Kinh Nghiệm Kinh Doanh Shopee, Bán Hàng Online Hiệu Quả",HUB-04,EDITORIAL_ILLUSTRATION_REQUIRED,Original brand illustration of the operational situation described,16:9,1600x900,NEW original illustration,None — no real data depicted,"Minh họa telesales và sales operations — Kinh Nghiệm Kinh Doanh Shopee, Bán Hàng Online Hiệu Quả",Featured + 1-3 in-article,NO — article-specific
12770,Shopee Template Và Cách Thiết Kế Chi Tiết Trên Canva,HUB-08,CUSTOM_DIAGRAM_REQUIRED,Purpose-drawn diagram of the flow or architecture described in the article,16:9,1600x900,NEW inline SVG / design tool,None — no real data depicted,"Minh họa voicebot, ai và tự động hóa — Shopee Template Và Cách Thiết Kế Chi Tiết Trên Canva",Featured + 1-3 in-article,YES within hub
12797,Khóa Học Bán Hàng Trên Shopee Nào Hiệu Quả Nhất,HUB-04,EDITORIAL_ILLUSTRATION_REQUIRED,Original brand illustration of the operational situation described,16:9,1600x900,NEW original illustration,None — no real data depicted,Minh họa telesales và sales operations — Khóa Học Bán Hàng Trên Shopee Nào Hiệu Quả Nhất,Featured + 1-3 in-article,NO — article-specific
12991,Kinh Nghiệm Bán Hàng Trên Lazada Cho Người Mới Bắt Đầu,HUB-04,EDITORIAL_ILLUSTRATION_REQUIRED,Original brand illustration of the operational situation described,16:9,1600x900,NEW original illustration,None — no real data depicted,Minh họa telesales và sales operations — Kinh Nghiệm Bán Hàng Trên Lazada Cho Người Mới Bắt Đầu,Featured + 1-3 in-article,NO — article-specific
13012,Kinh Nghiệm Kinh Doanh Lazada Dành Cho Người Mới Bắt Đầu,HUB-04,EDITORIAL_ILLUSTRATION_REQUIRED,Original brand illustration of the operational situation described,16:9,1600x900,NEW original illustration,None — no real data depicted,Minh họa telesales và sales operations — Kinh Nghiệm Kinh Doanh Lazada Dành Cho Người Mới Bắt Đầu,Featured + 1-3 in-article,NO — article-specific
13020,Khóa Học Kinh Doanh Shopee Hiệu Quả Trong Top 3,HUB-04,EDITORIAL_ILLUSTRATION_REQUIRED,Original brand illustration of the operational situation described,16:9,1600x900,NEW original illustration,None — no real data depicted,Minh họa telesales và sales operations — Khóa Học Kinh Doanh Shopee Hiệu Quả Trong Top 3,Featured + 1-3 in-article,NO — article-specific
13047,Cách Tối Ưu Sản Phẩm Trên Shopee Hiệu Quả Nhất,HUB-04,EDITORIAL_ILLUSTRATION_REQUIRED,Original brand illustration of the operational situation described,16:9,1600x900,NEW original illustration,None — no real data depicted,Minh họa telesales và sales operations — Cách Tối Ưu Sản Phẩm Trên Shopee Hiệu Quả Nhất,Featured + 1-3 in-article,NO — article-specific
13094,Tối Ưu Quảng Cáo Lazada Hiệu Quả Và Chuyên Nghiệp,HUB-04,EDITORIAL_ILLUSTRATION_REQUIRED,Original brand illustration of the operational situation described,16:9,1600x900,NEW original illustration,None — no real data depicted,Minh họa telesales và sales operations — Tối Ưu Quảng Cáo Lazada Hiệu Quả Và Chuyên Nghiệp,Featured + 1-3 in-article,NO — article-specific
13167,Cách Tối Ưu Sản Phẩm Trên Lazada,HUB-04,EDITORIAL_ILLUSTRATION_REQUIRED,Original brand illustration of the operational situation described,16:9,1600x900,NEW original illustration,None — no real data depicted,Minh họa telesales và sales operations — Cách Tối Ưu Sản Phẩm Trên Lazada,Featured + 1-3 in-article,NO — article-specific
13208,Dịch Vụ Call Center Là Gì? Công Ty Cung Cấp Uy Tín Nhất,HUB-01,CUSTOM_DIAGRAM_REQUIRED,Purpose-drawn diagram of the flow or architecture described in the article,16:9,1600x900,NEW inline SVG / design tool,None — no real data depicted,Minh họa tổng đài và call center — Dịch Vụ Call Center Là Gì? Công Ty Cung Cấp Uy Tín Nhất,Featured + 1-3 in-article,YES within hub
13242,Tổng Đài Ảo Miễn Phí Là Gì? Top 5+ Tổng Đài Ảo Miễn Phí CRM,HUB-01,CUSTOM_DIAGRAM_REQUIRED,Purpose-drawn diagram of the flow or architecture described in the article,16:9,1600x900,NEW inline SVG / design tool,None — no real data depicted,Minh họa tổng đài và call center — Tổng Đài Ảo Miễn Phí Là Gì? Top 5+ Tổng Đài Ảo Miễn Phí CRM,Featured + 1-3 in-article,YES within hub
13286,Tổng Đài Ảo Là Gì? Lợi Ích Hàng Đầu Dành Cho Doanh Nghiệp,HUB-01,CUSTOM_DIAGRAM_REQUIRED,Purpose-drawn diagram of the flow or architecture described in the article,16:9,1600x900,NEW inline SVG / design tool,None — no real data depicted,Minh họa tổng đài và call center — Tổng Đài Ảo Là Gì? Lợi Ích Hàng Đầu Dành Cho Doanh Nghiệp,Featured + 1-3 in-article,YES within hub
13378,Giải Pháp Tổng Đài Chăm Sóc Khách Hàng: Bỏ Vốn 1 Một Lời 10,HUB-01,CUSTOM_DIAGRAM_REQUIRED,Purpose-drawn diagram of the flow or architecture described in the article,16:9,1600x900,NEW inline SVG / design tool,None — no real data depicted,Minh họa tổng đài và call center — Giải Pháp Tổng Đài Chăm Sóc Khách Hàng: Bỏ Vốn 1 Một Lời 10,Featured + 1-3 in-article,YES within hub
13388,Tổng Đài Nội Bộ Ảo Khác Tổng Đài Ảo Điểm Nào?,HUB-01,CUSTOM_DIAGRAM_REQUIRED,Purpose-drawn diagram of the flow or architecture described in the article,16:9,1600x900,NEW inline SVG / design tool,None — no real data depicted,Minh họa tổng đài và call center — Tổng Đài Nội Bộ Ảo Khác Tổng Đài Ảo Điểm Nào?,Featured + 1-3 in-article,YES within hub
13409,Giải Pháp Tổng Đài Hỗ Trợ - Ưu Nhược Điểm,HUB-01,CUSTOM_DIAGRAM_REQUIRED,Purpose-drawn diagram of the flow or architecture described in the article,16:9,1600x900,NEW inline SVG / design tool,None — no real data depicted,Minh họa tổng đài và call center — Giải Pháp Tổng Đài Hỗ Trợ - Ưu Nhược Điểm,Featured + 1-3 in-article,YES within hub
13426,Lắp Đặt Tổng Đài Ảo Có Lợi Ích Gì?,HUB-01,CUSTOM_DIAGRAM_REQUIRED,Purpose-drawn diagram of the flow or architecture described in the article,16:9,1600x900,NEW inline SVG / design tool,None — no real data depicted,Minh họa tổng đài và call center — Lắp Đặt Tổng Đài Ảo Có Lợi Ích Gì?,Featured + 1-3 in-article,YES within hub
13427,Giải Pháp Tổng Đài Ảo Không Dây Có Gì Tốt?,HUB-01,CUSTOM_DIAGRAM_REQUIRED,Purpose-drawn diagram of the flow or architecture described in the article,16:9,1600x900,NEW inline SVG / design tool,None — no real data depicted,Minh họa tổng đài và call center — Giải Pháp Tổng Đài Ảo Không Dây Có Gì Tốt?,Featured + 1-3 in-article,YES within hub
13483,Tổng Đài Công Nghệ Là Gì? Có Nên Đầu Tư Vào Tổng Đài Ảo?,HUB-01,CUSTOM_DIAGRAM_REQUIRED,Purpose-drawn diagram of the flow or architecture described in the article,16:9,1600x900,NEW inline SVG / design tool,None — no real data depicted,Minh họa tổng đài và call center — Tổng Đài Công Nghệ Là Gì? Có Nên Đầu Tư Vào Tổng Đài Ảo?,Featured + 1-3 in-article,YES within hub
13899,Top 4 Kỹ Năng Chăm Sóc Khách Hàng Qua Điện Thoại,HUB-05,EDITORIAL_ILLUSTRATION_REQUIRED,Original brand illustration of the operational situation described,16:9,1600x900,NEW original illustration,None — no real data depicted,Minh họa customer service và customer experience — Top 4 Kỹ Năng Chăm Sóc Khách Hàng Qua Điện Thoại,Featured + 1-3 in-article,NO — article-specific
14292,Marketing Automation Là Gì? Những Thông Tin Cần Biết,HUB-08,CUSTOM_DIAGRAM_REQUIRED,Purpose-drawn diagram of the flow or architecture described in the article,16:9,1600x900,NEW inline SVG / design tool,None — no real data depicted,"Minh họa voicebot, ai và tự động hóa — Marketing Automation Là Gì? Những Thông Tin Cần Biết",Featured + 1-3 in-article,YES within hub
14415,Kế Hoạch Chăm Sóc Khách Hàng Cũ Hiệu Quả Nhất,HUB-05,EDITORIAL_ILLUSTRATION_REQUIRED,Original brand illustration of the operational situation described,16:9,1600x900,NEW original illustration,None — no real data depicted,Minh họa customer service và customer experience — Kế Hoạch Chăm Sóc Khách Hàng Cũ Hiệu Quả Nhất,Featured + 1-3 in-article,NO — article-specific
14462,Hotline Là Gì? Có Những Loại Đầu Số Hotline Nào Hiện Nay?,HUB-01,CUSTOM_DIAGRAM_REQUIRED,Purpose-drawn diagram of the flow or architecture described in the article,16:9,1600x900,NEW inline SVG / design tool,None — no real data depicted,Minh họa tổng đài và call center — Hotline Là Gì? Có Những Loại Đầu Số Hotline Nào Hiện Nay?,Featured + 1-3 in-article,YES within hub
14502,IVR Là Gì? Và Những Điều Cần Biết Về IVR,HUB-01,CUSTOM_DIAGRAM_REQUIRED,Purpose-drawn diagram of the flow or architecture described in the article,16:9,1600x900,NEW inline SVG / design tool,None — no real data depicted,Minh họa tổng đài và call center — IVR Là Gì? Và Những Điều Cần Biết Về IVR,Featured + 1-3 in-article,YES within hub
14506,Quy Trình Chăm Sóc Khách Hàng Sau Bán Hàng,HUB-04,EDITORIAL_ILLUSTRATION_REQUIRED,Original brand illustration of the operational situation described,16:9,1600x900,NEW original illustration,None — no real data depicted,Minh họa telesales và sales operations — Quy Trình Chăm Sóc Khách Hàng Sau Bán Hàng,Featured + 1-3 in-article,NO — article-specific
14522,ACD Là Gì? Ứng Dụng Thực Tế Của ACD Vào Call Center,HUB-01,CUSTOM_DIAGRAM_REQUIRED,Purpose-drawn diagram of the flow or architecture described in the article,16:9,1600x900,NEW inline SVG / design tool,None — no real data depicted,Minh họa tổng đài và call center — ACD Là Gì? Ứng Dụng Thực Tế Của ACD Vào Call Center,Featured + 1-3 in-article,YES within hub
14536,Dịch Vụ Tổng Đài Ảo - 13 Tính Năng Nổi Bật,HUB-01,CUSTOM_DIAGRAM_REQUIRED,Purpose-drawn diagram of the flow or architecture described in the article,16:9,1600x900,NEW inline SVG / design tool,None — no real data depicted,Minh họa tổng đài và call center — Dịch Vụ Tổng Đài Ảo - 13 Tính Năng Nổi Bật,Featured + 1-3 in-article,YES within hub
14539,SIP Trunk Là Gì? Lợi Ích Dịch Vụ Này Mang Đến Như Thế Nào?,HUB-11,EDITORIAL_ILLUSTRATION_REQUIRED,Original brand illustration of the operational situation described,16:9,1600x900,NEW original illustration,None — no real data depicted,Minh họa vận hành doanh nghiệp — SIP Trunk Là Gì? Lợi Ích Dịch Vụ Này Mang Đến Như Thế Nào?,Featured + 1-3 in-article,NO — article-specific
14560,Số Tổng Đài 1800 Là Gì? Hướng Dẫn Đăng Ký Đầu Số 1800 Đơn Giản,HUB-01,CUSTOM_DIAGRAM_REQUIRED,Purpose-drawn diagram of the flow or architecture described in the article,16:9,1600x900,NEW inline SVG / design tool,None — no real data depicted,Minh họa tổng đài và call center — Số Tổng Đài 1800 Là Gì? Hướng Dẫn Đăng Ký Đầu Số 1800 Đơn Gi,Featured + 1-3 in-article,YES within hub
14568,Giải Đáp Thông Tin Về VoIP Và Ứng Dụng Thực Tế,HUB-01,CUSTOM_DIAGRAM_REQUIRED,Purpose-drawn diagram of the flow or architecture described in the article,16:9,1600x900,NEW inline SVG / design tool,None — no real data depicted,Minh họa tổng đài và call center — Giải Đáp Thông Tin Về VoIP Và Ứng Dụng Thực Tế,Featured + 1-3 in-article,YES within hub
14607,Mẫu Lời Chào Tổng Đài Điện Thoại Phổ Biến Hiện Nay,HUB-01,CUSTOM_DIAGRAM_REQUIRED,Purpose-drawn diagram of the flow or architecture described in the article,16:9,1600x900,NEW inline SVG / design tool,None — no real data depicted,Minh họa tổng đài và call center — Mẫu Lời Chào Tổng Đài Điện Thoại Phổ Biến Hiện Nay,Featured + 1-3 in-article,YES within hub
14614,Service Level Agreement Là Gì? Từ A - Z Thông Tin Về SLA,HUB-11,EDITORIAL_ILLUSTRATION_REQUIRED,Original brand illustration of the operational situation described,16:9,1600x900,NEW original illustration,None — no real data depicted,Minh họa vận hành doanh nghiệp — Service Level Agreement Là Gì? Từ A - Z Thông Tin Về SLA,Featured + 1-3 in-article,NO — article-specific
14787,Cách Xử Lý Các Tình Huống Chăm Sóc Khách Hàng,HUB-04,EDITORIAL_ILLUSTRATION_REQUIRED,Original brand illustration of the operational situation described,16:9,1600x900,NEW original illustration,None — no real data depicted,Minh họa telesales và sales operations — Cách Xử Lý Các Tình Huống Chăm Sóc Khách Hàng,Featured + 1-3 in-article,NO — article-specific
14797,Tin Nhắn Chăm Sóc Khách Hàng Cũ Hiệu Quả Nhất,HUB-05,EDITORIAL_ILLUSTRATION_REQUIRED,Original brand illustration of the operational situation described,16:9,1600x900,NEW original illustration,None — no real data depicted,Minh họa customer service và customer experience — Tin Nhắn Chăm Sóc Khách Hàng Cũ Hiệu Quả Nhất,Featured + 1-3 in-article,NO — article-specific
14870,On Premise Là Gì Và Đây Có Phải Là Giải Pháp Tốt Nhất?,HUB-11,EDITORIAL_ILLUSTRATION_REQUIRED,Original brand illustration of the operational situation described,16:9,1600x900,NEW original illustration,None — no real data depicted,Minh họa vận hành doanh nghiệp — On Premise Là Gì Và Đây Có Phải Là Giải Pháp Tốt Nhất?,Featured + 1-3 in-article,NO — article-specific
14890,Hệ Thống Tổng Đài Điện Thoại Chuẩn Là Như Thế Nào?,HUB-01,CUSTOM_DIAGRAM_REQUIRED,Purpose-drawn diagram of the flow or architecture described in the article,16:9,1600x900,NEW inline SVG / design tool,None — no real data depicted,Minh họa tổng đài và call center — Hệ Thống Tổng Đài Điện Thoại Chuẩn Là Như Thế Nào?,Featured + 1-3 in-article,YES within hub
14902,Dịch Vụ Chăm Sóc Khách Hàng Là Gì?,HUB-05,EDITORIAL_ILLUSTRATION_REQUIRED,Original brand illustration of the operational situation described,16:9,1600x900,NEW original illustration,None — no real data depicted,Minh họa customer service và customer experience — Dịch Vụ Chăm Sóc Khách Hàng Là Gì?,Featured + 1-3 in-article,NO — article-specific
15008,Tổng Đài IP Và Những Khác Biệt So Với Tổng Đài Analog,HUB-01,CUSTOM_DIAGRAM_REQUIRED,Purpose-drawn diagram of the flow or architecture described in the article,16:9,1600x900,NEW inline SVG / design tool,None — no real data depicted,Minh họa tổng đài và call center — Tổng Đài IP Và Những Khác Biệt So Với Tổng Đài Analog,Featured + 1-3 in-article,YES within hub
15049,Kịch Bản Tư Vấn Khách Hàng Spa Là Gì?,HUB-05,EDITORIAL_ILLUSTRATION_REQUIRED,Original brand illustration of the operational situation described,16:9,1600x900,NEW original illustration,None — no real data depicted,Minh họa customer service và customer experience — Kịch Bản Tư Vấn Khách Hàng Spa Là Gì?,Featured + 1-3 in-article,NO — article-specific
15195,Customer Lifetime Value Là Gì? Vai Trò Và Cách Tính,HUB-11,EDITORIAL_ILLUSTRATION_REQUIRED,Original brand illustration of the operational situation described,16:9,1600x900,NEW original illustration,None — no real data depicted,Minh họa vận hành doanh nghiệp — Customer Lifetime Value Là Gì? Vai Trò Và Cách Tính,Featured + 1-3 in-article,NO — article-specific
15207,5 Lý Do Nên Chọn Dịch Vụ Chăm Sóc Khách Hàng Viettel,HUB-05,EDITORIAL_ILLUSTRATION_REQUIRED,Original brand illustration of the operational situation described,16:9,1600x900,NEW original illustration,None — no real data depicted,Minh họa customer service và customer experience — 5 Lý Do Nên Chọn Dịch Vụ Chăm Sóc Khách Hàng Viettel,Featured + 1-3 in-article,NO — article-specific
15217,Phần Mềm Quản Lý Bán Hàng Đa Kênh Là Gì? Có Nên Sử Dụng?,HUB-04,EDITORIAL_ILLUSTRATION_REQUIRED,Original brand illustration of the operational situation described,16:9,1600x900,NEW original illustration,None — no real data depicted,Minh họa telesales và sales operations — Phần Mềm Quản Lý Bán Hàng Đa Kênh Là Gì? Có Nên Sử Dụng?,Featured + 1-3 in-article,NO — article-specific
15221,Dịch Vụ Voice Brandname Là Gì Và Những Lợi Ích Hiện Đại,HUB-11,EDITORIAL_ILLUSTRATION_REQUIRED,Original brand illustration of the operational situation described,16:9,1600x900,NEW original illustration,None — no real data depicted,Minh họa vận hành doanh nghiệp — Dịch Vụ Voice Brandname Là Gì Và Những Lợi Ích Hiện Đại,Featured + 1-3 in-article,NO — article-specific
15235,Customer Success Là Gì? Những Thông Tin Cụ Thể Nhất,HUB-05,EDITORIAL_ILLUSTRATION_REQUIRED,Original brand illustration of the operational situation described,16:9,1600x900,NEW original illustration,None — no real data depicted,Minh họa customer service và customer experience — Customer Success Là Gì? Những Thông Tin Cụ Thể Nhất,Featured + 1-3 in-article,NO — article-specific
15250,Tổng Đài Contact Center Là Gì?,HUB-01,CUSTOM_DIAGRAM_REQUIRED,Purpose-drawn diagram of the flow or architecture described in the article,16:9,1600x900,NEW inline SVG / design tool,None — no real data depicted,Minh họa tổng đài và call center — Tổng Đài Contact Center Là Gì?,Featured + 1-3 in-article,YES within hub
15262,Phần Mềm Tổng Đài Ảo Là Gì?,HUB-01,CUSTOM_DIAGRAM_REQUIRED,Purpose-drawn diagram of the flow or architecture described in the article,16:9,1600x900,NEW inline SVG / design tool,None — no real data depicted,Minh họa tổng đài và call center — Phần Mềm Tổng Đài Ảo Là Gì?,Featured + 1-3 in-article,YES within hub
15281,Mua Số Tổng Đài 1900 Có Lợi Ích Gì? Nên Mua Ở Đâu Uy Tín?,HUB-01,CUSTOM_DIAGRAM_REQUIRED,Purpose-drawn diagram of the flow or architecture described in the article,16:9,1600x900,NEW inline SVG / design tool,None — no real data depicted,Minh họa tổng đài và call center — Mua Số Tổng Đài 1900 Có Lợi Ích Gì? Nên Mua Ở Đâu Uy Tín?,Featured + 1-3 in-article,YES within hub
15306,Chăm Sóc Khách Hàng Qua Điện Thoại Và Kỹ Năng Cần Thiết,HUB-05,EDITORIAL_ILLUSTRATION_REQUIRED,Original brand illustration of the operational situation described,16:9,1600x900,NEW original illustration,None — no real data depicted,Minh họa customer service và customer experience — Chăm Sóc Khách Hàng Qua Điện Thoại Và Kỹ Năng Cần Thiết,Featured + 1-3 in-article,NO — article-specific
15314,Salesforce Là Gì? Những Thông Tin Quan Trọng Nhất,HUB-03,CUSTOM_DIAGRAM_REQUIRED,Purpose-drawn diagram of the flow or architecture described in the article,16:9,1600x900,NEW inline SVG / design tool,None — no real data depicted,"Minh họa crm, helpdesk và tích hợp — Salesforce Là Gì? Những Thông Tin Quan Trọng Nhất",Featured + 1-3 in-article,YES within hub
15332,Dịch Vụ Voice Brandname Là Gì?,HUB-11,EDITORIAL_ILLUSTRATION_REQUIRED,Original brand illustration of the operational situation described,16:9,1600x900,NEW original illustration,None — no real data depicted,Minh họa vận hành doanh nghiệp — Dịch Vụ Voice Brandname Là Gì?,Featured + 1-3 in-article,NO — article-specific
15335,Phần Mềm CRM Việt Nam Là Gì?,HUB-03,CUSTOM_DIAGRAM_REQUIRED,Purpose-drawn diagram of the flow or architecture described in the article,16:9,1600x900,NEW inline SVG / design tool,None — no real data depicted,"Minh họa crm, helpdesk và tích hợp — Phần Mềm CRM Việt Nam Là Gì?",Featured + 1-3 in-article,YES within hub
15353,Cách Xây Dựng Quy Trình Bán Hàng Của Doanh Nghiệp Hiệu Quả,HUB-04,EDITORIAL_ILLUSTRATION_REQUIRED,Original brand illustration of the operational situation described,16:9,1600x900,NEW original illustration,None — no real data depicted,Minh họa telesales và sales operations — Cách Xây Dựng Quy Trình Bán Hàng Của Doanh Nghiệp Hiệu Quả,Featured + 1-3 in-article,NO — article-specific
15363,Vì Sao Chiến Lược Chăm Sóc Khách Hàng Với SalesForce Cần Thiết,HUB-03,CUSTOM_DIAGRAM_REQUIRED,Purpose-drawn diagram of the flow or architecture described in the article,16:9,1600x900,NEW inline SVG / design tool,None — no real data depicted,"Minh họa crm, helpdesk và tích hợp — Vì Sao Chiến Lược Chăm Sóc Khách Hàng Với SalesForce Cần Thi",Featured + 1-3 in-article,YES within hub
15380,So Sánh Salesforce CRM Và Các Phần Mềm Khác,HUB-03,CUSTOM_DIAGRAM_REQUIRED,Purpose-drawn diagram of the flow or architecture described in the article,16:9,1600x900,NEW inline SVG / design tool,None — no real data depicted,"Minh họa crm, helpdesk và tích hợp — So Sánh Salesforce CRM Và Các Phần Mềm Khác",Featured + 1-3 in-article,YES within hub
15384,Salesforce Marketing Cloud Là Gì? Tìm Hiểu Thông Tin Từ A-Z,HUB-03,CUSTOM_DIAGRAM_REQUIRED,Purpose-drawn diagram of the flow or architecture described in the article,16:9,1600x900,NEW inline SVG / design tool,None — no real data depicted,"Minh họa crm, helpdesk và tích hợp — Salesforce Marketing Cloud Là Gì? Tìm Hiểu Thông Tin Từ A-Z",Featured + 1-3 in-article,YES within hub
15558,8 Cách Giữ Khách Hàng Cũ Hiệu Quả,HUB-05,EDITORIAL_ILLUSTRATION_REQUIRED,Original brand illustration of the operational situation described,16:9,1600x900,NEW original illustration,None — no real data depicted,Minh họa customer service và customer experience — 8 Cách Giữ Khách Hàng Cũ Hiệu Quả,Featured + 1-3 in-article,NO — article-specific
15561,Trải Nghiệm Khách Hàng Xuất Sắc Là Gì? Cách Nâng Cấp,HUB-05,EDITORIAL_ILLUSTRATION_REQUIRED,Original brand illustration of the operational situation described,16:9,1600x900,NEW original illustration,None — no real data depicted,Minh họa customer service và customer experience — Trải Nghiệm Khách Hàng Xuất Sắc Là Gì? Cách Nâng Cấp,Featured + 1-3 in-article,NO — article-specific
15589,Câu Hỏi Chăm Sóc Khách Hàng Cũ & Kịch Bản CSKH Hiệu Quả,HUB-05,EDITORIAL_ILLUSTRATION_REQUIRED,Original brand illustration of the operational situation described,16:9,1600x900,NEW original illustration,None — no real data depicted,Minh họa customer service và customer experience — Câu Hỏi Chăm Sóc Khách Hàng Cũ & Kịch Bản CSKH Hiệu Quả,Featured + 1-3 in-article,NO — article-specific
15604,Giải Pháp Chăm Sóc Khách Hàng Nào Tối Ưu Nhất?,HUB-05,EDITORIAL_ILLUSTRATION_REQUIRED,Original brand illustration of the operational situation described,16:9,1600x900,NEW original illustration,None — no real data depicted,Minh họa customer service và customer experience — Giải Pháp Chăm Sóc Khách Hàng Nào Tối Ưu Nhất?,Featured + 1-3 in-article,NO — article-specific
15646,Top 5 Lợi Ích Của Phần Mềm Auto Answer,HUB-04,EDITORIAL_ILLUSTRATION_REQUIRED,Original brand illustration of the operational situation described,16:9,1600x900,NEW original illustration,None — no real data depicted,Minh họa telesales và sales operations — Top 5 Lợi Ích Của Phần Mềm Auto Answer,Featured + 1-3 in-article,NO — article-specific
15660,Chiến Lược Giữ Chân Khách Hàng Hiệu Quả Nhất,HUB-05,EDITORIAL_ILLUSTRATION_REQUIRED,Original brand illustration of the operational situation described,16:9,1600x900,NEW original illustration,None — no real data depicted,Minh họa customer service và customer experience — Chiến Lược Giữ Chân Khách Hàng Hiệu Quả Nhất,Featured + 1-3 in-article,NO — article-specific
15681,Tin Nhắn Chăm Sóc Khách Hàng Cũ Giúp Gia Tăng Hiệu Quả,HUB-05,EDITORIAL_ILLUSTRATION_REQUIRED,Original brand illustration of the operational situation described,16:9,1600x900,NEW original illustration,None — no real data depicted,Minh họa customer service và customer experience — Tin Nhắn Chăm Sóc Khách Hàng Cũ Giúp Gia Tăng Hiệu Quả,Featured + 1-3 in-article,NO — article-specific
15687,Quản Lý Thông Tin Khách Hàng Hiệu Quả Qua Hệ Thống Nào?,HUB-11,EDITORIAL_ILLUSTRATION_REQUIRED,Original brand illustration of the operational situation described,16:9,1600x900,NEW original illustration,None — no real data depicted,Minh họa vận hành doanh nghiệp — Quản Lý Thông Tin Khách Hàng Hiệu Quả Qua Hệ Thống Nào?,Featured + 1-3 in-article,NO — article-specific
15713,Quản Lý Cuộc Gọi Khách Hàng Có Thật Sự Dễ Dàng?,HUB-11,EDITORIAL_ILLUSTRATION_REQUIRED,Original brand illustration of the operational situation described,16:9,1600x900,NEW original illustration,None — no real data depicted,Minh họa vận hành doanh nghiệp — Quản Lý Cuộc Gọi Khách Hàng Có Thật Sự Dễ Dàng?,Featured + 1-3 in-article,NO — article-specific
15724,Bí Quyết Chăm Sóc Khách Hàng Tuyệt Đỉnh Nhất,HUB-05,EDITORIAL_ILLUSTRATION_REQUIRED,Original brand illustration of the operational situation described,16:9,1600x900,NEW original illustration,None — no real data depicted,Minh họa customer service và customer experience — Bí Quyết Chăm Sóc Khách Hàng Tuyệt Đỉnh Nhất,Featured + 1-3 in-article,NO — article-specific
15738,"Tại Sao Dịch Vụ Tổng Đài Ảo Dành Cho Startup ""Bùng Nổ"" 2023?",HUB-01,CUSTOM_DIAGRAM_REQUIRED,Purpose-drawn diagram of the flow or architecture described in the article,16:9,1600x900,NEW inline SVG / design tool,None — no real data depicted,"Minh họa tổng đài và call center — Tại Sao Dịch Vụ Tổng Đài Ảo Dành Cho Startup ""Bùng Nổ"" 2023?",Featured + 1-3 in-article,YES within hub
15743,Đồng Bộ Hóa Dữ Liệu Là Gì? Tại Sao Nên Đồng Bộ Dữ Liệu?,HUB-03,CUSTOM_DIAGRAM_REQUIRED,Purpose-drawn diagram of the flow or architecture described in the article,16:9,1600x900,NEW inline SVG / design tool,None — no real data depicted,"Minh họa crm, helpdesk và tích hợp — Đồng Bộ Hóa Dữ Liệu Là Gì? Tại Sao Nên Đồng Bộ Dữ Liệu?",Featured + 1-3 in-article,YES within hub
15765,Phần Mềm Auto Call Và Những Lợi Ích Cho Doanh Nghiệp,HUB-11,EDITORIAL_ILLUSTRATION_REQUIRED,Original brand illustration of the operational situation described,16:9,1600x900,NEW original illustration,None — no real data depicted,Minh họa vận hành doanh nghiệp — Phần Mềm Auto Call Và Những Lợi Ích Cho Doanh Nghiệp,Featured + 1-3 in-article,NO — article-specific
15775,5 Lợi Ích Của Dịch Vụ Hỗ Trợ Trực Tuyến,HUB-11,EDITORIAL_ILLUSTRATION_REQUIRED,Original brand illustration of the operational situation described,16:9,1600x900,NEW original illustration,None — no real data depicted,Minh họa vận hành doanh nghiệp — 5 Lợi Ích Của Dịch Vụ Hỗ Trợ Trực Tuyến,Featured + 1-3 in-article,NO — article-specific
15794,Hệ Thống Quản Lý Khách Hàng Và Phần Mềm Trên Điện Thoại,HUB-11,EDITORIAL_ILLUSTRATION_REQUIRED,Original brand illustration of the operational situation described,16:9,1600x900,NEW original illustration,None — no real data depicted,Minh họa vận hành doanh nghiệp — Hệ Thống Quản Lý Khách Hàng Và Phần Mềm Trên Điện Thoại,Featured + 1-3 in-article,NO — article-specific
15806,Giải Pháp Tổng Đài Ảo Cho Doanh Nghiệp Vừa Và Nhỏ,HUB-01,CUSTOM_DIAGRAM_REQUIRED,Purpose-drawn diagram of the flow or architecture described in the article,16:9,1600x900,NEW inline SVG / design tool,None — no real data depicted,Minh họa tổng đài và call center — Giải Pháp Tổng Đài Ảo Cho Doanh Nghiệp Vừa Và Nhỏ,Featured + 1-3 in-article,YES within hub
15830,Mô Hình Trải Nghiệm Khách Hàng Là Gì?,HUB-05,EDITORIAL_ILLUSTRATION_REQUIRED,Original brand illustration of the operational situation described,16:9,1600x900,NEW original illustration,None — no real data depicted,Minh họa customer service và customer experience — Mô Hình Trải Nghiệm Khách Hàng Là Gì?,Featured + 1-3 in-article,NO — article-specific
15847,Lưu Trữ Thông Tin Khách Hàng Với Top 3 Phần Mềm Tốt Nhất,HUB-11,EDITORIAL_ILLUSTRATION_REQUIRED,Original brand illustration of the operational situation described,16:9,1600x900,NEW original illustration,None — no real data depicted,Minh họa vận hành doanh nghiệp — Lưu Trữ Thông Tin Khách Hàng Với Top 3 Phần Mềm Tốt Nhất,Featured + 1-3 in-article,NO — article-specific
15859,Tổng Đài IP Và Những Điều Cần Biết Trước Khi Lắp Đặt,HUB-01,CUSTOM_DIAGRAM_REQUIRED,Purpose-drawn diagram of the flow or architecture described in the article,16:9,1600x900,NEW inline SVG / design tool,None — no real data depicted,Minh họa tổng đài và call center — Tổng Đài IP Và Những Điều Cần Biết Trước Khi Lắp Đặt,Featured + 1-3 in-article,YES within hub
15870,Nhân Viên Hỗ Trợ Khách Hàng - Chìa Khóa Thành Công Của Doanh Nghiệp,HUB-11,EDITORIAL_ILLUSTRATION_REQUIRED,Original brand illustration of the operational situation described,16:9,1600x900,NEW original illustration,None — no real data depicted,Minh họa vận hành doanh nghiệp — Nhân Viên Hỗ Trợ Khách Hàng - Chìa Khóa Thành Công Của Doanh,Featured + 1-3 in-article,NO — article-specific
15884,Dịch Vụ Tổng Đài Đám Mây Cho Start-Up,HUB-01,CUSTOM_DIAGRAM_REQUIRED,Purpose-drawn diagram of the flow or architecture described in the article,16:9,1600x900,NEW inline SVG / design tool,None — no real data depicted,Minh họa tổng đài và call center — Dịch Vụ Tổng Đài Đám Mây Cho Start-Up,Featured + 1-3 in-article,YES within hub
15904,8 Bước Bán Hàng Cơ Bản Và Hiệu Quả Cho Nhân Viên Sales,HUB-04,EDITORIAL_ILLUSTRATION_REQUIRED,Original brand illustration of the operational situation described,16:9,1600x900,NEW original illustration,None — no real data depicted,Minh họa telesales và sales operations — 8 Bước Bán Hàng Cơ Bản Và Hiệu Quả Cho Nhân Viên Sales,Featured + 1-3 in-article,NO — article-specific
15916,Cách Gọi Sale Hiệu Quả Có Thể Bạn Không Biết,HUB-04,EDITORIAL_ILLUSTRATION_REQUIRED,Original brand illustration of the operational situation described,16:9,1600x900,NEW original illustration,None — no real data depicted,Minh họa telesales và sales operations — Cách Gọi Sale Hiệu Quả Có Thể Bạn Không Biết,Featured + 1-3 in-article,NO — article-specific
15926,Cách Telesale Cho Người Mới Bắt Đầu,HUB-04,EDITORIAL_ILLUSTRATION_REQUIRED,Original brand illustration of the operational situation described,16:9,1600x900,NEW original illustration,None — no real data depicted,Minh họa telesales và sales operations — Cách Telesale Cho Người Mới Bắt Đầu,Featured + 1-3 in-article,NO — article-specific
15943,Chương Trình Chăm Sóc Khách Hàng Tối Ưu Nhất,HUB-05,EDITORIAL_ILLUSTRATION_REQUIRED,Original brand illustration of the operational situation described,16:9,1600x900,NEW original illustration,None — no real data depicted,Minh họa customer service và customer experience — Chương Trình Chăm Sóc Khách Hàng Tối Ưu Nhất,Featured + 1-3 in-article,NO — article-specific
15982,Quản Lý Quan Hệ Khách Hàng Trong Doanh Nghiệp,HUB-11,EDITORIAL_ILLUSTRATION_REQUIRED,Original brand illustration of the operational situation described,16:9,1600x900,NEW original illustration,None — no real data depicted,Minh họa vận hành doanh nghiệp — Quản Lý Quan Hệ Khách Hàng Trong Doanh Nghiệp,Featured + 1-3 in-article,NO — article-specific
15993,Phương Pháp Quản Lý Telesale Hiệu Quả,HUB-04,EDITORIAL_ILLUSTRATION_REQUIRED,Original brand illustration of the operational situation described,16:9,1600x900,NEW original illustration,None — no real data depicted,Minh họa telesales và sales operations — Phương Pháp Quản Lý Telesale Hiệu Quả,Featured + 1-3 in-article,NO — article-specific
16005,Hệ Thống Chăm Sóc Khách Hàng: Lợi Ích Và 6 Tính Năng,HUB-05,EDITORIAL_ILLUSTRATION_REQUIRED,Original brand illustration of the operational situation described,16:9,1600x900,NEW original illustration,None — no real data depicted,Minh họa customer service và customer experience — Hệ Thống Chăm Sóc Khách Hàng: Lợi Ích Và 6 Tính Năng,Featured + 1-3 in-article,NO — article-specific
16018,Đăng Ký Tổng Đài Ảo: Giải Pháp Chăm Sóc Khách Hàng Hiệu Quả,HUB-01,CUSTOM_DIAGRAM_REQUIRED,Purpose-drawn diagram of the flow or architecture described in the article,16:9,1600x900,NEW inline SVG / design tool,None — no real data depicted,Minh họa tổng đài và call center — Đăng Ký Tổng Đài Ảo: Giải Pháp Chăm Sóc Khách Hàng Hiệu Quả,Featured + 1-3 in-article,YES within hub
16022,Cách Gọi Telesale Hiệu Quả Mà Bạn Chưa Biết,HUB-04,EDITORIAL_ILLUSTRATION_REQUIRED,Original brand illustration of the operational situation described,16:9,1600x900,NEW original illustration,None — no real data depicted,Minh họa telesales và sales operations — Cách Gọi Telesale Hiệu Quả Mà Bạn Chưa Biết,Featured + 1-3 in-article,NO — article-specific
16035,8 Cách Nâng Cao Trải Nghiệm Dịch Vụ Khách Hàng,HUB-05,EDITORIAL_ILLUSTRATION_REQUIRED,Original brand illustration of the operational situation described,16:9,1600x900,NEW original illustration,None — no real data depicted,Minh họa customer service và customer experience — 8 Cách Nâng Cao Trải Nghiệm Dịch Vụ Khách Hàng,Featured + 1-3 in-article,NO — article-specific
16095,"Hệ Thống Quản Lý Khách Hàng Trong Nhà Hàng, Khách Sạn",HUB-11,EDITORIAL_ILLUSTRATION_REQUIRED,Original brand illustration of the operational situation described,16:9,1600x900,NEW original illustration,None — no real data depicted,"Minh họa vận hành doanh nghiệp — Hệ Thống Quản Lý Khách Hàng Trong Nhà Hàng, Khách Sạn",Featured + 1-3 in-article,NO — article-specific
16109,Chú Ý Khi Xây Dựng Sơ Đồ Quy Trình Chăm Sóc Khách Hàng,HUB-05,EDITORIAL_ILLUSTRATION_REQUIRED,Original brand illustration of the operational situation described,16:9,1600x900,NEW original illustration,None — no real data depicted,Minh họa customer service và customer experience — Chú Ý Khi Xây Dựng Sơ Đồ Quy Trình Chăm Sóc Khách Hàng,Featured + 1-3 in-article,NO — article-specific
16131,Phần Mềm Quản Lý Khách Hàng Miễn Phí Cho Doanh Nghiệp,HUB-11,EDITORIAL_ILLUSTRATION_REQUIRED,Original brand illustration of the operational situation described,16:9,1600x900,NEW original illustration,None — no real data depicted,Minh họa vận hành doanh nghiệp — Phần Mềm Quản Lý Khách Hàng Miễn Phí Cho Doanh Nghiệp,Featured + 1-3 in-article,NO — article-specific
16145,Phương Pháp Chăm Sóc Khách Hàng Hiệu Quả Nhất Hiện Nay,HUB-05,EDITORIAL_ILLUSTRATION_REQUIRED,Original brand illustration of the operational situation described,16:9,1600x900,NEW original illustration,None — no real data depicted,Minh họa customer service và customer experience — Phương Pháp Chăm Sóc Khách Hàng Hiệu Quả Nhất Hiện Nay,Featured + 1-3 in-article,NO — article-specific
16176,Nâng Cao Chất Lượng Nguồn Nhân Lực Trong Doanh Nghiệp,HUB-11,EDITORIAL_ILLUSTRATION_REQUIRED,Original brand illustration of the operational situation described,16:9,1600x900,NEW original illustration,None — no real data depicted,Minh họa vận hành doanh nghiệp — Nâng Cao Chất Lượng Nguồn Nhân Lực Trong Doanh Nghiệp,Featured + 1-3 in-article,NO — article-specific
16180,Xây Dựng Chiến Lược Marketing Hiệu Quả Như Thế Nào?,HUB-11,EDITORIAL_ILLUSTRATION_REQUIRED,Original brand illustration of the operational situation described,16:9,1600x900,NEW original illustration,None — no real data depicted,Minh họa vận hành doanh nghiệp — Xây Dựng Chiến Lược Marketing Hiệu Quả Như Thế Nào?,Featured + 1-3 in-article,NO — article-specific
16201,9 Ý Tưởng Khởi Nghiệp Tuyệt Vời Cho Bạn,HUB-11,EDITORIAL_ILLUSTRATION_REQUIRED,Original brand illustration of the operational situation described,16:9,1600x900,NEW original illustration,None — no real data depicted,Minh họa vận hành doanh nghiệp — 9 Ý Tưởng Khởi Nghiệp Tuyệt Vời Cho Bạn,Featured + 1-3 in-article,NO — article-specific
16202,8 Phương Pháp Tiếp Cận Khách Hàng Hiệu Quả,HUB-11,EDITORIAL_ILLUSTRATION_REQUIRED,Original brand illustration of the operational situation described,16:9,1600x900,NEW original illustration,None — no real data depicted,Minh họa vận hành doanh nghiệp — 8 Phương Pháp Tiếp Cận Khách Hàng Hiệu Quả,Featured + 1-3 in-article,NO — article-specific
16240,Xác Định Khách Hàng Mục Tiêu: Vai Trò & Cách Xác Định,HUB-11,EDITORIAL_ILLUSTRATION_REQUIRED,Original brand illustration of the operational situation described,16:9,1600x900,NEW original illustration,None — no real data depicted,Minh họa vận hành doanh nghiệp — Xác Định Khách Hàng Mục Tiêu: Vai Trò & Cách Xác Định,Featured + 1-3 in-article,NO — article-specific
16252,Mục Tiêu SMART Là Gì? Ví Dụ Và Cách Đặt Mục Tiêu SMART,HUB-11,EDITORIAL_ILLUSTRATION_REQUIRED,Original brand illustration of the operational situation described,16:9,1600x900,NEW original illustration,None — no real data depicted,Minh họa vận hành doanh nghiệp — Mục Tiêu SMART Là Gì? Ví Dụ Và Cách Đặt Mục Tiêu SMART,Featured + 1-3 in-article,NO — article-specific
16254,5 Bước Lập Kế Hoạch Marketing Hiệu Quả Cho Doanh Nghiệp,HUB-11,EDITORIAL_ILLUSTRATION_REQUIRED,Original brand illustration of the operational situation described,16:9,1600x900,NEW original illustration,None — no real data depicted,Minh họa vận hành doanh nghiệp — 5 Bước Lập Kế Hoạch Marketing Hiệu Quả Cho Doanh Nghiệp,Featured + 1-3 in-article,NO — article-specific
16257,Xác Định Ngân Sách Marketing Như Thế Nào?,HUB-11,EDITORIAL_ILLUSTRATION_REQUIRED,Original brand illustration of the operational situation described,16:9,1600x900,NEW original illustration,None — no real data depicted,Minh họa vận hành doanh nghiệp — Xác Định Ngân Sách Marketing Như Thế Nào?,Featured + 1-3 in-article,NO — article-specific
16271,Nhà Đầu Tư Thiên Thần - Cứu Tinh Của Start Up,HUB-08,CUSTOM_DIAGRAM_REQUIRED,Purpose-drawn diagram of the flow or architecture described in the article,16:9,1600x900,NEW inline SVG / design tool,None — no real data depicted,"Minh họa voicebot, ai và tự động hóa — Nhà Đầu Tư Thiên Thần - Cứu Tinh Của Start Up",Featured + 1-3 in-article,YES within hub
16284,9 Bước Lập Kế Hoạch Digital Marketing,HUB-11,EDITORIAL_ILLUSTRATION_REQUIRED,Original brand illustration of the operational situation described,16:9,1600x900,NEW original illustration,None — no real data depicted,Minh họa vận hành doanh nghiệp — 9 Bước Lập Kế Hoạch Digital Marketing,Featured + 1-3 in-article,NO — article-specific
16324,Tự Ghi Âm Cuộc Gọi Và Cách Hướng Dẫn Cài,HUB-07,PRODUCT_SCREENSHOT_REQUIRED,"Gcalls UI showing the exact feature discussed, captured fresh from a demo tenant",16:9,1600x900,NEW capture from Gcalls demo tenant,"Customer names, phone numbers, recordings, agent identities, tenant name — replace with illustrative data and label as such",Minh họa qa/qc và quản trị chất lượng — Tự Ghi Âm Cuộc Gọi Và Cách Hướng Dẫn Cài,Featured + 1-3 in-article,NO — article-specific
16329,4 Website Gọi Vốn Cộng Đồng Hiệu Quả Dành Cho Start-Up,HUB-11,EDITORIAL_ILLUSTRATION_REQUIRED,Original brand illustration of the operational situation described,16:9,1600x900,NEW original illustration,None — no real data depicted,Minh họa vận hành doanh nghiệp — 4 Website Gọi Vốn Cộng Đồng Hiệu Quả Dành Cho Start-Up,Featured + 1-3 in-article,NO — article-specific
16348,Hướng Dẫn Khởi Nghiệp Hiệu Quả,HUB-11,EDITORIAL_ILLUSTRATION_REQUIRED,Original brand illustration of the operational situation described,16:9,1600x900,NEW original illustration,None — no real data depicted,Minh họa vận hành doanh nghiệp — Hướng Dẫn Khởi Nghiệp Hiệu Quả,Featured + 1-3 in-article,NO — article-specific
16376,Quản Trị Theo Mục Tiêu SMART Là Gì?,HUB-11,EDITORIAL_ILLUSTRATION_REQUIRED,Original brand illustration of the operational situation described,16:9,1600x900,NEW original illustration,None — no real data depicted,Minh họa vận hành doanh nghiệp — Quản Trị Theo Mục Tiêu SMART Là Gì?,Featured + 1-3 in-article,NO — article-specific
16389,Call Center Là Gì? Tất Tần Tật Về Call Center Mà Bạn Nên Biết,HUB-01,CUSTOM_DIAGRAM_REQUIRED,Purpose-drawn diagram of the flow or architecture described in the article,16:9,1600x900,NEW inline SVG / design tool,None — no real data depicted,Minh họa tổng đài và call center — Call Center Là Gì? Tất Tần Tật Về Call Center Mà Bạn Nên Biế,Featured + 1-3 in-article,YES within hub
16611,9 việc NÊN và KHÔNG NÊN làm trong quy trình đánh giá nhân viên,HUB-11,EDITORIAL_ILLUSTRATION_REQUIRED,Original brand illustration of the operational situation described,16:9,1600x900,NEW original illustration,None — no real data depicted,Minh họa vận hành doanh nghiệp — 9 việc NÊN và KHÔNG NÊN làm trong quy trình đánh giá nhân vi,Featured + 1-3 in-article,NO — article-specific
17741,Thủ thuật tăng traffic website uy tín tại trafficSEO,HUB-11,EDITORIAL_ILLUSTRATION_REQUIRED,Original brand illustration of the operational situation described,16:9,1600x900,NEW original illustration,None — no real data depicted,Minh họa vận hành doanh nghiệp — Thủ thuật tăng traffic website uy tín tại trafficSEO,Featured + 1-3 in-article,NO — article-specific
17775,Hướng dẫn quy trình bán bất động sản: Từ thời điểm mở bán cho đến lúc ký hợp đồng,HUB-04,EDITORIAL_ILLUSTRATION_REQUIRED,Original brand illustration of the operational situation described,16:9,1600x900,NEW original illustration,None — no real data depicted,Minh họa telesales và sales operations — Hướng dẫn quy trình bán bất động sản: Từ thời điểm mở bán ch,Featured + 1-3 in-article,NO — article-specific
17795,8 cách xử lý từ chối của khách hàng,HUB-04,EDITORIAL_ILLUSTRATION_REQUIRED,Original brand illustration of the operational situation described,16:9,1600x900,NEW original illustration,None — no real data depicted,Minh họa telesales và sales operations — 8 cách xử lý từ chối của khách hàng,Featured + 1-3 in-article,NO — article-specific
17823,Vì sao nhắn tin với khách hàng là cách hiệu quả để tăng doanh số bán hàng?,HUB-04,EDITORIAL_ILLUSTRATION_REQUIRED,Original brand illustration of the operational situation described,16:9,1600x900,NEW original illustration,None — no real data depicted,Minh họa telesales và sales operations — Vì sao nhắn tin với khách hàng là cách hiệu quả để tăng doan,Featured + 1-3 in-article,NO — article-specific
17839,6 cách tăng năng suất bán hàng và tối ưu công việc cho nhân viên bán hàng,HUB-04,EDITORIAL_ILLUSTRATION_REQUIRED,Original brand illustration of the operational situation described,16:9,1600x900,NEW original illustration,None — no real data depicted,Minh họa telesales và sales operations — 6 cách tăng năng suất bán hàng và tối ưu công việc cho nhân ,Featured + 1-3 in-article,NO — article-specific
17856,Hướng dẫn cải thiện tình trạng quá tải tại Call Center vào các mùa lễ lớn sale to,HUB-01,CUSTOM_DIAGRAM_REQUIRED,Purpose-drawn diagram of the flow or architecture described in the article,16:9,1600x900,NEW inline SVG / design tool,None — no real data depicted,Minh họa tổng đài và call center — Hướng dẫn cải thiện tình trạng quá tải tại Call Center vào c,Featured + 1-3 in-article,YES within hub
17875,Lead qualification: Cách đánh giá khách hàng tiềm năng hiệu quả,HUB-04,EDITORIAL_ILLUSTRATION_REQUIRED,Original brand illustration of the operational situation described,16:9,1600x900,NEW original illustration,None — no real data depicted,Minh họa telesales và sales operations — Lead qualification: Cách đánh giá khách hàng tiềm năng hiệu ,Featured + 1-3 in-article,NO — article-specific
17884,Tại sao tỷ lệ giữ chân khách hàng lại quan trọng đối với doanh nghiệp?,HUB-05,EDITORIAL_ILLUSTRATION_REQUIRED,Original brand illustration of the operational situation described,16:9,1600x900,NEW original illustration,None — no real data depicted,Minh họa customer service và customer experience — Tại sao tỷ lệ giữ chân khách hàng lại quan trọng đối với doa,Featured + 1-3 in-article,NO — article-specific
17894,"Tại sao nói: “Phản hồi của khách hàng của bạn vẫn còn quan trọng đối với doanh nghiệp?""",HUB-05,EDITORIAL_ILLUSTRATION_REQUIRED,Original brand illustration of the operational situation described,16:9,1600x900,NEW original illustration,None — no real data depicted,Minh họa customer service và customer experience — Tại sao nói: “Phản hồi của khách hàng của bạn vẫn còn quan t,Featured + 1-3 in-article,NO — article-specific
17911,“Khách hàng luôn đúng”:Ý nghĩa và góc nhìn về tính đúng đắn của triết lý,HUB-11,EDITORIAL_ILLUSTRATION_REQUIRED,Original brand illustration of the operational situation described,16:9,1600x900,NEW original illustration,None — no real data depicted,Minh họa vận hành doanh nghiệp — “Khách hàng luôn đúng”:Ý nghĩa và góc nhìn về tính đúng đắn ,Featured + 1-3 in-article,NO — article-specific
17917,15 cách để tránh cạn kiệt năng lượng của tổng đài viên,HUB-01,CUSTOM_DIAGRAM_REQUIRED,Purpose-drawn diagram of the flow or architecture described in the article,16:9,1600x900,NEW inline SVG / design tool,None — no real data depicted,Minh họa tổng đài và call center — 15 cách để tránh cạn kiệt năng lượng của tổng đài viên,Featured + 1-3 in-article,YES within hub
17924,Product Demo là gì? Cách thực hiện Product Demo thành công dành cho nhân viên bán hàng,HUB-04,EDITORIAL_ILLUSTRATION_REQUIRED,Original brand illustration of the operational situation described,16:9,1600x900,NEW original illustration,None — no real data depicted,Minh họa telesales và sales operations — Product Demo là gì? Cách thực hiện Product Demo thành công d,Featured + 1-3 in-article,NO — article-specific
