legacyId,slug,position,sectionContext,currentSrc,verdict,alt,caption,replacementPlan,verdictReason
588,call-center-la-mot-trai-nghiem-thuong-hieu-trong-nganh-dich-vu-suc-khoe,FEATURED,(featured/cover),legacyThumbnailId=13885,,,,,"coordinator: dùng fallback cover ĐÃ DUYỆT, không hotlink"
588,call-center-la-mot-trai-nghiem-thuong-hieu-trong-nganh-dich-vu-suc-khoe,INBODY#1,Tổng đài Call Center là gì?,https://gcalls.co/wp-content/uploads/2021/07/g1.png,LOCALIZE,tổng đài Call Center,Hiện Call Center đang trở thành một trong những xu hướng phát triển vô cùng mạnh mẽ ở rất nhiều những quốc gia; và trong,LOCALIZE (tải+rehost),fetched and verified
588,call-center-la-mot-trai-nghiem-thuong-hieu-trong-nganh-dich-vu-suc-khoe,INBODY#2,Tổng đài cuộc gọi đi,https://gcalls.co/wp-content/uploads/2021/07/g2.jpg,LOCALIZE,Giải pháp phần mềm tổng đài call center,Tổng đài Call Center cuộc gọi đi giúp ích rất nhiều cho các doanh nghiệp,LOCALIZE (tải+rehost),fetched and verified
588,call-center-la-mot-trai-nghiem-thuong-hieu-trong-nganh-dich-vu-suc-khoe,INBODY#3,Tổng đài Call Center có tầm quan trọng như thế nào?,https://gcalls.co/wp-content/uploads/2021/07/g3.jpg,LOCALIZE,Call Center,Call Center giữ một vị trí quan trọng trong vận hành doanh nghiệp,LOCALIZE (tải+rehost),fetched and verified
588,call-center-la-mot-trai-nghiem-thuong-hieu-trong-nganh-dich-vu-suc-khoe,INBODY#4,Nhân viên CNTT,https://gcalls.co/wp-content/uploads/2021/07/g4.jpg,LOCALIZE,Vai trò của dịch vụ Call Center,Mỗi vị trí đều đảm nhận một công việc vô cùng quan trọng trong tổng đài Call Center,LOCALIZE (tải+rehost),fetched and verified
588,call-center-la-mot-trai-nghiem-thuong-hieu-trong-nganh-dich-vu-suc-khoe,INBODY#5,Vì sao tổng đài ảo Call Center đang là xu hướng của Doanh ng,https://gcalls.co/wp-content/uploads/2021/07/de-dang-danh-gia-chat-luong-nhan-vien-04.jpg,LOCALIZE,Giải pháp phần mềm tổng đài call center ngày càng trở nên phổ biến dù ở bất kỳ l,Giải pháp phần mềm tổng đài call center ngày càng trở nên phổ biến dù ở bất kỳ lĩnh vực - ngành nghề nào,LOCALIZE (tải+rehost),fetched and verified
588,call-center-la-mot-trai-nghiem-thuong-hieu-trong-nganh-dich-vu-suc-khoe,INBODY#6,Tổng đài nội bộ (In-house),https://gcalls.co/wp-content/uploads/2021/07/de-dang-danh-gia-chat-luong-nhan-vien-01.jpg,LOCALIZE,Tổng đài in house mang đến sự chuyên nghiệp cho doanh nghiệp,Tổng đài in house mang đến sự chuyên nghiệp cho doanh nghiệp,LOCALIZE (tải+rehost),fetched and verified
588,call-center-la-mot-trai-nghiem-thuong-hieu-trong-nganh-dich-vu-suc-khoe,INBODY#7,Tổng đài ảo call center,https://gcalls.co/wp-content/uploads/2021/07/de-dang-danh-gia-chat-luong-nhan-vien-03.jpg,LOCALIZE,Với việc được lưu trữ trên đám mây nên bạn có thể nhận cuộc gọi ở bất kỳ đâu,Với việc được lưu trữ trên đám mây nên bạn có thể nhận cuộc gọi ở bất kỳ đâu,LOCALIZE (tải+rehost),fetched and verified
588,call-center-la-mot-trai-nghiem-thuong-hieu-trong-nganh-dich-vu-suc-khoe,INBODY#8,Kiểm soát chất lượng nhân viên Sale,https://gcalls.co/wp-content/uploads/2021/07/de-dang-danh-gia-chat-luong-nhan-vien-02.jpg,LOCALIZE,Là một nhà quản trị chắc chắn bạn sẽ cần đến giải pháp phần mềm tổng đài ảo call,Là một nhà quản trị chắc chắn bạn sẽ cần đến giải pháp phần mềm tổng đài ảo call center,LOCALIZE (tải+rehost),fetched and verified
588,call-center-la-mot-trai-nghiem-thuong-hieu-trong-nganh-dich-vu-suc-khoe,INBODY#9,Tăng doanh thu bán,https://gcalls.co/wp-content/uploads/2022/10/305971783_2768253466645543_8074025127810491307_n.jpg,LOCALIZE,Call center giúp nâng cao hình ảnh của doanh nghiệp trong lòng khách hàng. ,Call center giúp nâng cao hình ảnh của doanh nghiệp trong lòng khách hàng.,LOCALIZE (tải+rehost),fetched and verified
588,call-center-la-mot-trai-nghiem-thuong-hieu-trong-nganh-dich-vu-suc-khoe,INBODY#10,"Lĩnh vực tài chính, cổ phiếu, ngân hàng",https://gcalls.co/wp-content/uploads/2021/07/getty_158673029_9707279704500119_78594.jpg,LOCALIZE,Hệ thống call center là một giải pháp tuyệt vời để kết nối và giao tiếp với các ,Hệ thống call center là một giải pháp tuyệt vời để kết nối và giao tiếp với các công ty tài chính và khách hàng của họ,LOCALIZE (tải+rehost),fetched and verified
588,call-center-la-mot-trai-nghiem-thuong-hieu-trong-nganh-dich-vu-suc-khoe,INBODY#11,Lĩnh vực logistics,https://gcalls.co/wp-content/uploads/2021/07/nganh-logistic-la-gi-muc-luong-co-hoi-viec-lam-careerbuilder-1.jpg,LOCALIZE,Call center giải quyết những thách thức và khó khăn của ngành dịch vụ logistics ,Call center giải quyết những thách thức và khó khăn của ngành dịch vụ logistics như thế nào?,LOCALIZE (tải+rehost),fetched and verified
588,call-center-la-mot-trai-nghiem-thuong-hieu-trong-nganh-dich-vu-suc-khoe,INBODY#12,Lĩnh vực điện tử và thiết bị thông minh sẽ cần đến giải pháp,https://gcalls.co/wp-content/uploads/2021/07/he-thong-dieu-khien-cong-nghiep.jpg,LOCALIZE,Đại diện bán hàng có thể sử dụng dịch vụ Call center để yêu cầu trao đổi thông t,"Đại diện bán hàng có thể sử dụng dịch vụ Call center để yêu cầu trao đổi thông tin sản phẩm với khách hàng. Đồng thời, m",LOCALIZE (tải+rehost),fetched and verified
588,call-center-la-mot-trai-nghiem-thuong-hieu-trong-nganh-dich-vu-suc-khoe,INBODY#13,Ứng dụng giải pháp phần mềm tổng đài ảo call center trong lĩ,https://gcalls.co/wp-content/uploads/2021/07/bat-dong-san.jpg,LOCALIZE,Ngoài việc lưu giữ thông tin và hiển thị lịch sử giao dịch chính xác; các trung ,Ngoài việc lưu giữ thông tin và hiển thị lịch sử giao dịch chính xác; các trung tâm cuộc gọi còn giúp cung cấp thông tin,LOCALIZE (tải+rehost),fetched and verified
588,call-center-la-mot-trai-nghiem-thuong-hieu-trong-nganh-dich-vu-suc-khoe,INBODY#14,"TMĐT, bán lẻ, dịch vụ Booking cần tổng đài call center",https://gcalls.co/wp-content/uploads/2021/07/image-76.jpeg,LOCALIZE,Call Center giúp các tư vấn viên có thể tư vấn và giải đáp thắc mắc cho khách hà,Call Center giúp các tư vấn viên có thể tư vấn và giải đáp thắc mắc cho khách hàng nhanh chóng,LOCALIZE (tải+rehost),fetched and verified
588,call-center-la-mot-trai-nghiem-thuong-hieu-trong-nganh-dich-vu-suc-khoe,INBODY#15,Con người chiếm 80% chi phí hoạt động,https://gcalls.co/wp-content/uploads/2021/07/image-79.jpeg,LOCALIZE,Khách hàng muốn tìm sự lắng nghe của doanh nghiệp,Khách hàng muốn tìm sự lắng nghe của doanh nghiệp,LOCALIZE (tải+rehost),fetched and verified
588,call-center-la-mot-trai-nghiem-thuong-hieu-trong-nganh-dich-vu-suc-khoe,INBODY#16,Team Leader là người thúc đẩy chất lượng CSKH,https://gcalls.co/wp-content/uploads/2021/07/image-80.jpeg,LOCALIZE,Leader luôn là người phát biểu và đưa ra các giải pháp phù hợp và kịp thời,Leader luôn là người phát biểu và đưa ra các giải pháp phù hợp và kịp thời,LOCALIZE (tải+rehost),fetched and verified
588,call-center-la-mot-trai-nghiem-thuong-hieu-trong-nganh-dich-vu-suc-khoe,INBODY#17,Mục đích sử dụng:,https://gcalls.co/wp-content/uploads/2021/07/news-callcontactcenter_optimized-01.jpg,LOCALIZE,Sự khác nhau giữa call center và contact Center,Sự khác nhau giữa call center và contact Center,LOCALIZE (tải+rehost),fetched and verified
588,call-center-la-mot-trai-nghiem-thuong-hieu-trong-nganh-dich-vu-suc-khoe,INBODY#18,Chọn đầu số nào làm hotline tổng đài call center?,https://gcalls.co/wp-content/uploads/2021/07/news-callcontactcenter_optimized-02.jpg,LOCALIZE,Liên hệ với Gcalls để được hỗ trợ tư vấn &amp; lắp đặt tổng đài ảo call center,Liên hệ với Gcalls để được hỗ trợ tư vấn &amp; lắp đặt tổng đài ảo call center,LOCALIZE (tải+rehost),fetched and verified
2784,loi-ich-ma-giai-phap-tich-hop-dien-thoai-may-tinh-dem-den-cho-call-center,FEATURED,(featured/cover),legacyThumbnailId=10995,,,,,"coordinator: dùng fallback cover ĐÃ DUYỆT, không hotlink"
2784,loi-ich-ma-giai-phap-tich-hop-dien-thoai-may-tinh-dem-den-cho-call-center,INBODY#1,Giải pháp tích hợp điện thoại máy tính là gì?,https://cdn.cdn.gcalls.co/blog/wp-content/uploads/2022/03/cs-giai-phap-tich-hop-gcalls-1.png,FALLBACK_COVER,,,NEEDS_SOURCE,connection or DNS failure
2784,loi-ich-ma-giai-phap-tich-hop-dien-thoai-may-tinh-dem-den-cho-call-center,INBODY#2,1. Hệ thống tự động tương tác theo lời thoại (IVR),https://cdn.cdn.gcalls.co/blog/wp-content/uploads/2022/03/cs-giai-phap-tich-hop-gcalls-2.png,FALLBACK_COVER,,,NEEDS_SOURCE,connection or DNS failure
2784,loi-ich-ma-giai-phap-tich-hop-dien-thoai-may-tinh-dem-den-cho-call-center,INBODY#3,2. Gọi lại (Queue callback),https://cdn.cdn.gcalls.co/blog/wp-content/uploads/2022/03/cs-giai-phap-tich-hop-gcalls-3.png,FALLBACK_COVER,,,NEEDS_SOURCE,connection or DNS failure
2784,loi-ich-ma-giai-phap-tich-hop-dien-thoai-may-tinh-dem-den-cho-call-center,INBODY#4,3. Giải pháp tích hợp - Nhấp để gọi (Click to call) trực tiế,https://cdn.cdn.gcalls.co/blog/wp-content/uploads/2022/03/cs-giai-phap-tich-hop-gcalls-17.png,FALLBACK_COVER,,,NEEDS_SOURCE,connection or DNS failure
2784,loi-ich-ma-giai-phap-tich-hop-dien-thoai-may-tinh-dem-den-cho-call-center,INBODY#5,5. Khả năng làm việc từ xa,https://cdn.cdn.gcalls.co/blog/wp-content/uploads/2022/03/cs-giai-phap-tich-hop-gcalls-14.png,FALLBACK_COVER,,,NEEDS_SOURCE,connection or DNS failure
2784,loi-ich-ma-giai-phap-tich-hop-dien-thoai-may-tinh-dem-den-cho-call-center,INBODY#6,6. Khả năng mở rộng,https://cdn.cdn.gcalls.co/blog/wp-content/uploads/2022/03/cs-giai-phap-tich-hop-gcalls-16.jpg,FALLBACK_COVER,,,NEEDS_SOURCE,connection or DNS failure
2784,loi-ich-ma-giai-phap-tich-hop-dien-thoai-may-tinh-dem-den-cho-call-center,INBODY#7,7. Giảm chi phí,https://cdn.cdn.gcalls.co/blog/wp-content/uploads/2022/03/cs-giai-phap-tich-hop-gcalls-15.jpg,FALLBACK_COVER,,,NEEDS_SOURCE,connection or DNS failure
2784,loi-ich-ma-giai-phap-tich-hop-dien-thoai-may-tinh-dem-den-cho-call-center,INBODY#8,8. Quản trị giám sát hệ thống tổng đài,https://cdn.cdn.gcalls.co/blog/wp-content/uploads/2022/03/cs-giai-phap-tich-hop-gcalls-4.png,FALLBACK_COVER,,,NEEDS_SOURCE,connection or DNS failure
2784,loi-ich-ma-giai-phap-tich-hop-dien-thoai-may-tinh-dem-den-cho-call-center,INBODY#9,9. Theo dõi cuộc gọi,https://cdn.cdn.gcalls.co/blog/wp-content/uploads/2022/03/cs-giai-phap-tich-hop-gcalls-5.png,FALLBACK_COVER,,,NEEDS_SOURCE,connection or DNS failure
2784,loi-ich-ma-giai-phap-tich-hop-dien-thoai-may-tinh-dem-den-cho-call-center,INBODY#10,10. Hỗ trợ tích hợp với các phần mềm khác,https://cdn.cdn.gcalls.co/blog/wp-content/uploads/2022/03/cs-giai-phap-tich-hop-gcalls-6.png,FALLBACK_COVER,,,NEEDS_SOURCE,connection or DNS failure
2784,loi-ich-ma-giai-phap-tich-hop-dien-thoai-may-tinh-dem-den-cho-call-center,INBODY#11,11. Tăng cường khả năng trao đổi thông tin nội bộ,https://cdn.cdn.gcalls.co/blog/wp-content/uploads/2022/03/cs-giai-phap-tich-hop-gcalls-7.png,FALLBACK_COVER,,,NEEDS_SOURCE,connection or DNS failure
2784,loi-ich-ma-giai-phap-tich-hop-dien-thoai-may-tinh-dem-den-cho-call-center,INBODY#12,13. Đào tạo nhân viên tổng đài,https://cdn.cdn.gcalls.co/blog/wp-content/uploads/2022/03/cs-giai-phap-tich-hop-gcalls-8.jpg,FALLBACK_COVER,,,NEEDS_SOURCE,connection or DNS failure
2784,loi-ich-ma-giai-phap-tich-hop-dien-thoai-may-tinh-dem-den-cho-call-center,INBODY#13,14. Hồ sơ khách hàng chi tiết,https://cdn.cdn.gcalls.co/blog/wp-content/uploads/2022/03/cs-giai-phap-tich-hop-gcalls-13.png,FALLBACK_COVER,,,NEEDS_SOURCE,connection or DNS failure
2784,loi-ich-ma-giai-phap-tich-hop-dien-thoai-may-tinh-dem-den-cho-call-center,INBODY#14,15. Phân tích tổng đài doanh nghiệp,https://cdn.cdn.gcalls.co/blog/wp-content/uploads/2022/03/cs-giai-phap-tich-hop-gcalls-9.png,FALLBACK_COVER,,,NEEDS_SOURCE,connection or DNS failure
2784,loi-ich-ma-giai-phap-tich-hop-dien-thoai-may-tinh-dem-den-cho-call-center,INBODY#15,16. Theo dõi hành trình của khách hàng,https://cdn.cdn.gcalls.co/blog/wp-content/uploads/2022/03/cs-giai-phap-tich-hop-gcalls-10.png,FALLBACK_COVER,,,NEEDS_SOURCE,connection or DNS failure
2784,loi-ich-ma-giai-phap-tich-hop-dien-thoai-may-tinh-dem-den-cho-call-center,INBODY#16,17. Đo lường sự hài lòng của khách hàng,https://cdn.cdn.gcalls.co/blog/wp-content/uploads/2022/03/cs-giai-phap-tich-hop-gcalls-11.png,FALLBACK_COVER,,,NEEDS_SOURCE,connection or DNS failure
2784,loi-ich-ma-giai-phap-tich-hop-dien-thoai-may-tinh-dem-den-cho-call-center,INBODY#17,18. Cải thiện trải nghiệm khách hàng,https://cdn.cdn.gcalls.co/blog/wp-content/uploads/2022/03/cs-giai-phap-tich-hop-gcalls-12.png,FALLBACK_COVER,,,NEEDS_SOURCE,connection or DNS failure
2784,loi-ich-ma-giai-phap-tich-hop-dien-thoai-may-tinh-dem-den-cho-call-center,INBODY#18,Kết luận,https://cdn.cdn.gcalls.co/blog/wp-content/uploads/2021/07/Screenshot-2021-06-21-at-17.51.50.png,FALLBACK_COVER,,,NEEDS_SOURCE,connection or DNS failure
1231,tuong-lai-cua-tong-dai-doanh-nghiep-10-xu-huong-noi-bat-nhat,FEATURED,(featured/cover),legacyThumbnailId=11191,,,,,"coordinator: dùng fallback cover ĐÃ DUYỆT, không hotlink"
1231,tuong-lai-cua-tong-dai-doanh-nghiep-10-xu-huong-noi-bat-nhat,INBODY#1,(intro),https://cdn.cdn.gcalls.co/blog/wp-content/uploads/2021/10/cs-tuong-lai-call-center-gcalls-1-1.png,FALLBACK_COVER,,,NEEDS_SOURCE,connection or DNS failure
1231,tuong-lai-cua-tong-dai-doanh-nghiep-10-xu-huong-noi-bat-nhat,INBODY#2,2. Nhân viên chăm sóc khách hàng sẽ trở thành những “nhân vi,https://cdn.cdn.gcalls.co/blog/wp-content/uploads/2021/10/cs-tuong-lai-call-center-gcalls-2-1.jpg,FALLBACK_COVER,,,NEEDS_SOURCE,connection or DNS failure
1231,tuong-lai-cua-tong-dai-doanh-nghiep-10-xu-huong-noi-bat-nhat,INBODY#3,4. Web chat sẽ trở thành một kênh dịch vụ khách hàng phổ biế,https://cdn.cdn.gcalls.co/blog/wp-content/uploads/2021/10/cs-tuong-lai-call-center-gcalls-3-1.png,FALLBACK_COVER,,,NEEDS_SOURCE,connection or DNS failure
1231,tuong-lai-cua-tong-dai-doanh-nghiep-10-xu-huong-noi-bat-nhat,INBODY#4,5. Dịch vụ khách hàng tại Tổng đài doanh nghiệp sẽ trở thành,https://cdn.cdn.gcalls.co/blog/wp-content/uploads/2021/10/cs-tuong-lai-call-center-gcalls-4-1.png,FALLBACK_COVER,,,NEEDS_SOURCE,connection or DNS failure
1231,tuong-lai-cua-tong-dai-doanh-nghiep-10-xu-huong-noi-bat-nhat,INBODY#5,8. Sinh trắc học giọng nói sẽ thay thế các câu hỏi bảo mật,https://cdn.cdn.gcalls.co/blog/wp-content/uploads/2021/10/cs-tuong-lai-call-center-gcalls-5-1.jpg,FALLBACK_COVER,,,NEEDS_SOURCE,connection or DNS failure
1231,tuong-lai-cua-tong-dai-doanh-nghiep-10-xu-huong-noi-bat-nhat,INBODY#6,9. Các dịch vụ hỗ trợ làm việc từ xa và dựa trên vị trí của ,https://cdn.cdn.gcalls.co/blog/wp-content/uploads/2021/10/cs-tuong-lai-call-center-gcalls-6-1.png,FALLBACK_COVER,,,NEEDS_SOURCE,connection or DNS failure
1231,tuong-lai-cua-tong-dai-doanh-nghiep-10-xu-huong-noi-bat-nhat,INBODY#7,10. Internet vạn vật (Internet of Things),https://cdn.cdn.gcalls.co/blog/wp-content/uploads/2021/10/cs-tuong-lai-call-center-gcalls-7-1.jpg,FALLBACK_COVER,,,NEEDS_SOURCE,connection or DNS failure
1231,tuong-lai-cua-tong-dai-doanh-nghiep-10-xu-huong-noi-bat-nhat,INBODY#8,10. Internet vạn vật (Internet of Things),https://cdn.cdn.gcalls.co/blog/wp-content/uploads/2021/07/Screenshot-2021-06-21-at-17.51.50.png,FALLBACK_COVER,,,NEEDS_SOURCE,connection or DNS failure
2811,call-center-diem-khac-biet-giua-on-premises-va-cloud-call-center-phan-cuoi,FEATURED,(featured/cover),legacyThumbnailId=10987,,,,,"coordinator: dùng fallback cover ĐÃ DUYỆT, không hotlink"
2811,call-center-diem-khac-biet-giua-on-premises-va-cloud-call-center-phan-cuoi,INBODY#1,6 điểm khác biệt cuối cùng giữa 2 giải pháp call center: On-,https://cdn.cdn.gcalls.co/blog/wp-content/uploads/2022/03/Tech-On-Premises-Cloud-Call-Center-2.png,FALLBACK_COVER,,,NEEDS_SOURCE,connection or DNS failure
2811,call-center-diem-khac-biet-giua-on-premises-va-cloud-call-center-phan-cuoi,INBODY#2,9. Sự kết nối nhờ phần mềm Call Center,https://cdn.cdn.gcalls.co/blog/wp-content/uploads/2022/03/Tech-On-Premises-Cloud-Call-Center-5.jpg,FALLBACK_COVER,,,NEEDS_SOURCE,connection or DNS failure
2811,call-center-diem-khac-biet-giua-on-premises-va-cloud-call-center-phan-cuoi,INBODY#3,12. Trải nghiệm khách hàng tại Call Center,https://cdn.cdn.gcalls.co/blog/wp-content/uploads/2022/03/Tech-On-Premises-Cloud-Call-Center-6.jpg,FALLBACK_COVER,,,NEEDS_SOURCE,connection or DNS failure
2811,call-center-diem-khac-biet-giua-on-premises-va-cloud-call-center-phan-cuoi,INBODY#4,Kết luận,https://cdn.cdn.gcalls.co/blog/wp-content/uploads/2021/07/Screenshot-2021-06-21-at-17.51.50.png,FALLBACK_COVER,,,NEEDS_SOURCE,connection or DNS failure
603,10-thong-ke-ve-he-thong-voip-chung-minh-tam-quan-trong-cua-cong-nghe,FEATURED,(featured/cover),legacyThumbnailId=11388,,,,,"coordinator: dùng fallback cover ĐÃ DUYỆT, không hotlink"
603,10-thong-ke-ve-he-thong-voip-chung-minh-tam-quan-trong-cua-cong-nghe,INBODY#1,(intro),https://cdn.cdn.gcalls.co/blog/wp-content/uploads/2021/07/Gcalls-VOIP.png,FALLBACK_COVER,,,NEEDS_SOURCE,connection or DNS failure
603,10-thong-ke-ve-he-thong-voip-chung-minh-tam-quan-trong-cua-cong-nghe,INBODY#2,4. Chi phí VoIP trung bình khoảng $20 đến $30 cho mỗi người ,https://cdn.cdn.gcalls.co/blog/wp-content/uploads/2021/07/giao-dien-Gcalls-Webphone.png,FALLBACK_COVER,,,NEEDS_SOURCE,connection or DNS failure
603,10-thong-ke-ve-he-thong-voip-chung-minh-tam-quan-trong-cua-cong-nghe,INBODY#3,10. Thị phần VoIP toàn cầu có thể đạt 55 tỷ USD vào năm 2025,https://cdn.cdn.gcalls.co/blog/wp-content/uploads/2021/07/Screenshot-2021-06-21-at-17.51.50.png,FALLBACK_COVER,,,NEEDS_SOURCE,connection or DNS failure
15738,tai-sao-dich-vu-tong-dai-ao-danh-cho-startup-bung-no-2023,FEATURED,(featured/cover),legacyThumbnailId=15755,,,,,"coordinator: dùng fallback cover ĐÃ DUYỆT, không hotlink"
15738,tai-sao-dich-vu-tong-dai-ao-danh-cho-startup-bung-no-2023,INBODY#1,Dịch vụ tổng đài ảo cho startup là gì?,https://gcalls.co/wp-content/uploads/2023/01/fegg.png,LOCALIZE,Dịch vụ tổng đài ảo là một giải pháp công nghệ cho phép tổ chức hoặc doanh nghiệ,Dịch vụ tổng đài ảo là một giải pháp công nghệ cho phép tổ chức hoặc doanh nghiệp tạo ra một tổng đài điện thoại ảo để t,LOCALIZE (tải+rehost),fetched and verified
15738,tai-sao-dich-vu-tong-dai-ao-danh-cho-startup-bung-no-2023,INBODY#2,Nâng cao chất lượng phục vụ khách hàng,https://gcalls.co/wp-content/uploads/2023/03/batch_call-center-la-gi-va-hoat-dong-cua-call-center-15672200286191736435738.webp,LOCALIZE,Dịch vụ tổng đài ảo cung cấp các tính năng giúp tăng cường trải nghiệm khách hàn,Dịch vụ tổng đài ảo cung cấp các tính năng giúp tăng cường trải nghiệm khách hàng,LOCALIZE (tải+rehost),fetched and verified
15738,tai-sao-dich-vu-tong-dai-ao-danh-cho-startup-bung-no-2023,INBODY#3,Chọn nhà cung cấp dịch vụ uy tín,https://gcalls.co/wp-content/uploads/2023/03/gc2.jpg,LOCALIZE,Việc chọn nhà cung cấp dịch vụ tổng đài ảo uy tín là rất quan trọng,Việc chọn nhà cung cấp dịch vụ tổng đài ảo uy tín là rất quan trọng,LOCALIZE (tải+rehost),fetched and verified
15738,tai-sao-dich-vu-tong-dai-ao-danh-cho-startup-bung-no-2023,INBODY#4,Nên hay không việc chọn sử dụng dịch vụ tổng đài ảo tại Gcal,https://gcalls.co/wp-content/uploads/2022/10/hinh-anh-giai-phap-tong-dai-cham-soc-khach-hang-so-4.jpg,LOCALIZE,Gcalls - Giải Pháp Dịch vụ Tổng Đài Chăm Sóc Khách Hàng ,Gcalls - Giải Pháp Tổng Đài Chăm Sóc Khách Hàng,LOCALIZE (tải+rehost),fetched and verified
13483,tong-dai-cong-nghe-la-gi-co-nen-dau-tu-vao-tong-dai-ao,FEATURED,(featured/cover),legacyThumbnailId=13486,,,,,"coordinator: dùng fallback cover ĐÃ DUYỆT, không hotlink"
13483,tong-dai-cong-nghe-la-gi-co-nen-dau-tu-vao-tong-dai-ao,INBODY#1,Dịch vụ tổng đài ảo là gì?,https://gcalls.co/wp-content/uploads/2022/10/dich-vu-01.jpg,LOCALIZE,Dịch vụ tổng đài ảo công nghệ là xu hướng hàng đầu hiện nay,Dịch vụ tổng đài ảo công nghệ là xu hướng hàng đầu hiện nay,LOCALIZE (tải+rehost),fetched and verified
13483,tong-dai-cong-nghe-la-gi-co-nen-dau-tu-vao-tong-dai-ao,INBODY#2,Giảm gánh nặng cho nhân viên,https://gcalls.co/wp-content/uploads/2022/10/loi-ich.jpg,LOCALIZE,Tổng đài ảo mang đến nhiều lợi ích cho doanh nghiệp,Tổng đài ảo mang đến nhiều lợi ích cho doanh nghiệp,LOCALIZE (tải+rehost),fetched and verified
13483,tong-dai-cong-nghe-la-gi-co-nen-dau-tu-vao-tong-dai-ao,INBODY#3,Công nghệ tổng đài ảo giúp tăng cơ hội tiếp cận và chăm sóc ,https://gcalls.co/wp-content/uploads/2022/10/dich-vu-02.jpg,LOCALIZE,Giải pháp tiếp cận khách hàng hiệu quả,Giải pháp tiếp cận khách hàng hiệu quả,LOCALIZE (tải+rehost),fetched and verified
13483,tong-dai-cong-nghe-la-gi-co-nen-dau-tu-vao-tong-dai-ao,INBODY#4,Tổng đài ảo công nghệ tích hợp CRM,https://gcalls.co/wp-content/uploads/2022/10/dich-vu-04.jpg,LOCALIZE,Tổng đài ảo công nghệ có thể kết nối mọi lúc mọi nơi,Tổng đài ảo công nghệ có thể kết nối mọi lúc mọi nơi,LOCALIZE (tải+rehost),fetched and verified
654,5-loi-ich-cua-viec-su-dung-bao-cao-tong-dai-call-center-phan-cuoi,FEATURED,(featured/cover),legacyThumbnailId=11418,,,,,"coordinator: dùng fallback cover ĐÃ DUYỆT, không hotlink"
654,5-loi-ich-cua-viec-su-dung-bao-cao-tong-dai-call-center-phan-cuoi,INBODY#1,1. Trải nghiệm khách hàng tuyệt vời,https://cdn.cdn.gcalls.co/blog/wp-content/uploads/2021/07/5-loi-ich-su-dung-bao-cao-tong-dai.png,FALLBACK_COVER,,,NEEDS_SOURCE,connection or DNS failure
654,5-loi-ich-cua-viec-su-dung-bao-cao-tong-dai-call-center-phan-cuoi,INBODY#2,5. Báo cáo được cải thiện,https://cdn.cdn.gcalls.co/blog/wp-content/uploads/2021/07/thong-ke-bao-cao-tong-dai-tren-gcalls-plus-websphone.png,FALLBACK_COVER,,,NEEDS_SOURCE,connection or DNS failure
654,5-loi-ich-cua-viec-su-dung-bao-cao-tong-dai-call-center-phan-cuoi,INBODY#3,Gây ấn tượng với khách hàng bằng hiệu suất tốt nhất của bạn ,https://cdn.cdn.gcalls.co/blog/wp-content/uploads/2021/07/Screenshot-2021-06-21-at-17.51.50.png,FALLBACK_COVER,,,NEEDS_SOURCE,connection or DNS failure
