sourceId,oldUrl,demoUrl,hub,hubPage,priority,wordCount,existingDecision,result,proposedAction,conflict,evidence,title
10741,https://gcalls.co/8-loi-khuyen-danh-cho-nha-quan-ly-call-center/,,HUB-01,/lien-he/ ; /gcalls-plus-webphone/,P0,1400,REBUILD_KEEP_URL,MISSING,"PREPARE_IMPORT — rebuild body, keep legacy URL",none (URL preserved); verify not already on demo before write,result=MISSING; plannedDecision=REBUILD_KEEP_URL,8 lời khuyên dành cho nhà quản lý Call Center
1231,https://gcalls.co/tuong-lai-cua-tong-dai-doanh-nghiep-10-xu-huong-noi-bat-nhat/,,HUB-01,/lien-he/ ; /gcalls-plus-webphone/,P0,2827,REBUILD_KEEP_URL,MISSING,"PREPARE_IMPORT — rebuild body, keep legacy URL",none (URL preserved); verify not already on demo before write,result=MISSING; plannedDecision=REBUILD_KEEP_URL,Tương lai của tổng đài doanh nghiệp: 10 xu hướng nổi bật nhất
13208,https://gcalls.co/dich-vu-call-center-la-gi-cong-ty-cung-cap-uy-tin-nhat/,,HUB-01,/lien-he/ ; /gcalls-plus-webphone/,P0,1066,REBUILD_KEEP_URL,MISSING,"PREPARE_IMPORT — rebuild body, keep legacy URL",none (URL preserved); verify not already on demo before write,result=MISSING; plannedDecision=REBUILD_KEEP_URL,Dịch Vụ Call Center Là Gì? Công Ty Cung Cấp Uy Tín Nhất
13242,https://gcalls.co/tong-dai-ao-mien-phi-la-gi-top-5-tong-dai-ao-mien-phi-crm/,,HUB-01,/lien-he/ ; /gcalls-plus-webphone/,P0,1418,REBUILD_KEEP_URL,MISSING,"PREPARE_IMPORT — rebuild body, keep legacy URL",none (URL preserved); verify not already on demo before write,result=MISSING; plannedDecision=REBUILD_KEEP_URL,Tổng Đài Ảo Miễn Phí Là Gì? Top 5+ Tổng Đài Ảo Miễn Phí CRM
13286,https://gcalls.co/tong-dai-ao-la-gi-loi-ich-hang-dau-danh-cho-doanh-nghiep/,,HUB-01,/lien-he/ ; /gcalls-plus-webphone/,P0,1114,REBUILD_KEEP_URL,MISSING,"PREPARE_IMPORT — rebuild body, keep legacy URL",none (URL preserved); verify not already on demo before write,result=MISSING; plannedDecision=REBUILD_KEEP_URL,Tổng Đài Ảo Là Gì? Lợi Ích Hàng Đầu Dành Cho Doanh Nghiệp
13388,https://gcalls.co/tong-dai-noi-bo-ao-khac-tong-dai-ao-diem-nao/,,HUB-01,/lien-he/ ; /gcalls-plus-webphone/,P0,1201,REBUILD_KEEP_URL,MISSING,"PREPARE_IMPORT — rebuild body, keep legacy URL",none (URL preserved); verify not already on demo before write,result=MISSING; plannedDecision=REBUILD_KEEP_URL,Tổng Đài Nội Bộ Ảo Khác Tổng Đài Ảo Điểm Nào?
13427,https://gcalls.co/giai-phap-tong-dai-ao-khong-day-co-gi-tot/,,HUB-01,/lien-he/ ; /gcalls-plus-webphone/,P0,1355,REBUILD_KEEP_URL,MISSING,"PREPARE_IMPORT — rebuild body, keep legacy URL",none (URL preserved); verify not already on demo before write,result=MISSING; plannedDecision=REBUILD_KEEP_URL,Giải Pháp Tổng Đài Ảo Không Dây Có Gì Tốt?
13483,https://gcalls.co/tong-dai-cong-nghe-la-gi-co-nen-dau-tu-vao-tong-dai-ao/,,HUB-01,/lien-he/ ; /gcalls-plus-webphone/,P0,1820,REBUILD_KEEP_URL,MISSING,"PREPARE_IMPORT — rebuild body, keep legacy URL",none (URL preserved); verify not already on demo before write,result=MISSING; plannedDecision=REBUILD_KEEP_URL,Tổng Đài Công Nghệ Là Gì? Có Nên Đầu Tư Vào Tổng Đài Ảo?
14462,https://gcalls.co/hotline-la-gi-co-nhung-loai-dau-so-hotline-nao-hien-nay/,,HUB-01,/lien-he/ ; /gcalls-plus-webphone/,P0,1553,REBUILD_KEEP_URL,MISSING,"PREPARE_IMPORT — rebuild body, keep legacy URL",none (URL preserved); verify not already on demo before write,result=MISSING; plannedDecision=REBUILD_KEEP_URL,Hotline Là Gì? Có Những Loại Đầu Số Hotline Nào Hiện Nay?
14502,https://gcalls.co/ivr-la-gi-va-nhung-dieu-can-biet-ve/,,HUB-01,/lien-he/ ; /gcalls-plus-webphone/,P0,1337,REBUILD_KEEP_URL,MISSING,"PREPARE_IMPORT — rebuild body, keep legacy URL",none (URL preserved); verify not already on demo before write,result=MISSING; plannedDecision=REBUILD_KEEP_URL,IVR Là Gì? Và Những Điều Cần Biết Về IVR
14522,https://gcalls.co/acd-la-gi-ung-dung-thuc-te-cua-acd-vao-call-center/,,HUB-01,/lien-he/ ; /gcalls-plus-webphone/,P0,1306,REBUILD_KEEP_URL,MISSING,"PREPARE_IMPORT — rebuild body, keep legacy URL",none (URL preserved); verify not already on demo before write,result=MISSING; plannedDecision=REBUILD_KEEP_URL,ACD Là Gì? Ứng Dụng Thực Tế Của ACD Vào Call Center
14536,https://gcalls.co/dich-vu-tong-dai-ao-13-tinh-nang-noi-bat/,,HUB-01,/lien-he/ ; /gcalls-plus-webphone/,P0,1162,REBUILD_KEEP_URL,MISSING,"PREPARE_IMPORT — rebuild body, keep legacy URL",none (URL preserved); verify not already on demo before write,result=MISSING; plannedDecision=REBUILD_KEEP_URL,Dịch Vụ Tổng Đài Ảo - 13 Tính Năng Nổi Bật
14560,https://gcalls.co/so-tong-dai-1800-la-gi-huong-dan-dang-ky-dau-so-1800-don-gian/,,HUB-01,/lien-he/ ; /gcalls-plus-webphone/,P0,1109,REBUILD_KEEP_URL,MISSING,"PREPARE_IMPORT — rebuild body, keep legacy URL",none (URL preserved); verify not already on demo before write,result=MISSING; plannedDecision=REBUILD_KEEP_URL,Số Tổng Đài 1800 Là Gì? Hướng Dẫn Đăng Ký Đầu Số 1800 Đơn Giản
14568,https://gcalls.co/giai-dap-thong-tin-ve-voip-va-ung-dung-thuc-te/,,HUB-01,/lien-he/ ; /gcalls-plus-webphone/,P0,1091,REBUILD_KEEP_URL,MISSING,"PREPARE_IMPORT — rebuild body, keep legacy URL",none (URL preserved); verify not already on demo before write,result=MISSING; plannedDecision=REBUILD_KEEP_URL,Giải Đáp Thông Tin Về VoIP Và Ứng Dụng Thực Tế
14607,https://gcalls.co/mau-loi-chao-tong-dai-dien-thoai-pho-bien-hien-nay/,,HUB-01,/lien-he/ ; /gcalls-plus-webphone/,P0,1160,REBUILD_KEEP_URL,MISSING,"PREPARE_IMPORT — rebuild body, keep legacy URL",none (URL preserved); verify not already on demo before write,result=MISSING; plannedDecision=REBUILD_KEEP_URL,Mẫu Lời Chào Tổng Đài Điện Thoại Phổ Biến Hiện Nay
14890,https://gcalls.co/he-thong-tong-dai-dien-thoai-chuan-la-nhu-the-nao/,,HUB-01,/lien-he/ ; /gcalls-plus-webphone/,P0,1048,REBUILD_KEEP_URL,MISSING,"PREPARE_IMPORT — rebuild body, keep legacy URL",none (URL preserved); verify not already on demo before write,result=MISSING; plannedDecision=REBUILD_KEEP_URL,Hệ Thống Tổng Đài Điện Thoại Chuẩn Là Như Thế Nào?
15008,https://gcalls.co/tong-dai-ip-va-nhung-khac-biet-so-voi-tong-dai-analog/,,HUB-01,/lien-he/ ; /gcalls-plus-webphone/,P0,1199,REBUILD_KEEP_URL,MISSING,"PREPARE_IMPORT — rebuild body, keep legacy URL",none (URL preserved); verify not already on demo before write,result=MISSING; plannedDecision=REBUILD_KEEP_URL,Tổng Đài IP Và Những Khác Biệt So Với Tổng Đài Analog 
15250,https://gcalls.co/tong-dai-contact-center-la-gi/,,HUB-01,/lien-he/ ; /gcalls-plus-webphone/,P0,1106,REBUILD_KEEP_URL,MISSING,"PREPARE_IMPORT — rebuild body, keep legacy URL",none (URL preserved); verify not already on demo before write,result=MISSING; plannedDecision=REBUILD_KEEP_URL,Tổng Đài Contact Center Là Gì?
15262,https://gcalls.co/phan-mem-tong-dai-ao-la-gi/,,HUB-01,/lien-he/ ; /gcalls-plus-webphone/,P0,1059,REBUILD_KEEP_URL,MISSING,"PREPARE_IMPORT — rebuild body, keep legacy URL",none (URL preserved); verify not already on demo before write,result=MISSING; plannedDecision=REBUILD_KEEP_URL,Phần Mềm Tổng Đài Ảo Là Gì?
15281,https://gcalls.co/mua-so-tong-dai-1900-co-loi-ich-gi-nen-mua-o-dau-uy-tin/,,HUB-01,/lien-he/ ; /gcalls-plus-webphone/,P0,1094,REBUILD_KEEP_URL,MISSING,"PREPARE_IMPORT — rebuild body, keep legacy URL",none (URL preserved); verify not already on demo before write,result=MISSING; plannedDecision=REBUILD_KEEP_URL,Mua Số Tổng Đài 1900 Có Lợi Ích Gì? Nên Mua Ở Đâu Uy Tín?
15738,https://gcalls.co/tai-sao-dich-vu-tong-dai-ao-danh-cho-startup-bung-no-2023/,,HUB-01,/lien-he/ ; /gcalls-plus-webphone/,P0,1826,REBUILD_KEEP_URL,MISSING,"PREPARE_IMPORT — rebuild body, keep legacy URL",none (URL preserved); verify not already on demo before write,result=MISSING; plannedDecision=REBUILD_KEEP_URL,"Tại Sao Dịch Vụ Tổng Đài Ảo Dành Cho Startup ""Bùng Nổ"" 2023?"
15806,https://gcalls.co/giai-phap-tong-dai-ao-cho-doanh-nghiep-vua-va-nho/,,HUB-01,/lien-he/ ; /gcalls-plus-webphone/,P0,1137,REBUILD_KEEP_URL,MISSING,"PREPARE_IMPORT — rebuild body, keep legacy URL",none (URL preserved); verify not already on demo before write,result=MISSING; plannedDecision=REBUILD_KEEP_URL,Giải Pháp Tổng Đài Ảo Cho Doanh Nghiệp Vừa Và Nhỏ
15859,https://gcalls.co/tong-dai-ip-va-nhung-dieu-can-biet/,,HUB-01,/lien-he/ ; /gcalls-plus-webphone/,P0,1422,REBUILD_KEEP_URL,MISSING,"PREPARE_IMPORT — rebuild body, keep legacy URL",none (URL preserved); verify not already on demo before write,result=MISSING; plannedDecision=REBUILD_KEEP_URL,Tổng Đài IP Và Những Điều Cần Biết Trước Khi Lắp Đặt 
15884,https://gcalls.co/dich-vu-tong-dai-dam-may-cho-start-up/,,HUB-01,/lien-he/ ; /gcalls-plus-webphone/,P0,1282,REBUILD_KEEP_URL,MISSING,"PREPARE_IMPORT — rebuild body, keep legacy URL",none (URL preserved); verify not already on demo before write,result=MISSING; plannedDecision=REBUILD_KEEP_URL,Dịch Vụ Tổng Đài Đám Mây Cho Start-Up
16018,https://gcalls.co/dang-ky-tong-dai-ao-giai-phap-cham-soc-khach-hang-hieu-qua/,,HUB-01,/lien-he/ ; /gcalls-plus-webphone/,P0,1488,REBUILD_KEEP_URL,MISSING,"PREPARE_IMPORT — rebuild body, keep legacy URL",none (URL preserved); verify not already on demo before write,result=MISSING; plannedDecision=REBUILD_KEEP_URL,Đăng Ký Tổng Đài Ảo: Giải Pháp Chăm Sóc Khách Hàng Hiệu Quả
2784,https://gcalls.co/loi-ich-ma-giai-phap-tich-hop-dien-thoai-may-tinh-dem-den-cho-call-center/,,HUB-01,/lien-he/ ; /gcalls-plus-webphone/,P0,2915,REBUILD_KEEP_URL,MISSING,"PREPARE_IMPORT — rebuild body, keep legacy URL",none (URL preserved); verify not already on demo before write,result=MISSING; plannedDecision=REBUILD_KEEP_URL,18 lợi ích mà giải pháp tích hợp điện thoại máy tính đem đến cho Call Center
2811,https://gcalls.co/call-center-diem-khac-biet-giua-on-premises-va-cloud-call-center-phan-cuoi/,,HUB-01,/lien-he/ ; /gcalls-plus-webphone/,P0,2339,REBUILD_KEEP_URL,MISSING,"PREPARE_IMPORT — rebuild body, keep legacy URL",none (URL preserved); verify not already on demo before write,result=MISSING; plannedDecision=REBUILD_KEEP_URL,Call Center: Điểm khác biệt giữa On-Premises và Cloud Call Center (Phần cuối)
588,https://gcalls.co/call-center-la-mot-trai-nghiem-thuong-hieu-trong-nganh-dich-vu-suc-khoe/,,HUB-01,/lien-he/ ; /gcalls-plus-webphone/,P0,6966,REBUILD_KEEP_URL,MISSING,"PREPARE_IMPORT — rebuild body, keep legacy URL",none (URL preserved); verify not already on demo before write,result=MISSING; plannedDecision=REBUILD_KEEP_URL,"Tổng Đài Call Center Và Những Kiến Thức ""Cứu Sống"" Doanh Nghiệp"
603,https://gcalls.co/10-thong-ke-ve-he-thong-voip-chung-minh-tam-quan-trong-cua-cong-nghe/,,HUB-01,/lien-he/ ; /gcalls-plus-webphone/,P0,1860,REBUILD_KEEP_URL,MISSING,"PREPARE_IMPORT — rebuild body, keep legacy URL",none (URL preserved); verify not already on demo before write,result=MISSING; plannedDecision=REBUILD_KEEP_URL,10 Thống kê về hệ thống VoIP chứng minh tầm quan trọng của công nghệ
654,https://gcalls.co/5-loi-ich-cua-viec-su-dung-bao-cao-tong-dai-call-center-phan-cuoi/,,HUB-01,/lien-he/ ; /gcalls-plus-webphone/,P0,1721,REBUILD_KEEP_URL,MISSING,"PREPARE_IMPORT — rebuild body, keep legacy URL",none (URL preserved); verify not already on demo before write,result=MISSING; plannedDecision=REBUILD_KEEP_URL,5 Lợi ích của việc Sử dụng Báo cáo Tổng đài Call Center (Phần cuối)
669,https://gcalls.co/5-loi-ich-cua-viec-su-dung-bao-cao-tong-dai-call-center-phan-1/,,HUB-01,/lien-he/ ; /gcalls-plus-webphone/,P0,1326,REBUILD_KEEP_URL,MISSING,"PREPARE_IMPORT — rebuild body, keep legacy URL",none (URL preserved); verify not already on demo before write,result=MISSING; plannedDecision=REBUILD_KEEP_URL,5 Lợi ích của việc Sử dụng Báo cáo Tổng đài Call Center (Phần 1)
15314,https://gcalls.co/salesforce-la-gi-nhung-thong-tin-quan-trong-nhat/,,HUB-03,/tong-dai-tich-hop-crm/ ; /tong-dai-tich-hop-helpdesk/,P0,1123,REBUILD_KEEP_URL,MISSING,"PREPARE_IMPORT — rebuild body, keep legacy URL",none (URL preserved); verify not already on demo before write,result=MISSING; plannedDecision=REBUILD_KEEP_URL,Salesforce Là Gì? Những Thông Tin Quan Trọng Nhất
15335,https://gcalls.co/phan-mem-crm-viet-nam-la-gi/,,HUB-03,/tong-dai-tich-hop-crm/ ; /tong-dai-tich-hop-helpdesk/,P0,1121,REBUILD_KEEP_URL,MISSING,"PREPARE_IMPORT — rebuild body, keep legacy URL",none (URL preserved); verify not already on demo before write,result=MISSING; plannedDecision=REBUILD_KEEP_URL,Phần Mềm CRM Việt Nam Là Gì?
15363,https://gcalls.co/vi-sao-chien-luoc-cham-soc-khach-hang-voi-salesforce-can-thiet/,,HUB-03,/tong-dai-tich-hop-crm/ ; /tong-dai-tich-hop-helpdesk/,P0,1083,REBUILD_KEEP_URL,MISSING,"PREPARE_IMPORT — rebuild body, keep legacy URL",none (URL preserved); verify not already on demo before write,result=MISSING; plannedDecision=REBUILD_KEEP_URL,Vì Sao Chiến Lược Chăm Sóc Khách Hàng Với SalesForce Cần Thiết
15380,https://gcalls.co/so-sanh-salesforce-crm-va-cac-phan-mem-khac/,,HUB-03,/tong-dai-tich-hop-crm/ ; /tong-dai-tich-hop-helpdesk/,P0,1175,REBUILD_KEEP_URL,MISSING,"PREPARE_IMPORT — rebuild body, keep legacy URL",none (URL preserved); verify not already on demo before write,result=MISSING; plannedDecision=REBUILD_KEEP_URL,So Sánh Salesforce CRM Và Các Phần Mềm Khác
15384,https://gcalls.co/salesforce-marketing-cloud-la-gi-tim-hieu-thong-tin-tu-a-z/,,HUB-03,/tong-dai-tich-hop-crm/ ; /tong-dai-tich-hop-helpdesk/,P0,1200,REBUILD_KEEP_URL,MISSING,"PREPARE_IMPORT — rebuild body, keep legacy URL",none (URL preserved); verify not already on demo before write,result=MISSING; plannedDecision=REBUILD_KEEP_URL,Salesforce Marketing Cloud Là Gì? Tìm Hiểu Thông Tin Từ A-Z
553,https://gcalls.co/gcalls-va-ban-doi-tac-gioi-thieu-khach-hang/,,HUB-03,/tong-dai-tich-hop-crm/ ; /tong-dai-tich-hop-helpdesk/,P0,1526,REBUILD_KEEP_URL,MISSING,"PREPARE_IMPORT — rebuild body, keep legacy URL",none (URL preserved); verify not already on demo before write,result=MISSING; plannedDecision=REBUILD_KEEP_URL,"Gcalls và bạn - đối tác giới thiệu khách hàng - Cùng hợp tác, cùng có lợi"
16324,https://gcalls.co/tu-ghi-am-cuoc-goi-va-cach-huong-dan-cai/,,HUB-07,/qc-bot-ai/,P0,1501,REBUILD_KEEP_URL,MISSING,"PREPARE_IMPORT — rebuild body, keep legacy URL",none (URL preserved); verify not already on demo before write,result=MISSING; plannedDecision=REBUILD_KEEP_URL,Tự Ghi Âm Cuộc Gọi Và Cách Hướng Dẫn Cài
12770,https://gcalls.co/shopee-template-va-cach-thiet-ke-chi-tiet-tren-canva/,,HUB-08,/voicebot-ai/ ; /qc-bot-ai/,P0,1468,REBUILD_KEEP_URL,MISSING,"PREPARE_IMPORT — rebuild body, keep legacy URL",none (URL preserved); verify not already on demo before write,result=MISSING; plannedDecision=REBUILD_KEEP_URL,Shopee Template Và Cách Thiết Kế Chi Tiết Trên Canva
14292,https://gcalls.co/marketing-automation-la-gi-nhung-thong-tin-can-biet/,,HUB-08,/voicebot-ai/ ; /qc-bot-ai/,P0,1029,REBUILD_KEEP_URL,MISSING,"PREPARE_IMPORT — rebuild body, keep legacy URL",none (URL preserved); verify not already on demo before write,result=MISSING; plannedDecision=REBUILD_KEEP_URL,Marketing Automation Là Gì? Những Thông Tin Cần Biết
16271,https://gcalls.co/nha-dau-tu-thien-than-cuu-tinh-cua-start-up/,,HUB-08,/voicebot-ai/ ; /qc-bot-ai/,P0,1821,REBUILD_KEEP_URL,MISSING,"PREPARE_IMPORT — rebuild body, keep legacy URL",none (URL preserved); verify not already on demo before write,result=MISSING; plannedDecision=REBUILD_KEEP_URL,Nhà Đầu Tư Thiên Thần - Cứu Tinh Của Start Up
1967,https://gcalls.co/chien-luoc-mo-rong-ra-thi-truong-nuoc-ngoai-va-phuc-vu-khach-hang-quoc-te/,,HUB-09,/tong-dai-quoc-te/,P0,3234,REBUILD_KEEP_URL,MISSING,"PREPARE_IMPORT — rebuild body, keep legacy URL",none (URL preserved); verify not already on demo before write,result=MISSING; plannedDecision=REBUILD_KEEP_URL,Chiến lược mở rộng ra thị trường nước quốc tế
1071,https://gcalls.co/cach-tao-ho-so-khach-hang-ly-tuong-cho-nhom-khach-hang-tiem-nang-b2b/,,HUB-04,/gcalls-plus-webphone/ ; /tong-dai-tich-hop-crm/,P1,2383,REBUILD_KEEP_URL,MISSING,"PREPARE_IMPORT — rebuild body, keep legacy URL",none (URL preserved); verify not already on demo before write,result=MISSING; plannedDecision=REBUILD_KEEP_URL,Cách tạo hồ sơ khách hàng lý tưởng cho nhóm khách hàng tiềm năng B2B
10733,https://gcalls.co/cuoc-goi-tiep-thi-qua-dien-thoai-la-gi/,,HUB-04,/gcalls-plus-webphone/ ; /tong-dai-tich-hop-crm/,P1,1377,REBUILD_KEEP_URL,MISSING,"PREPARE_IMPORT — rebuild body, keep legacy URL",none (URL preserved); verify not already on demo before write,result=MISSING; plannedDecision=REBUILD_KEEP_URL,Cuộc gọi tiếp thị qua điện thoại là gì và cách thực hiện cuộc gọi hiệu quả?
10734,https://gcalls.co/cach-tiep-thi-qua-dien-thoai-hieu-qua-xu-ly-3-loi-tu-choi-cuoc-goi-chao-hang/,,HUB-04,/gcalls-plus-webphone/ ; /tong-dai-tich-hop-crm/,P1,933,REBUILD_KEEP_URL,MISSING,"PREPARE_IMPORT — rebuild body, keep legacy URL",none (URL preserved); verify not already on demo before write,result=MISSING; plannedDecision=REBUILD_KEEP_URL,Cách tiếp thị qua điện thoại hiệu quả xử lý 3 lời từ chối cuộc gọi chào hàng
10740,https://gcalls.co/bo-cau-hoi-phong-van-chuyen-vien-telemarketing-va-telesales/,,HUB-04,/gcalls-plus-webphone/ ; /tong-dai-tich-hop-crm/,P1,1081,REBUILD_KEEP_URL,MISSING,"PREPARE_IMPORT — rebuild body, keep legacy URL",none (URL preserved); verify not already on demo before write,result=MISSING; plannedDecision=REBUILD_KEEP_URL,Bộ câu hỏi phỏng vấn chuyên viên Telemarketing và Telesales
10745,https://gcalls.co/xay-dung-chien-luoc-email-follow-up-giup-ban-hang-hieu-qua-phan-1/,,HUB-04,/gcalls-plus-webphone/ ; /tong-dai-tich-hop-crm/,P1,1195,REBUILD_KEEP_URL,MISSING,"PREPARE_IMPORT — rebuild body, keep legacy URL",none (URL preserved); verify not already on demo before write,result=MISSING; plannedDecision=REBUILD_KEEP_URL,Xây dựng chiến lược email follow-up giúp bán hàng hiệu quả (Phần 1)
10746,https://gcalls.co/xay-dung-chien-luoc-email-follow-up-phan-cuoi/,,HUB-04,/gcalls-plus-webphone/ ; /tong-dai-tich-hop-crm/,P1,1578,REBUILD_KEEP_URL,MISSING,"PREPARE_IMPORT — rebuild body, keep legacy URL",none (URL preserved); verify not already on demo before write,result=MISSING; plannedDecision=REBUILD_KEEP_URL,Xây dựng chiến lược email follow-up giúp bán hàng hiệu quả (Phần cuối)
10747,https://gcalls.co/7-buoc-lap-ke-hoach-telesales-hieu-qua/,,HUB-04,/gcalls-plus-webphone/ ; /tong-dai-tich-hop-crm/,P1,2593,REBUILD_KEEP_URL,MISSING,"PREPARE_IMPORT — rebuild body, keep legacy URL",none (URL preserved); verify not already on demo before write,result=MISSING; plannedDecision=REBUILD_KEEP_URL,7 bước lập kế hoạch telesales hiệu quả
10748,https://gcalls.co/5-dieu-ve-trai-nghiem-khach-hang-moi-nhan-vien-ban-hang-nen-biet/,,HUB-04,/gcalls-plus-webphone/ ; /tong-dai-tich-hop-crm/,P1,1365,REBUILD_KEEP_URL,MISSING,"PREPARE_IMPORT — rebuild body, keep legacy URL",none (URL preserved); verify not already on demo before write,result=MISSING; plannedDecision=REBUILD_KEEP_URL,5 điều về trải nghiệm khách hàng mà mọi nhân viên bán hàng nên biết
10750,https://gcalls.co/cach-ban-hang-hieu-qua-bang-giong-noi/,,HUB-04,/gcalls-plus-webphone/ ; /tong-dai-tich-hop-crm/,P1,1931,REBUILD_KEEP_URL,MISSING,"PREPARE_IMPORT — rebuild body, keep legacy URL",none (URL preserved); verify not already on demo before write,result=MISSING; plannedDecision=REBUILD_KEEP_URL,Cách bán hàng hiệu quả bằng giọng nói
10751,https://gcalls.co/5-buoc-de-thiet-ke-mot-kich-ban-ban-hang-thanh-cong/,,HUB-04,/gcalls-plus-webphone/ ; /tong-dai-tich-hop-crm/,P1,1300,REBUILD_KEEP_URL,MISSING,"PREPARE_IMPORT — rebuild body, keep legacy URL",none (URL preserved); verify not already on demo before write,result=MISSING; plannedDecision=REBUILD_KEEP_URL,5 bước để thiết kế một kịch bản bán hàng thành công
10752,https://gcalls.co/dung-bao-gia-giai-phap-truoc-khi-truyen-tai-duoc-gia-tri-den-khach-hang/,,HUB-04,/gcalls-plus-webphone/ ; /tong-dai-tich-hop-crm/,P1,1472,REBUILD_KEEP_URL,MISSING,"PREPARE_IMPORT — rebuild body, keep legacy URL",none (URL preserved); verify not already on demo before write,result=MISSING; plannedDecision=REBUILD_KEEP_URL,Đừng báo giá giải pháp trước khi truyền tải được giá trị đến khách hàng
10753,https://gcalls.co/mau-bang-danh-gia-nhan-vien-ban-hang/,,HUB-04,/gcalls-plus-webphone/ ; /tong-dai-tich-hop-crm/,P1,2595,REBUILD_KEEP_URL,MISSING,"PREPARE_IMPORT — rebuild body, keep legacy URL",none (URL preserved); verify not already on demo before write,result=MISSING; plannedDecision=REBUILD_KEEP_URL,Mẫu bảng đánh giá nhân viên bán hàng mới nhất
10754,https://gcalls.co/8-buoc-quan-trong-de-thuc-hien-cuoc-hop-danh-gia-ban-hang-hang-nam/,,HUB-04,/gcalls-plus-webphone/ ; /tong-dai-tich-hop-crm/,P1,2263,REBUILD_KEEP_URL,MISSING,"PREPARE_IMPORT — rebuild body, keep legacy URL",none (URL preserved); verify not already on demo before write,result=MISSING; plannedDecision=REBUILD_KEEP_URL,Cuộc họp đánh giá bán hàng hàng năm: 8 bước để thực hiện hiệu quả
10756,https://gcalls.co/telesales-va-telemarketing/,,HUB-04,/gcalls-plus-webphone/ ; /tong-dai-tich-hop-crm/,P1,1250,REBUILD_KEEP_URL,MISSING,"PREPARE_IMPORT — rebuild body, keep legacy URL",none (URL preserved); verify not already on demo before write,result=MISSING; plannedDecision=REBUILD_KEEP_URL,Sales: Telesales và Telemarketing
1082,https://gcalls.co/top-10-phan-mem-theo-doi-ban-hang-hang-dau-danh-cho-doanh-nghiep/,,HUB-04,/gcalls-plus-webphone/ ; /tong-dai-tich-hop-crm/,P1,2965,REBUILD_KEEP_URL,MISSING,"PREPARE_IMPORT — rebuild body, keep legacy URL",none (URL preserved); verify not already on demo before write,result=MISSING; plannedDecision=REBUILD_KEEP_URL,TOP 10 phần mềm theo dõi bán hàng hàng đầu dành cho doanh nghiệp
1102,https://gcalls.co/5-chi-so-do-luong-hieu-suat-ban-hang-quan-trong-nen-theo-doi/,,HUB-04,/gcalls-plus-webphone/ ; /tong-dai-tich-hop-crm/,P1,2094,REBUILD_KEEP_URL,MISSING,"PREPARE_IMPORT — rebuild body, keep legacy URL",none (URL preserved); verify not already on demo before write,result=MISSING; plannedDecision=REBUILD_KEEP_URL,5 chỉ số đo lường hiệu suất bán hàng quan trọng mà quản lý nên theo dõi
1113,https://gcalls.co/9-meo-cold-calling-danh-cho-nhan-vien-ban-hang-phan-1/,,HUB-04,/gcalls-plus-webphone/ ; /tong-dai-tich-hop-crm/,P1,2421,REBUILD_KEEP_URL,MISSING,"PREPARE_IMPORT — rebuild body, keep legacy URL",none (URL preserved); verify not already on demo before write,result=MISSING; plannedDecision=REBUILD_KEEP_URL,9 mẹo Cold Calling dành cho nhân viên bán hàng (Phần 1)
1134,https://gcalls.co/9-meo-cold-calling-danh-cho-nhan-vien-ban-hang-phan-cuoi/,,HUB-04,/gcalls-plus-webphone/ ; /tong-dai-tich-hop-crm/,P1,2903,REBUILD_KEEP_URL,MISSING,"PREPARE_IMPORT — rebuild body, keep legacy URL",none (URL preserved); verify not already on demo before write,result=MISSING; plannedDecision=REBUILD_KEEP_URL,9 mẹo Cold Calling dành cho nhân viên bán hàng (Phần cuối)
1157,https://gcalls.co/cac-phan-mem-call-center-phu-hop-voi-cac-tong-dai-doanh-nghiep-hien-nay/,,HUB-04,/gcalls-plus-webphone/ ; /tong-dai-tich-hop-crm/,P1,5614,REBUILD_KEEP_URL,MISSING,"PREPARE_IMPORT — rebuild body, keep legacy URL",none (URL preserved); verify not already on demo before write,result=MISSING; plannedDecision=REBUILD_KEEP_URL,Phần Mềm Contact Center - Giải Pháp Tổng Đài Chuyên Nghiệp 2023
1187,https://gcalls.co/ban-hang-inbound-hay-ban-hang-outbound-phan-1/,,HUB-04,/gcalls-plus-webphone/ ; /tong-dai-tich-hop-crm/,P1,2867,REBUILD_KEEP_URL,MISSING,"PREPARE_IMPORT — rebuild body, keep legacy URL",none (URL preserved); verify not already on demo before write,result=MISSING; plannedDecision=REBUILD_KEEP_URL,Bán hàng Inbound hay Outbound - Đâu là phương pháp mà bạn nên quan tâm? (Phần 1)
1198,https://gcalls.co/ban-hang-inbound-hay-ban-hang-outbound-phan-2/,,HUB-04,/gcalls-plus-webphone/ ; /tong-dai-tich-hop-crm/,P1,4370,REBUILD_KEEP_URL,MISSING,"PREPARE_IMPORT — rebuild body, keep legacy URL",none (URL preserved); verify not already on demo before write,result=MISSING; plannedDecision=REBUILD_KEEP_URL,Bán hàng Inbound hay Outbound - Đâu là phương pháp mà bạn nên quan tâm? (Phần 2)
1219,https://gcalls.co/ban-hang-inbound-hay-outbound-dau-la-phuong-phap-ban-hang-ma-ban-nen-quan-tam-phan-3/,,HUB-04,/gcalls-plus-webphone/ ; /tong-dai-tich-hop-crm/,P1,1794,REBUILD_KEEP_URL,MISSING,"PREPARE_IMPORT — rebuild body, keep legacy URL",none (URL preserved); verify not already on demo before write,result=MISSING; plannedDecision=REBUILD_KEEP_URL,Bán hàng Inbound hay Outbound - Đâu là phương pháp mà bạn nên quan tâm? (Phần 3)
12686,https://gcalls.co/hoc-ngay-5-kinh-nghiem-ban-hang-tren-shopee/,,HUB-04,/gcalls-plus-webphone/ ; /tong-dai-tich-hop-crm/,P1,1638,REBUILD_KEEP_URL,MISSING,"PREPARE_IMPORT — rebuild body, keep legacy URL",none (URL preserved); verify not already on demo before write,result=MISSING; plannedDecision=REBUILD_KEEP_URL,Học Ngay 5 Kinh Nghiệm Bán Hàng Trên Shopee Cực Hiệu Quả 2022
12751,https://gcalls.co/kinh-nghiem-kinh-doanh-shopee-ban-hang-online/,,HUB-04,/gcalls-plus-webphone/ ; /tong-dai-tich-hop-crm/,P1,1661,REBUILD_KEEP_URL,MISSING,"PREPARE_IMPORT — rebuild body, keep legacy URL",none (URL preserved); verify not already on demo before write,result=MISSING; plannedDecision=REBUILD_KEEP_URL,"Kinh Nghiệm Kinh Doanh Shopee, Bán Hàng Online Hiệu Quả"
12797,https://gcalls.co/khoa-hoc-ban-hang-tren-shopee-nao-hieu-qua-nhat/,,HUB-04,/gcalls-plus-webphone/ ; /tong-dai-tich-hop-crm/,P1,1619,REBUILD_KEEP_URL,MISSING,"PREPARE_IMPORT — rebuild body, keep legacy URL",none (URL preserved); verify not already on demo before write,result=MISSING; plannedDecision=REBUILD_KEEP_URL,Khóa Học Bán Hàng Trên Shopee Nào Hiệu Quả Nhất
1296,https://gcalls.co/bi-quyet-telesales-nen-hay-khong-nen-su-dung-kich-ban-cuoc-goi-ban-hang/,,HUB-04,/gcalls-plus-webphone/ ; /tong-dai-tich-hop-crm/,P1,2300,REBUILD_KEEP_URL,MISSING,"PREPARE_IMPORT — rebuild body, keep legacy URL",none (URL preserved); verify not already on demo before write,result=MISSING; plannedDecision=REBUILD_KEEP_URL,Bí quyết telesales: Nên hay không sử dụng kịch bản cuộc gọi bán hàng?
13020,https://gcalls.co/khoa-hoc-kinh-doanh-shopee-hieu-qua-trong-top-3/,,HUB-04,/gcalls-plus-webphone/ ; /tong-dai-tich-hop-crm/,P1,1328,REBUILD_KEEP_URL,MISSING,"PREPARE_IMPORT — rebuild body, keep legacy URL",none (URL preserved); verify not already on demo before write,result=MISSING; plannedDecision=REBUILD_KEEP_URL,Khóa Học Kinh Doanh Shopee Hiệu Quả Trong Top 3
13047,https://gcalls.co/cach-toi-uu-san-pham-tren-shopee-hieu-qua-nhat/,,HUB-04,/gcalls-plus-webphone/ ; /tong-dai-tich-hop-crm/,P1,1062,REBUILD_KEEP_URL,MISSING,"PREPARE_IMPORT — rebuild body, keep legacy URL",none (URL preserved); verify not already on demo before write,result=MISSING; plannedDecision=REBUILD_KEEP_URL,Cách Tối Ưu Sản Phẩm Trên Shopee Hiệu Quả Nhất
1314,https://gcalls.co/telesales-cach-tap-trung-khi-goi-dien-ban-hang/,,HUB-04,/gcalls-plus-webphone/ ; /tong-dai-tich-hop-crm/,P1,1579,REBUILD_KEEP_URL,MISSING,"PREPARE_IMPORT — rebuild body, keep legacy URL",none (URL preserved); verify not already on demo before write,result=MISSING; plannedDecision=REBUILD_KEEP_URL,Telesales: Cách tập trung khi gọi điện bán hàng
1324,https://gcalls.co/telesales-thanh-cong-va-cach-danh-gia-cuoc-goi-ban-hang/,,HUB-04,/gcalls-plus-webphone/ ; /tong-dai-tich-hop-crm/,P1,1945,REBUILD_KEEP_URL,MISSING,"PREPARE_IMPORT — rebuild body, keep legacy URL",none (URL preserved); verify not already on demo before write,result=MISSING; plannedDecision=REBUILD_KEEP_URL,Thế nào là telesales thành công và cách đánh giá cuộc gọi bán hàng?
1351,https://gcalls.co/6-cach-nhan-tin-cho-khach-hang-dat-hieu-qua-trong-quy-trinh-ban-hang/,,HUB-04,/gcalls-plus-webphone/ ; /tong-dai-tich-hop-crm/,P1,2129,REBUILD_KEEP_URL,MISSING,"PREPARE_IMPORT — rebuild body, keep legacy URL",none (URL preserved); verify not already on demo before write,result=MISSING; plannedDecision=REBUILD_KEEP_URL,6 cách nhắn tin cho khách hàng đạt hiệu quả trong quy trình bán hàng
1381,https://gcalls.co/6-buoc-xay-dung-kich-ban-ban-hang-dinh-cao/,,HUB-04,/gcalls-plus-webphone/ ; /tong-dai-tich-hop-crm/,P1,3469,REBUILD_KEEP_URL,MISSING,"PREPARE_IMPORT — rebuild body, keep legacy URL",none (URL preserved); verify not already on demo before write,result=MISSING; plannedDecision=REBUILD_KEEP_URL,6 bước xây dựng kịch bản bán hàng đỉnh cao
1396,https://gcalls.co/cach-goi-dien-thoai-cho-khach-hang-tiem-nang-da-mo-email/,,HUB-04,/gcalls-plus-webphone/ ; /tong-dai-tich-hop-crm/,P1,3137,REBUILD_KEEP_URL,MISSING,"PREPARE_IMPORT — rebuild body, keep legacy URL",none (URL preserved); verify not already on demo before write,result=MISSING; plannedDecision=REBUILD_KEEP_URL,Cách gọi điện thoại cho khách hàng tiềm năng đã mở email
1420,https://gcalls.co/cach-giam-ap-luc-khi-lam-telesales/,,HUB-04,/gcalls-plus-webphone/ ; /tong-dai-tich-hop-crm/,P1,1342,REBUILD_KEEP_URL,MISSING,"PREPARE_IMPORT — rebuild body, keep legacy URL",none (URL preserved); verify not already on demo before write,result=MISSING; plannedDecision=REBUILD_KEEP_URL,Cách giảm áp lực khi làm telesales
1427,https://gcalls.co/cac-chi-so-danh-gia-pheu-ban-hang-hieu-qua/,,HUB-04,/gcalls-plus-webphone/ ; /tong-dai-tich-hop-crm/,P1,1605,REBUILD_KEEP_URL,MISSING,"PREPARE_IMPORT — rebuild body, keep legacy URL",none (URL preserved); verify not already on demo before write,result=MISSING; plannedDecision=REBUILD_KEEP_URL,Các chỉ số đánh giá phễu bán hàng hiệu quả
1440,https://gcalls.co/tiep-thi-qua-dien-thoai-huong-dan-nhanh-cold-calling-chuyen-nghiep/,,HUB-04,/gcalls-plus-webphone/ ; /tong-dai-tich-hop-crm/,P1,1249,REBUILD_KEEP_URL,MISSING,"PREPARE_IMPORT — rebuild body, keep legacy URL",none (URL preserved); verify not already on demo before write,result=MISSING; plannedDecision=REBUILD_KEEP_URL,Tiếp thị qua điện thoại: Hướng dẫn nhanh Cold Calling chuyên nghiệp
14506,https://gcalls.co/quy-trinh-cham-soc-khach-hang-sau-ban-hang/,,HUB-04,/gcalls-plus-webphone/ ; /tong-dai-tich-hop-crm/,P1,1065,REBUILD_KEEP_URL,MISSING,"PREPARE_IMPORT — rebuild body, keep legacy URL",none (URL preserved); verify not already on demo before write,result=MISSING; plannedDecision=REBUILD_KEEP_URL,Quy Trình Chăm Sóc Khách Hàng Sau Bán Hàng
14787,https://gcalls.co/cach-xu-ly-cac-tinh-huong-cham-soc-khach-hang/,,HUB-04,/gcalls-plus-webphone/ ; /tong-dai-tich-hop-crm/,P1,1441,REBUILD_KEEP_URL,MISSING,"PREPARE_IMPORT — rebuild body, keep legacy URL",none (URL preserved); verify not already on demo before write,result=MISSING; plannedDecision=REBUILD_KEEP_URL,Cách Xử Lý Các Tình Huống Chăm Sóc Khách Hàng
15217,https://gcalls.co/phan-mem-quan-ly-ban-hang-da-kenh-la-gi-co-nen-su-dung/,,HUB-04,/gcalls-plus-webphone/ ; /tong-dai-tich-hop-crm/,P1,1127,REBUILD_KEEP_URL,MISSING,"PREPARE_IMPORT — rebuild body, keep legacy URL",none (URL preserved); verify not already on demo before write,result=MISSING; plannedDecision=REBUILD_KEEP_URL,Phần Mềm Quản Lý Bán Hàng Đa Kênh Là Gì? Có Nên Sử Dụng?
15353,https://gcalls.co/cach-xay-dung-quy-trinh-ban-hang-cua-doanh-nghiep-hieu-qua/,,HUB-04,/gcalls-plus-webphone/ ; /tong-dai-tich-hop-crm/,P1,1537,REBUILD_KEEP_URL,MISSING,"PREPARE_IMPORT — rebuild body, keep legacy URL",none (URL preserved); verify not already on demo before write,result=MISSING; plannedDecision=REBUILD_KEEP_URL,Cách Xây Dựng Quy Trình Bán Hàng Của Doanh Nghiệp Hiệu Quả
1560,https://gcalls.co/tiep-thi-qua-dien-thoai-ky-nang-xu-ly-tu-choi/,,HUB-04,/gcalls-plus-webphone/ ; /tong-dai-tich-hop-crm/,P1,1562,REBUILD_KEEP_URL,MISSING,"PREPARE_IMPORT — rebuild body, keep legacy URL",none (URL preserved); verify not already on demo before write,result=MISSING; plannedDecision=REBUILD_KEEP_URL,Tiếp thị qua điện thoại: Kỹ năng xử lý từ chối giúp tăng cơ hội bán hàng
15646,https://gcalls.co/top-5-loi-ich-cua-phan-mem-auto-answer/,,HUB-04,/gcalls-plus-webphone/ ; /tong-dai-tich-hop-crm/,P1,1584,REBUILD_KEEP_URL,MISSING,"PREPARE_IMPORT — rebuild body, keep legacy URL",none (URL preserved); verify not already on demo before write,result=MISSING; plannedDecision=REBUILD_KEEP_URL,Top 5 Lợi Ích Của Phần Mềm Auto Answer
15904,https://gcalls.co/8-buoc-ban-hang-co-ban-va-hieu-qua-cho-nhan-vien-sales/,,HUB-04,/gcalls-plus-webphone/ ; /tong-dai-tich-hop-crm/,P1,1600,REBUILD_KEEP_URL,MISSING,"PREPARE_IMPORT — rebuild body, keep legacy URL",none (URL preserved); verify not already on demo before write,result=MISSING; plannedDecision=REBUILD_KEEP_URL,8 Bước Bán Hàng Cơ Bản Và Hiệu Quả Cho Nhân Viên Sales
1591,https://gcalls.co/giong-noi-yeu-to-quyet-dinh-thanh-cong-trong-tiep-thi-qua-dien-thoai/,,HUB-04,/gcalls-plus-webphone/ ; /tong-dai-tich-hop-crm/,P1,1442,REBUILD_KEEP_URL,MISSING,"PREPARE_IMPORT — rebuild body, keep legacy URL",none (URL preserved); verify not already on demo before write,result=MISSING; plannedDecision=REBUILD_KEEP_URL,Giọng nói: Yếu tố quyết định thành công trong tiếp thị qua điện thoại
15916,https://gcalls.co/cach-goi-sale-hieu-qua-co-the-ban-khong-biet/,,HUB-04,/gcalls-plus-webphone/ ; /tong-dai-tich-hop-crm/,P1,1110,REBUILD_KEEP_URL,MISSING,"PREPARE_IMPORT — rebuild body, keep legacy URL",none (URL preserved); verify not already on demo before write,result=MISSING; plannedDecision=REBUILD_KEEP_URL,Cách Gọi Sale Hiệu Quả Có Thể Bạn Không Biết
15926,https://gcalls.co/cach-telesale-cho-nguoi-moi-bat-dau/,,HUB-04,/gcalls-plus-webphone/ ; /tong-dai-tich-hop-crm/,P1,1460,REBUILD_KEEP_URL,MISSING,"PREPARE_IMPORT — rebuild body, keep legacy URL",none (URL preserved); verify not already on demo before write,result=MISSING; plannedDecision=REBUILD_KEEP_URL,Cách Telesale Cho Người Mới Bắt Đầu
15993,https://gcalls.co/phuong-phap-quan-ly-telesale-hieu-qua/,,HUB-04,/gcalls-plus-webphone/ ; /tong-dai-tich-hop-crm/,P1,1667,REBUILD_KEEP_URL,MISSING,"PREPARE_IMPORT — rebuild body, keep legacy URL",none (URL preserved); verify not already on demo before write,result=MISSING; plannedDecision=REBUILD_KEEP_URL,Phương Pháp Quản Lý Telesale Hiệu Quả
16022,https://gcalls.co/cach-goi-telesale-hieu-qua-ma-ban-chua-biet/,,HUB-04,/gcalls-plus-webphone/ ; /tong-dai-tich-hop-crm/,P1,1079,REBUILD_KEEP_URL,MISSING,"PREPARE_IMPORT — rebuild body, keep legacy URL",none (URL preserved); verify not already on demo before write,result=MISSING; plannedDecision=REBUILD_KEEP_URL,Cách Gọi Telesale Hiệu Quả Mà Bạn Chưa Biết
1805,https://gcalls.co/ban-hang-qua-dien-thoai-3-cau-hoi-ban-nen-tu-hoi-truoc-khi-thuc-hien-cuoc-goi/,,HUB-04,/gcalls-plus-webphone/ ; /tong-dai-tich-hop-crm/,P1,1179,REBUILD_KEEP_URL,MISSING,"PREPARE_IMPORT — rebuild body, keep legacy URL",none (URL preserved); verify not already on demo before write,result=MISSING; plannedDecision=REBUILD_KEEP_URL,Bán hàng qua điện thoại: 3 câu hỏi bạn nên tự hỏi bản thân trước khi thực hiện cuộc gọi
1817,https://gcalls.co/cach-chiem-duoc-long-tin-cua-khach-hang-kin-tieng/,,HUB-04,/gcalls-plus-webphone/ ; /tong-dai-tich-hop-crm/,P1,1108,REBUILD_KEEP_URL,MISSING,"PREPARE_IMPORT — rebuild body, keep legacy URL",none (URL preserved); verify not already on demo before write,result=MISSING; plannedDecision=REBUILD_KEEP_URL,Cách chiếm được lòng tin của khách hàng kín tiếng
2958,https://gcalls.co/ban-hang-qua-dien-thoai-lam-gi-neu-khach-hang-noi-toi-khong-co-thoi-gian/,,HUB-04,/gcalls-plus-webphone/ ; /tong-dai-tich-hop-crm/,P1,2009,REBUILD_KEEP_URL,MISSING,"PREPARE_IMPORT — rebuild body, keep legacy URL",none (URL preserved); verify not already on demo before write,result=MISSING; plannedDecision=REBUILD_KEEP_URL,Bán hàng qua điện thoại: Làm gì nếu khách hàng nói không có thời gian?
615,https://gcalls.co/10-meo-hay-nhat-de-telesales-thanh-cong/,,HUB-04,/gcalls-plus-webphone/ ; /tong-dai-tich-hop-crm/,P1,1464,REBUILD_KEEP_URL,MISSING,"PREPARE_IMPORT — rebuild body, keep legacy URL",none (URL preserved); verify not already on demo before write,result=MISSING; plannedDecision=REBUILD_KEEP_URL,10 mẹo hay nhất để Telesales thành công
676,https://gcalls.co/lam-the-nao-de-mo-rong-mot-nhom-ban-hang-toan-cau/,,HUB-04,/gcalls-plus-webphone/ ; /tong-dai-tich-hop-crm/,P1,972,REBUILD_KEEP_URL,MISSING,"PREPARE_IMPORT — rebuild body, keep legacy URL",none (URL preserved); verify not already on demo before write,result=MISSING; plannedDecision=REBUILD_KEEP_URL,Làm thế nào để mở rộng một nhóm bán hàng toàn cầu?
14415,https://gcalls.co/ke-hoach-cham-soc-khach-hang-cu-hieu-qua-nhat/,,HUB-05,/gcalls-cx/ ; /tong-dai-tich-hop-helpdesk/,P1,1229,REBUILD_KEEP_URL,MISSING,"PREPARE_IMPORT — rebuild body, keep legacy URL",none (URL preserved); verify not already on demo before write,result=MISSING; plannedDecision=REBUILD_KEEP_URL,Kế Hoạch Chăm Sóc Khách Hàng Cũ Hiệu Quả Nhất
14797,https://gcalls.co/tin-nhan-cham-soc-khach-hang-cu-hieu-qua-nhat/,,HUB-05,/gcalls-cx/ ; /tong-dai-tich-hop-helpdesk/,P1,1164,REBUILD_KEEP_URL,MISSING,"PREPARE_IMPORT — rebuild body, keep legacy URL",none (URL preserved); verify not already on demo before write,result=MISSING; plannedDecision=REBUILD_KEEP_URL,Tin Nhắn Chăm Sóc Khách Hàng Cũ Hiệu Quả Nhất
14902,https://gcalls.co/dich-vu-cham-soc-khach-hang-la-gi/,,HUB-05,/gcalls-cx/ ; /tong-dai-tich-hop-helpdesk/,P1,1232,REBUILD_KEEP_URL,MISSING,"PREPARE_IMPORT — rebuild body, keep legacy URL",none (URL preserved); verify not already on demo before write,result=MISSING; plannedDecision=REBUILD_KEEP_URL,Dịch Vụ Chăm Sóc Khách Hàng Là Gì?
15049,https://gcalls.co/kich-ban-tu-van-khach-hang-spa-la-gi/,,HUB-05,/gcalls-cx/ ; /tong-dai-tich-hop-helpdesk/,P1,1301,REBUILD_KEEP_URL,MISSING,"PREPARE_IMPORT — rebuild body, keep legacy URL",none (URL preserved); verify not already on demo before write,result=MISSING; plannedDecision=REBUILD_KEEP_URL,Kịch Bản Tư Vấn Khách Hàng Spa Là Gì?
15207,https://gcalls.co/5-ly-do-nen-chon-dich-vu-cham-soc-khach-hang-viettel/,,HUB-05,/gcalls-cx/ ; /tong-dai-tich-hop-helpdesk/,P1,1098,REBUILD_KEEP_URL,MISSING,"PREPARE_IMPORT — rebuild body, keep legacy URL",none (URL preserved); verify not already on demo before write,result=MISSING; plannedDecision=REBUILD_KEEP_URL,5 Lý Do Nên Chọn Dịch Vụ Chăm Sóc Khách Hàng Viettel
15235,https://gcalls.co/customer-success-la-gi-nhung-thong-tin-cu-the-nhat/,,HUB-05,/gcalls-cx/ ; /tong-dai-tich-hop-helpdesk/,P1,1072,REBUILD_KEEP_URL,MISSING,"PREPARE_IMPORT — rebuild body, keep legacy URL",none (URL preserved); verify not already on demo before write,result=MISSING; plannedDecision=REBUILD_KEEP_URL,Customer Success Là Gì? Những Thông Tin Cụ Thể Nhất
15306,https://gcalls.co/cham-soc-khach-hang-qua-dien-thoai/,,HUB-05,/gcalls-cx/ ; /tong-dai-tich-hop-helpdesk/,P1,1454,REBUILD_KEEP_URL,MISSING,"PREPARE_IMPORT — rebuild body, keep legacy URL",none (URL preserved); verify not already on demo before write,result=MISSING; plannedDecision=REBUILD_KEEP_URL,Chăm Sóc Khách Hàng Qua Điện Thoại Và Kỹ Năng Cần Thiết
15558,https://gcalls.co/8-cach-giu-khach-hang-cu-hieu-qua/,,HUB-05,/gcalls-cx/ ; /tong-dai-tich-hop-helpdesk/,P1,1619,REBUILD_KEEP_URL,MISSING,"PREPARE_IMPORT — rebuild body, keep legacy URL",none (URL preserved); verify not already on demo before write,result=MISSING; plannedDecision=REBUILD_KEEP_URL,8 Cách Giữ Khách Hàng Cũ Hiệu Quả
15561,https://gcalls.co/trai-nghiem-khach-hang-xuat-sac-la-gi-cach-nang-cap/,,HUB-05,/gcalls-cx/ ; /tong-dai-tich-hop-helpdesk/,P1,1375,REBUILD_KEEP_URL,MISSING,"PREPARE_IMPORT — rebuild body, keep legacy URL",none (URL preserved); verify not already on demo before write,result=MISSING; plannedDecision=REBUILD_KEEP_URL,Trải Nghiệm Khách Hàng Xuất Sắc Là Gì? Cách Nâng Cấp
15589,https://gcalls.co/cau-hoi-cham-soc-khach-hang-cu-kich-ban-cskh-hieu-qua/,,HUB-05,/gcalls-cx/ ; /tong-dai-tich-hop-helpdesk/,P1,1624,REBUILD_KEEP_URL,MISSING,"PREPARE_IMPORT — rebuild body, keep legacy URL",none (URL preserved); verify not already on demo before write,result=MISSING; plannedDecision=REBUILD_KEEP_URL,Câu Hỏi Chăm Sóc Khách Hàng Cũ & Kịch Bản CSKH Hiệu Quả
15604,https://gcalls.co/giai-phap-cham-soc-khach-hang-nao-toi-uu-nhat/,,HUB-05,/gcalls-cx/ ; /tong-dai-tich-hop-helpdesk/,P1,1227,REBUILD_KEEP_URL,MISSING,"PREPARE_IMPORT — rebuild body, keep legacy URL",none (URL preserved); verify not already on demo before write,result=MISSING; plannedDecision=REBUILD_KEEP_URL,Giải Pháp Chăm Sóc Khách Hàng Nào Tối Ưu Nhất?
15660,https://gcalls.co/chien-luoc-giu-chan-khach-hang-hieu-qua-nhat/,,HUB-05,/gcalls-cx/ ; /tong-dai-tich-hop-helpdesk/,P1,1072,REBUILD_KEEP_URL,MISSING,"PREPARE_IMPORT — rebuild body, keep legacy URL",none (URL preserved); verify not already on demo before write,result=MISSING; plannedDecision=REBUILD_KEEP_URL,Chiến Lược Giữ Chân Khách Hàng Hiệu Quả Nhất
15681,https://gcalls.co/tin-nhan-cham-soc-khach-hang-cu-giup-gia-tang-hieu-qua/,,HUB-05,/gcalls-cx/ ; /tong-dai-tich-hop-helpdesk/,P1,1390,REBUILD_KEEP_URL,MISSING,"PREPARE_IMPORT — rebuild body, keep legacy URL",none (URL preserved); verify not already on demo before write,result=MISSING; plannedDecision=REBUILD_KEEP_URL,Tin Nhắn Chăm Sóc Khách Hàng Cũ Giúp Gia Tăng Hiệu Quả
15724,https://gcalls.co/bi-quyet-cham-soc-khach-hang-tuyet-dinh-nhat/,,HUB-05,/gcalls-cx/ ; /tong-dai-tich-hop-helpdesk/,P1,1084,REBUILD_KEEP_URL,MISSING,"PREPARE_IMPORT — rebuild body, keep legacy URL",none (URL preserved); verify not already on demo before write,result=MISSING; plannedDecision=REBUILD_KEEP_URL,Bí Quyết Chăm Sóc Khách Hàng Tuyệt Đỉnh Nhất
15830,https://gcalls.co/mo-hinh-trai-nghiem-khach-hang-la-gi/,,HUB-05,/gcalls-cx/ ; /tong-dai-tich-hop-helpdesk/,P1,1494,REBUILD_KEEP_URL,MISSING,"PREPARE_IMPORT — rebuild body, keep legacy URL",none (URL preserved); verify not already on demo before write,result=MISSING; plannedDecision=REBUILD_KEEP_URL,Mô Hình Trải Nghiệm Khách Hàng Là Gì?
15943,https://gcalls.co/chuong-trinh-cham-soc-khach-hang-toi-uu-nhat/,,HUB-05,/gcalls-cx/ ; /tong-dai-tich-hop-helpdesk/,P1,1075,REBUILD_KEEP_URL,MISSING,"PREPARE_IMPORT — rebuild body, keep legacy URL",none (URL preserved); verify not already on demo before write,result=MISSING; plannedDecision=REBUILD_KEEP_URL,Chương Trình Chăm Sóc Khách Hàng Tối Ưu Nhất
16005,https://gcalls.co/he-thong-cham-soc-khach-hang-loi-ich-va-6-tinh-nang/,,HUB-05,/gcalls-cx/ ; /tong-dai-tich-hop-helpdesk/,P1,1459,REBUILD_KEEP_URL,MISSING,"PREPARE_IMPORT — rebuild body, keep legacy URL",none (URL preserved); verify not already on demo before write,result=MISSING; plannedDecision=REBUILD_KEEP_URL,Hệ Thống Chăm Sóc Khách Hàng: Lợi Ích Và 6 Tính Năng
16035,https://gcalls.co/8-cach-nang-cao-trai-nghiem-dich-vu-khach-hang/,,HUB-05,/gcalls-cx/ ; /tong-dai-tich-hop-helpdesk/,P1,1233,REBUILD_KEEP_URL,MISSING,"PREPARE_IMPORT — rebuild body, keep legacy URL",none (URL preserved); verify not already on demo before write,result=MISSING; plannedDecision=REBUILD_KEEP_URL,8 Cách Nâng Cao Trải Nghiệm Dịch Vụ Khách Hàng
16109,https://gcalls.co/chu-y-khi-xay-dung-so-do-quy-trinh-cham-soc-khach-hang/,,HUB-05,/gcalls-cx/ ; /tong-dai-tich-hop-helpdesk/,P1,1212,REBUILD_KEEP_URL,MISSING,"PREPARE_IMPORT — rebuild body, keep legacy URL",none (URL preserved); verify not already on demo before write,result=MISSING; plannedDecision=REBUILD_KEEP_URL,Chú Ý Khi Xây Dựng Sơ Đồ Quy Trình Chăm Sóc Khách Hàng
16145,https://gcalls.co/phuong-phap-cham-soc-khach-hang-hieu-qua/,,HUB-05,/gcalls-cx/ ; /tong-dai-tich-hop-helpdesk/,P1,1320,REBUILD_KEEP_URL,MISSING,"PREPARE_IMPORT — rebuild body, keep legacy URL",none (URL preserved); verify not already on demo before write,result=MISSING; plannedDecision=REBUILD_KEEP_URL,Phương Pháp Chăm Sóc Khách Hàng Hiệu Quả Nhất Hiện Nay
439,https://gcalls.co/goc-nhin-cua-doanh-nghiep-va-khach-hang-ve-tong-dai-cskh-va-ban-hang/,,HUB-05,/gcalls-cx/ ; /tong-dai-tich-hop-helpdesk/,P1,528,REBUILD_KEEP_URL,MISSING,"PREPARE_IMPORT — rebuild body, keep legacy URL",none (URL preserved); verify not already on demo before write,result=MISSING; plannedDecision=REBUILD_KEEP_URL,Góc nhìn của doanh nghiệp và khách hàng về tổng đài CSKH và bán hàng
861,https://gcalls.co/11-chi-so-danh-gia-quan-trong-doi-voi-bo-phan-cham-soc-khach-hang/,,HUB-05,/gcalls-cx/ ; /tong-dai-tich-hop-helpdesk/,P1,2866,REBUILD_KEEP_URL,MISSING,"PREPARE_IMPORT — rebuild body, keep legacy URL",none (URL preserved); verify not already on demo before write,result=MISSING; plannedDecision=REBUILD_KEEP_URL,11 chỉ số đánh giá quan trọng đối với bộ phận Chăm Sóc Khách Hàng
872,https://gcalls.co/cong-nghe-dang-thay-doi-cach-moi-nguoi-lam-viec-tu-xa-nhu-the-nao/,,HUB-10,/lien-he/ ; /gcalls-plus-webphone/,P1,2015,REBUILD_KEEP_URL,MISSING,"PREPARE_IMPORT — rebuild body, keep legacy URL",none (URL preserved); verify not already on demo before write,result=MISSING; plannedDecision=REBUILD_KEEP_URL,Công nghệ đang thay đổi cách mọi người làm việc từ xa như thế nào?
897,https://gcalls.co/10-cong-nghe-phai-co-de-co-the-xay-dung-team-lam-viec-tu-xa-hieu-qua/,,HUB-10,/lien-he/ ; /gcalls-plus-webphone/,P1,1213,REBUILD_KEEP_URL,MISSING,"PREPARE_IMPORT — rebuild body, keep legacy URL",none (URL preserved); verify not already on demo before write,result=MISSING; plannedDecision=REBUILD_KEEP_URL,10 công nghệ mà bạn phải có để có thể xây dựng Team làm việc từ xa hiệu quả
10742,https://gcalls.co/quyet-toan-thue-tncn-doanh-nghiep-va-nguoi-lao-dong-can-biet/,,HUB-11,/gcalls-plus-webphone/,P2,1649,REBUILD_UPDATE_TOPIC,MISSING,PREPARE_IMPORT — rebuild + retopic per editorial plan (new slug),possible cannibalization/slug change — check editorial-cannibalization-map.csv,result=MISSING; plannedDecision=REBUILD_UPDATE_TOPIC,Quyết toán thuế TNCN - Doanh nghiệp và người lao động cần biết
12281,https://gcalls.co/sms-marketing-la-gi-vi-sao-ban-nen-dung-sms-marketing/,,HUB-11,/gcalls-plus-webphone/,P2,1392,REBUILD_UPDATE_TOPIC,MISSING,PREPARE_IMPORT — rebuild + retopic per editorial plan (new slug),possible cannibalization/slug change — check editorial-cannibalization-map.csv,result=MISSING; plannedDecision=REBUILD_UPDATE_TOPIC,SMS Marketing Là Gì? Vì Sao Bạn Nên Dùng SMS Marketing?
12293,https://gcalls.co/phan-mem-sms-marketing-va-nhung-dieu-can-biet/,,HUB-11,/gcalls-plus-webphone/,P2,1075,REBUILD_UPDATE_TOPIC,MISSING,PREPARE_IMPORT — rebuild + retopic per editorial plan (new slug),possible cannibalization/slug change — check editorial-cannibalization-map.csv,result=MISSING; plannedDecision=REBUILD_UPDATE_TOPIC,Phần Mềm SMS Marketing Và Những Điều Cần Biết
12309,https://gcalls.co/dich-vu-tin-nhan-sms-brandname-la-gi/,,HUB-11,/gcalls-plus-webphone/,P2,1268,REBUILD_UPDATE_TOPIC,MISSING,PREPARE_IMPORT — rebuild + retopic per editorial plan (new slug),possible cannibalization/slug change — check editorial-cannibalization-map.csv,result=MISSING; plannedDecision=REBUILD_UPDATE_TOPIC,Dịch Vụ Tin Nhắn SMS Brandname Là Gì?
12326,https://gcalls.co/sms-brandname-la-gi-gom-may-loai-va-co-loi-ich-gi-cho-doanh-nghiep/,,HUB-11,/gcalls-plus-webphone/,P2,965,REBUILD_UPDATE_TOPIC,MISSING,PREPARE_IMPORT — rebuild + retopic per editorial plan (new slug),possible cannibalization/slug change — check editorial-cannibalization-map.csv,result=MISSING; plannedDecision=REBUILD_UPDATE_TOPIC,"Sms Brandname Là Gì, Gồm Mấy Loại Và Có Lợi Ích Gì Cho Doanh Nghiệp?"
12590,https://gcalls.co/phan-mem-sms-brandname-nao-tot-nhat/,,HUB-11,/gcalls-plus-webphone/,P2,1239,REBUILD_UPDATE_TOPIC,MISSING,PREPARE_IMPORT — rebuild + retopic per editorial plan (new slug),possible cannibalization/slug change — check editorial-cannibalization-map.csv,result=MISSING; plannedDecision=REBUILD_UPDATE_TOPIC,Phần Mềm SMS Brandname Nào Tốt Nhất?
12599,https://gcalls.co/sms-marketing-gia-re-bao-gia-nhanh-hieu-qua-hang-dau/,,HUB-11,/gcalls-plus-webphone/,P2,1121,REBUILD_UPDATE_TOPIC,MISSING,PREPARE_IMPORT — rebuild + retopic per editorial plan (new slug),possible cannibalization/slug change — check editorial-cannibalization-map.csv,result=MISSING; plannedDecision=REBUILD_UPDATE_TOPIC,SMS Marketing Giá Rẻ - Báo Giá Nhanh - Hiệu Quả Hàng Đầu
12625,https://gcalls.co/sms-brandname-gia-re-uy-tin-tai-gcalls/,,HUB-11,/gcalls-plus-webphone/,P2,1181,REBUILD_UPDATE_TOPIC,MISSING,PREPARE_IMPORT — rebuild + retopic per editorial plan (new slug),possible cannibalization/slug change — check editorial-cannibalization-map.csv,result=MISSING; plannedDecision=REBUILD_UPDATE_TOPIC,"SMS Brandname Giá Rẻ, Uy Tín Tại Gcalls"
14539,https://gcalls.co/sip-trunk-la-gi-loi-ich-dich-vu-nay-mang-den-nhu-the-nao/,,HUB-11,/gcalls-plus-webphone/,P2,1140,REBUILD_UPDATE_TOPIC,MISSING,PREPARE_IMPORT — rebuild + retopic per editorial plan (new slug),possible cannibalization/slug change — check editorial-cannibalization-map.csv,result=MISSING; plannedDecision=REBUILD_UPDATE_TOPIC,SIP Trunk Là Gì? Lợi Ích Dịch Vụ Này Mang Đến Như Thế Nào?
14614,https://gcalls.co/service-level-agreement-la-gi-tu-a-z-thong-tin-ve-sla/,,HUB-11,/gcalls-plus-webphone/,P2,1118,REBUILD_UPDATE_TOPIC,MISSING,PREPARE_IMPORT — rebuild + retopic per editorial plan (new slug),possible cannibalization/slug change — check editorial-cannibalization-map.csv,result=MISSING; plannedDecision=REBUILD_UPDATE_TOPIC,Service Level Agreement Là Gì? Từ A - Z Thông Tin Về SLA
14870,https://gcalls.co/on-premise-la-gi-va-day-co-phai-la-giai-phap-tot-nhat/,,HUB-11,/gcalls-plus-webphone/,P2,1198,REBUILD_UPDATE_TOPIC,MISSING,PREPARE_IMPORT — rebuild + retopic per editorial plan (new slug),possible cannibalization/slug change — check editorial-cannibalization-map.csv,result=MISSING; plannedDecision=REBUILD_UPDATE_TOPIC,On Premise Là Gì Và Đây Có Phải Là Giải Pháp Tốt Nhất?
15195,https://gcalls.co/customer-lifetime-value-la-gi-vai-tro-va-cach-tinh/,,HUB-11,/gcalls-plus-webphone/,P2,1142,REBUILD_UPDATE_TOPIC,MISSING,PREPARE_IMPORT — rebuild + retopic per editorial plan (new slug),possible cannibalization/slug change — check editorial-cannibalization-map.csv,result=MISSING; plannedDecision=REBUILD_UPDATE_TOPIC,Customer Lifetime Value Là Gì? Vai Trò Và Cách Tính
15221,https://gcalls.co/dich-vu-voice-brandname-la-gi-va-nhung-loi-ich/,,HUB-11,/gcalls-plus-webphone/,P2,1247,REBUILD_UPDATE_TOPIC,MISSING,PREPARE_IMPORT — rebuild + retopic per editorial plan (new slug),possible cannibalization/slug change — check editorial-cannibalization-map.csv,result=MISSING; plannedDecision=REBUILD_UPDATE_TOPIC,Dịch Vụ Voice Brandname Là Gì Và Những Lợi Ích Hiện Đại 
15332,https://gcalls.co/dich-vu-voice-brandname-la-gi/,,HUB-11,/gcalls-plus-webphone/,P2,2762,REBUILD_UPDATE_TOPIC,MISSING,PREPARE_IMPORT — rebuild + retopic per editorial plan (new slug),possible cannibalization/slug change — check editorial-cannibalization-map.csv,result=MISSING; plannedDecision=REBUILD_UPDATE_TOPIC,Dịch Vụ Voice Brandname Là Gì?
15687,https://gcalls.co/quan-ly-thong-tin-khach-hang-hieu-qua-qua-he-thong-nao/,,HUB-11,/gcalls-plus-webphone/,P2,809,REBUILD_UPDATE_TOPIC,MISSING,PREPARE_IMPORT — rebuild + retopic per editorial plan (new slug),possible cannibalization/slug change — check editorial-cannibalization-map.csv,result=MISSING; plannedDecision=REBUILD_UPDATE_TOPIC,Quản Lý Thông Tin Khách Hàng Hiệu Quả Qua Hệ Thống Nào?
15713,https://gcalls.co/quan-ly-cuoc-goi-khach-hang/,,HUB-11,/gcalls-plus-webphone/,P2,1854,REBUILD_UPDATE_TOPIC,MISSING,PREPARE_IMPORT — rebuild + retopic per editorial plan (new slug),possible cannibalization/slug change — check editorial-cannibalization-map.csv,result=MISSING; plannedDecision=REBUILD_UPDATE_TOPIC,Quản Lý Cuộc Gọi Khách Hàng Có Thật Sự Dễ Dàng?
15765,https://gcalls.co/phan-mem-auto-call-va-nhung-loi-ich-cho-doanh-nghiep/,,HUB-11,/gcalls-plus-webphone/,P2,1196,REBUILD_UPDATE_TOPIC,MISSING,PREPARE_IMPORT — rebuild + retopic per editorial plan (new slug),possible cannibalization/slug change — check editorial-cannibalization-map.csv,result=MISSING; plannedDecision=REBUILD_UPDATE_TOPIC,Phần Mềm Auto Call Và Những Lợi Ích Cho Doanh Nghiệp
15775,https://gcalls.co/5-loi-ich-cua-dich-vu-ho-tro-truc-tuyen/,,HUB-11,/gcalls-plus-webphone/,P2,1358,REBUILD_UPDATE_TOPIC,MISSING,PREPARE_IMPORT — rebuild + retopic per editorial plan (new slug),possible cannibalization/slug change — check editorial-cannibalization-map.csv,result=MISSING; plannedDecision=REBUILD_UPDATE_TOPIC,5 Lợi Ích Của Dịch Vụ Hỗ Trợ Trực Tuyến
15794,https://gcalls.co/he-thong-quan-ly-khach-hang/,,HUB-11,/gcalls-plus-webphone/,P2,1031,REBUILD_UPDATE_TOPIC,MISSING,PREPARE_IMPORT — rebuild + retopic per editorial plan (new slug),possible cannibalization/slug change — check editorial-cannibalization-map.csv,result=MISSING; plannedDecision=REBUILD_UPDATE_TOPIC,Hệ Thống Quản Lý Khách Hàng Và Phần Mềm Trên Điện Thoại
15847,https://gcalls.co/luu-tru-thong-tin-khach-hang-voi-top-3-phan-mem-tot-nhat/,,HUB-11,/gcalls-plus-webphone/,P2,1390,REBUILD_UPDATE_TOPIC,MISSING,PREPARE_IMPORT — rebuild + retopic per editorial plan (new slug),possible cannibalization/slug change — check editorial-cannibalization-map.csv,result=MISSING; plannedDecision=REBUILD_UPDATE_TOPIC,Lưu Trữ Thông Tin Khách Hàng Với Top 3 Phần Mềm Tốt Nhất
15870,https://gcalls.co/nhan-vien-ho-tro-khach-hang-chia-khoa-thanh-cong-cua-doanh-nghiep/,,HUB-11,/gcalls-plus-webphone/,P2,1179,REBUILD_UPDATE_TOPIC,MISSING,PREPARE_IMPORT — rebuild + retopic per editorial plan (new slug),possible cannibalization/slug change — check editorial-cannibalization-map.csv,result=MISSING; plannedDecision=REBUILD_UPDATE_TOPIC,Nhân Viên Hỗ Trợ Khách Hàng - Chìa Khóa Thành Công Của Doanh Nghiệp
15982,https://gcalls.co/quan-ly-quan-he-khach-hang/,,HUB-11,/gcalls-plus-webphone/,P2,1497,REBUILD_UPDATE_TOPIC,MISSING,PREPARE_IMPORT — rebuild + retopic per editorial plan (new slug),possible cannibalization/slug change — check editorial-cannibalization-map.csv,result=MISSING; plannedDecision=REBUILD_UPDATE_TOPIC,Quản Lý Quan Hệ Khách Hàng Trong Doanh Nghiệp
16095,https://gcalls.co/he-thong-quan-ly-khach-hang-trong-nha-hang-khach-san/,,HUB-11,/gcalls-plus-webphone/,P2,1531,REBUILD_UPDATE_TOPIC,MISSING,PREPARE_IMPORT — rebuild + retopic per editorial plan (new slug),possible cannibalization/slug change — check editorial-cannibalization-map.csv,result=MISSING; plannedDecision=REBUILD_UPDATE_TOPIC,"Hệ Thống Quản Lý Khách Hàng Trong Nhà Hàng, Khách Sạn"
16131,https://gcalls.co/phan-mem-quan-ly-khach-hang-mien-phi/,,HUB-11,/gcalls-plus-webphone/,P2,1574,REBUILD_UPDATE_TOPIC,MISSING,PREPARE_IMPORT — rebuild + retopic per editorial plan (new slug),possible cannibalization/slug change — check editorial-cannibalization-map.csv,result=MISSING; plannedDecision=REBUILD_UPDATE_TOPIC,Phần Mềm Quản Lý Khách Hàng Miễn Phí Cho Doanh Nghiệp
16176,https://gcalls.co/nang-cao-chat-luong-nguon-nhan-luc/,,HUB-11,/gcalls-plus-webphone/,P2,1781,REBUILD_UPDATE_TOPIC,MISSING,PREPARE_IMPORT — rebuild + retopic per editorial plan (new slug),possible cannibalization/slug change — check editorial-cannibalization-map.csv,result=MISSING; plannedDecision=REBUILD_UPDATE_TOPIC,Nâng Cao Chất Lượng Nguồn Nhân Lực Trong Doanh Nghiệp
16180,https://gcalls.co/xay-dung-chien-luoc-marketing-hieu-qua-nhu-the-nao/,,HUB-11,/gcalls-plus-webphone/,P2,1131,REBUILD_UPDATE_TOPIC,MISSING,PREPARE_IMPORT — rebuild + retopic per editorial plan (new slug),possible cannibalization/slug change — check editorial-cannibalization-map.csv,result=MISSING; plannedDecision=REBUILD_UPDATE_TOPIC,Xây Dựng Chiến Lược Marketing Hiệu Quả Như Thế Nào?
16201,https://gcalls.co/9-y-tuong-khoi-nghiep-tuyet-voi-cho-ban/,,HUB-11,/gcalls-plus-webphone/,P2,1309,REBUILD_UPDATE_TOPIC,MISSING,PREPARE_IMPORT — rebuild + retopic per editorial plan (new slug),possible cannibalization/slug change — check editorial-cannibalization-map.csv,result=MISSING; plannedDecision=REBUILD_UPDATE_TOPIC,9 Ý Tưởng Khởi Nghiệp Tuyệt Vời Cho Bạn
16202,https://gcalls.co/8-phuong-phap-tiep-can-khach-hang-hieu-qua/,,HUB-11,/gcalls-plus-webphone/,P2,1571,REBUILD_UPDATE_TOPIC,MISSING,PREPARE_IMPORT — rebuild + retopic per editorial plan (new slug),possible cannibalization/slug change — check editorial-cannibalization-map.csv,result=MISSING; plannedDecision=REBUILD_UPDATE_TOPIC,8 Phương Pháp Tiếp Cận Khách Hàng Hiệu Quả
16240,https://gcalls.co/xac-dinh-khach-hang-muc-tieu-vai-tro-cach-xac-dinh/,,HUB-11,/gcalls-plus-webphone/,P2,1548,REBUILD_UPDATE_TOPIC,MISSING,PREPARE_IMPORT — rebuild + retopic per editorial plan (new slug),possible cannibalization/slug change — check editorial-cannibalization-map.csv,result=MISSING; plannedDecision=REBUILD_UPDATE_TOPIC,Xác Định Khách Hàng Mục Tiêu: Vai Trò & Cách Xác Định
16252,https://gcalls.co/muc-tieu-smart-la-gi-vi-du-va-cach-dat-muc-tieu-smart/,,HUB-11,/gcalls-plus-webphone/,P2,1452,REBUILD_UPDATE_TOPIC,MISSING,PREPARE_IMPORT — rebuild + retopic per editorial plan (new slug),possible cannibalization/slug change — check editorial-cannibalization-map.csv,result=MISSING; plannedDecision=REBUILD_UPDATE_TOPIC,Mục Tiêu SMART Là Gì? Ví Dụ Và Cách Đặt Mục Tiêu SMART
16254,https://gcalls.co/5-buoc-lap-ke-hoach-marketing-hieu-qua-cho-doanh-nghiep/,,HUB-11,/gcalls-plus-webphone/,P2,1585,REBUILD_UPDATE_TOPIC,MISSING,PREPARE_IMPORT — rebuild + retopic per editorial plan (new slug),possible cannibalization/slug change — check editorial-cannibalization-map.csv,result=MISSING; plannedDecision=REBUILD_UPDATE_TOPIC,5 Bước Lập Kế Hoạch Marketing Hiệu Quả Cho Doanh Nghiệp
16257,https://gcalls.co/xac-dinh-ngan-sach-marketing-nhu-the-nao/,,HUB-11,/gcalls-plus-webphone/,P2,1167,REBUILD_UPDATE_TOPIC,MISSING,PREPARE_IMPORT — rebuild + retopic per editorial plan (new slug),possible cannibalization/slug change — check editorial-cannibalization-map.csv,result=MISSING; plannedDecision=REBUILD_UPDATE_TOPIC,Xác Định Ngân Sách Marketing Như Thế Nào?
16284,https://gcalls.co/9-buoc-lap-ke-hoach-digital-marketing/,,HUB-11,/gcalls-plus-webphone/,P2,1169,REBUILD_UPDATE_TOPIC,MISSING,PREPARE_IMPORT — rebuild + retopic per editorial plan (new slug),possible cannibalization/slug change — check editorial-cannibalization-map.csv,result=MISSING; plannedDecision=REBUILD_UPDATE_TOPIC,9 Bước Lập Kế Hoạch Digital Marketing
16329,https://gcalls.co/4-website-goi-von-cong-dong-hieu-qua-danh-cho-start-up/,,HUB-11,/gcalls-plus-webphone/,P2,1314,REBUILD_UPDATE_TOPIC,MISSING,PREPARE_IMPORT — rebuild + retopic per editorial plan (new slug),possible cannibalization/slug change — check editorial-cannibalization-map.csv,result=MISSING; plannedDecision=REBUILD_UPDATE_TOPIC,4 Website Gọi Vốn Cộng Đồng Hiệu Quả Dành Cho Start-Up
16348,https://gcalls.co/huong-dan-khoi-nghiep-hieu-qua/,,HUB-11,/gcalls-plus-webphone/,P2,1348,REBUILD_UPDATE_TOPIC,MISSING,PREPARE_IMPORT — rebuild + retopic per editorial plan (new slug),possible cannibalization/slug change — check editorial-cannibalization-map.csv,result=MISSING; plannedDecision=REBUILD_UPDATE_TOPIC,Hướng Dẫn Khởi Nghiệp Hiệu Quả
16376,https://gcalls.co/quan-tri-theo-muc-tieu-smart-la-gi/,,HUB-11,/gcalls-plus-webphone/,P2,1273,REBUILD_UPDATE_TOPIC,MISSING,PREPARE_IMPORT — rebuild + retopic per editorial plan (new slug),possible cannibalization/slug change — check editorial-cannibalization-map.csv,result=MISSING; plannedDecision=REBUILD_UPDATE_TOPIC,Quản Trị Theo Mục Tiêu SMART Là Gì?
16611,https://gcalls.co/9-viec-nen-va-khong-nen-lam-trong-quy-trinh-danh-gia-nhan-vien/,,HUB-11,/gcalls-plus-webphone/,P2,1909,REBUILD_UPDATE_TOPIC,MISSING,PREPARE_IMPORT — rebuild + retopic per editorial plan (new slug),possible cannibalization/slug change — check editorial-cannibalization-map.csv,result=MISSING; plannedDecision=REBUILD_UPDATE_TOPIC,9 việc NÊN và KHÔNG NÊN làm trong quy trình đánh giá nhân viên
1705,https://gcalls.co/cach-viet-ban-tu-danh-gia-cong-viec-cua-nhan-vien/,,HUB-11,/gcalls-plus-webphone/,P2,4870,REBUILD_UPDATE_TOPIC,MISSING,PREPARE_IMPORT — rebuild + retopic per editorial plan (new slug),possible cannibalization/slug change — check editorial-cannibalization-map.csv,result=MISSING; plannedDecision=REBUILD_UPDATE_TOPIC,Cách viết bản tự đánh giá công việc của nhân viên đầy đủ và ấn tượng
17741,https://gcalls.co/thu-thuat-tang-traffic-website-uy-tin-tai-trafficseo/,,HUB-11,/gcalls-plus-webphone/,P2,825,REBUILD_UPDATE_TOPIC,MISSING,PREPARE_IMPORT — rebuild + retopic per editorial plan (new slug),possible cannibalization/slug change — check editorial-cannibalization-map.csv,result=MISSING; plannedDecision=REBUILD_UPDATE_TOPIC,Thủ thuật tăng traffic website uy tín tại trafficSEO
410,https://gcalls.co/nang-tam-gia-tri-thuong-hieu-cua-doanh-nghiep-ban-voi-voice-brandname/,,HUB-11,/gcalls-plus-webphone/,P2,1134,REBUILD_UPDATE_TOPIC,MISSING,PREPARE_IMPORT — rebuild + retopic per editorial plan (new slug),possible cannibalization/slug change — check editorial-cannibalization-map.csv,result=MISSING; plannedDecision=REBUILD_UPDATE_TOPIC,Nâng tầm giá trị thương hiệu của doanh nghiệp bạn với Voice Brandname
684,https://gcalls.co/goals-muc-dich-vs-objectives-muc-tieu-phan-biet-don-gian/,,HUB-11,/gcalls-plus-webphone/,P2,1376,REBUILD_UPDATE_TOPIC,MISSING,PREPARE_IMPORT — rebuild + retopic per editorial plan (new slug),possible cannibalization/slug change — check editorial-cannibalization-map.csv,result=MISSING; plannedDecision=REBUILD_UPDATE_TOPIC,Goals (Mục đích) vs Objectives (Mục tiêu): phân biệt đơn giản
694,https://gcalls.co/tai-sao-khong-tuy-y-dua-y-kien-trong-content-marketing/,,HUB-11,/gcalls-plus-webphone/,P2,1320,REBUILD_UPDATE_TOPIC,MISSING,PREPARE_IMPORT — rebuild + retopic per editorial plan (new slug),possible cannibalization/slug change — check editorial-cannibalization-map.csv,result=MISSING; plannedDecision=REBUILD_UPDATE_TOPIC,"Tại sao không ""tùy ý"" đưa ý kiến trong content marketing"
826,https://gcalls.co/cach-mang-cong-nghiep-4-0-va-loi-ich-doi-voi-doanh-nghiep/,,HUB-11,/gcalls-plus-webphone/,P2,1626,REBUILD_UPDATE_TOPIC,MISSING,PREPARE_IMPORT — rebuild + retopic per editorial plan (new slug),possible cannibalization/slug change — check editorial-cannibalization-map.csv,result=MISSING; plannedDecision=REBUILD_UPDATE_TOPIC,Cách mạng Công nghiệp 4.0 và lợi ích đối với doanh nghiệp
884,https://gcalls.co/tiep-thi-qua-dien-thoai-13-meo-chinh-phuc-khach-hang/,,HUB-11,/gcalls-plus-webphone/,P2,1911,REBUILD_UPDATE_TOPIC,MISSING,PREPARE_IMPORT — rebuild + retopic per editorial plan (new slug),possible cannibalization/slug change — check editorial-cannibalization-map.csv,result=MISSING; plannedDecision=REBUILD_UPDATE_TOPIC,Tiếp thị qua điện thoại: 13 mẹo chinh phục khách hàng
14773,https://gcalls.co/best-virtual-phone-system-for-small-medium-business-2023/,,,-,-,1879,MANUAL_DECISION,MISSING,HOLD — coordinator/owner decision (only English post),"language: VI site, no hub","plannedDecision=MANUAL_DECISION, id 14773",Best Virtual Phone System For Small Medium Business 2023
2768,https://gcalls.co/call-center-diem-khac-biet-giua-on-premises-va-cloud-call-center-phan-1/,https://ashernguyenxuanthuy.com/call-center-diem-khac-biet-giua-on-premises-va-cloud-call-center-phan-1/,HUB-01,/lien-he/ ; /gcalls-plus-webphone/,P0,2387,REBUILD_KEEP_URL,CHANGED,NO_IMPORT — already live on demo; body diff UNVERIFIED,DEDUP: slug already present on demo — must NOT re-import,"audit result=CHANGED (presence-only, bodySha256 empty); maps to corpus id 100-117, human_edited=False",Call Center: Điểm khác biệt giữa On-Premises và Cloud Call Center (Phần 1)
566,https://gcalls.co/5-linh-vuc-rat-can-dich-vu-call-center-trung-tam-cuoc-goi/,https://ashernguyenxuanthuy.com/5-linh-vuc-rat-can-dich-vu-call-center-trung-tam-cuoc-goi/,HUB-01,/lien-he/ ; /gcalls-plus-webphone/,P0,4019,REBUILD_KEEP_URL,CHANGED,NO_IMPORT — already live on demo; body diff UNVERIFIED,DEDUP: slug already present on demo — must NOT re-import,"audit result=CHANGED (presence-only, bodySha256 empty); maps to corpus id 100-117, human_edited=False",Dịch Vụ Call Center là gì? Dịch vụ Tổng đài Call Center
647,https://gcalls.co/4-ly-do-su-dung-tong-dai-ao-call-center-la-can-thiet-voi-mot-doanh-nghiep/,https://ashernguyenxuanthuy.com/4-ly-do-su-dung-tong-dai-ao-call-center-la-can-thiet-voi-mot-doanh-nghiep/,HUB-01,/lien-he/ ; /gcalls-plus-webphone/,P0,7367,REBUILD_KEEP_URL,CHANGED,NO_IMPORT — already live on demo; body diff UNVERIFIED,DEDUP: slug already present on demo — must NOT re-import,"audit result=CHANGED (presence-only, bodySha256 empty); maps to corpus id 100-117, human_edited=False",7 Lý Do Nên Chọn Tổng Đài Ảo Call Center Cho Doanh Nghiệp
1368,https://gcalls.co/phan-mem-goi-tu-dong-va-loi-ich-doi-voi-chien-luoc-ban-hang/,https://ashernguyenxuanthuy.com/phan-mem-goi-tu-dong-va-loi-ich-doi-voi-chien-luoc-ban-hang/,HUB-02,/gcalls-plus-webphone/,P0,2111,REBUILD_KEEP_URL,CHANGED,NO_IMPORT — already live on demo; body diff UNVERIFIED,DEDUP: slug already present on demo — must NOT re-import,"audit result=CHANGED (presence-only, bodySha256 empty); maps to corpus id 100-117, human_edited=False",Phần mềm gọi tự động và lợi ích đối với chiến lược bán hàng
15743,https://gcalls.co/dong-bo-hoa-du-lieu-la-gi-tai-sao-nen-dong-bo-du-lieu/,https://ashernguyenxuanthuy.com/dong-bo-hoa-du-lieu-la-gi-tai-sao-nen-dong-bo-du-lieu/,HUB-03,/tong-dai-tich-hop-crm/ ; /tong-dai-tich-hop-helpdesk/,P0,1292,REBUILD_KEEP_URL,CHANGED,NO_IMPORT — already live on demo; body diff UNVERIFIED,DEDUP: slug already present on demo — must NOT re-import,"audit result=CHANGED (presence-only, bodySha256 empty); maps to corpus id 100-117, human_edited=False",Đồng Bộ Hóa Dữ Liệu Là Gì? Tại Sao Nên Đồng Bộ Dữ Liệu?
1828,https://gcalls.co/cai-thien-trai-nghiem-khach-hang-bang-bieu-mau-cham-diem-danh-gia-cuoc-goi/,https://ashernguyenxuanthuy.com/cai-thien-trai-nghiem-khach-hang-bang-bieu-mau-cham-diem-danh-gia-cuoc-goi/,HUB-07,/qc-bot-ai/,P0,1999,REBUILD_KEEP_URL,CHANGED,NO_IMPORT — already live on demo; body diff UNVERIFIED,DEDUP: slug already present on demo — must NOT re-import,"audit result=CHANGED (presence-only, bodySha256 empty); maps to corpus id 100-117, human_edited=False",Cải thiện trải nghiệm khách hàng tại Call Center bằng biểu mẫu chấm điểm đánh giá cuộc gọi
1968,https://gcalls.co/tong-dai-quoc-te-mo-rong-thi-truong/,https://ashernguyenxuanthuy.com/tong-dai-quoc-te-mo-rong-thi-truong/,HUB-09,/tong-dai-quoc-te/,P0,1900,REBUILD_KEEP_URL,CHANGED,NO_IMPORT — already live on demo; body diff UNVERIFIED,DEDUP: slug already present on demo — must NOT re-import,"audit result=CHANGED (presence-only, bodySha256 empty); maps to corpus id 100-117, human_edited=False",Tổng đài quốc tế: Mở rộng thị trường dễ dàng với phần mềm Call Center kết nối số nước ngoài
10798,https://gcalls.co/tuyen-dung-customer-success-engineer-it-full-time/,,,-,-,588,RETIRED_410 (Non-editorial / off-ICP; no same-intent target so no redirect),MISSING,NO_IMPORT — serve 410 Gone (retired block),none — off-ICP; no same-intent redirect target,plannedDecision=RETIRED_410,Tuyển dụng Customer Success Engineer (IT Full Time)
10801,https://gcalls.co/tuyen-dung-customer-success-engineer-internship/,,,-,-,676,RETIRED_410 (Non-editorial / off-ICP; no same-intent target so no redirect),MISSING,NO_IMPORT — serve 410 Gone (retired block),none — off-ICP; no same-intent redirect target,plannedDecision=RETIRED_410,Tuyển dụng Customer Success Engineer (IT Internship)
10957,https://gcalls.co/chuyen-vien-tu-van-doanh-nghiep/,,,-,-,562,RETIRED_410 (Non-editorial / off-ICP; no same-intent target so no redirect),MISSING,NO_IMPORT — serve 410 Gone (retired block),none — off-ICP; no same-intent redirect target,plannedDecision=RETIRED_410,Tuyển dụng Chuyên Viên Tư Vấn Doanh Nghiệp FullTime
10962,https://gcalls.co/thuc-tap-sinh-tu-van-doanh-nghiep/,,,-,-,553,RETIRED_410 (Non-editorial / off-ICP; no same-intent target so no redirect),MISSING,NO_IMPORT — serve 410 Gone (retired block),none — off-ICP; no same-intent redirect target,plannedDecision=RETIRED_410,Tuyển dụng Thực Tập Sinh Tư Vấn Doanh Nghiệp
11915,https://gcalls.co/chay-quang-cao-tren-shopee-tu-a-den-z/,,,-,-,1150,RETIRED_410 (Non-editorial / off-ICP; no same-intent target so no redirect),MISSING,NO_IMPORT — serve 410 Gone (retired block),none — off-ICP; no same-intent redirect target,plannedDecision=RETIRED_410,Chạy Quảng Cáo Trên Shopee Từ A Đến Z
13067,https://gcalls.co/cach-thiet-ke-gian-hang-tren-lazada/,,,-,-,1028,RETIRED_410 (Non-editorial / off-ICP; no same-intent target so no redirect),MISSING,NO_IMPORT — serve 410 Gone (retired block),none — off-ICP; no same-intent redirect target,plannedDecision=RETIRED_410,Cách Thiết Kế Gian Hàng Trên Lazada 2022
13456,https://gcalls.co/tuyen-dung-product-designer-ui-ux-intern/,,,-,-,439,RETIRED_410 (Non-editorial / off-ICP; no same-intent target so no redirect),MISSING,NO_IMPORT — serve 410 Gone (retired block),none — off-ICP; no same-intent redirect target,plannedDecision=RETIRED_410,Tuyển dụng UI/UX Intern
13469,https://gcalls.co/tuyen-dung-customer-success-specialist-intern/,,,-,-,803,RETIRED_410 (Non-editorial / off-ICP; no same-intent target so no redirect),MISSING,NO_IMPORT — serve 410 Gone (retired block),none — off-ICP; no same-intent redirect target,plannedDecision=RETIRED_410,Tuyển dụng Customer Success Specialist Intern
13535,https://gcalls.co/hr-intern/,,,-,-,538,RETIRED_410 (Non-editorial / off-ICP; no same-intent target so no redirect),MISSING,NO_IMPORT — serve 410 Gone (retired block),none — off-ICP; no same-intent redirect target,plannedDecision=RETIRED_410,HR Intern
14304,https://gcalls.co/tuyen-dung-customer-success-specialist-fulltime/,,,-,-,733,RETIRED_410 (Non-editorial / off-ICP; no same-intent target so no redirect),MISSING,NO_IMPORT — serve 410 Gone (retired block),none — off-ICP; no same-intent redirect target,plannedDecision=RETIRED_410,Customer Success Specialist Fulltime
14308,https://gcalls.co/customer-success-engineer-fulltime/,,,-,-,466,RETIRED_410 (Non-editorial / off-ICP; no same-intent target so no redirect),MISSING,NO_IMPORT — serve 410 Gone (retired block),none — off-ICP; no same-intent redirect target,plannedDecision=RETIRED_410,Customer Success Engineer Fulltime
14577,https://gcalls.co/hr-parttime/,,,-,-,525,RETIRED_410 (Non-editorial / off-ICP; no same-intent target so no redirect),MISSING,NO_IMPORT — serve 410 Gone (retired block),none — off-ICP; no same-intent redirect target,plannedDecision=RETIRED_410,HR Parttime
314,https://gcalls.co/3-cach-de-doanh-nghiep-ton-tai-va-vuon-len-thoi-covid/,,,-,-,1187,RETIRED_410 (Non-editorial / off-ICP; no same-intent target so no redirect),MISSING,NO_IMPORT — serve 410 Gone (retired block),none — off-ICP; no same-intent redirect target,plannedDecision=RETIRED_410,3 cách để doanh nghiệp tồn tại và vươn lên thời Covid
9980,https://gcalls.co/tai-nghe-epos-sennheiser-30-usb-ctrl/,,,-,-,295,"RETIRED_410 (Sản phẩm tai nghe, đã từng publish với URL công khai nên trả 410. Không redirect về Homepage; không đưa vào hệ thống blog mới.)",MISSING,NO_IMPORT — serve 410 Gone (retired block),none — off-ICP; no same-intent redirect target,plannedDecision=RETIRED_410,Tai nghe EPOS Sennheiser 30 USB CTRL
9991,https://gcalls.co/tai-nghe-epos-sennheiser-sc-60-usb-ctrl/,,,-,-,297,"RETIRED_410 (Sản phẩm tai nghe, đã từng publish với URL công khai nên trả 410. Không redirect về Homepage; không đưa vào hệ thống blog mới.)",MISSING,NO_IMPORT — serve 410 Gone (retired block),none — off-ICP; no same-intent redirect target,plannedDecision=RETIRED_410,Tai nghe EPOS Sennheiser SC 60 USB CTRL
9992,https://gcalls.co/tai-nghe-jabra-biz-1100qd-mono/,,,-,-,207,RETIRED_410 (Non-editorial / off-ICP; no same-intent target so no redirect),MISSING,NO_IMPORT — serve 410 Gone (retired block),none — off-ICP; no same-intent redirect target,plannedDecision=RETIRED_410,Tai nghe Jabra Biz 1100QD Mono
9993,https://gcalls.co/tai-nghe-jabra-biz-1100-qd-duo/,,,-,-,327,RETIRED_410 (Non-editorial / off-ICP; no same-intent target so no redirect),MISSING,NO_IMPORT — serve 410 Gone (retired block),none — off-ICP; no same-intent redirect target,plannedDecision=RETIRED_410,Tai Nghe Jabra Biz 1100 QD Duo
9994,https://gcalls.co/tai-nghe-jabra-biz-1100-usb-mono/,,,-,-,231,RETIRED_410 (Non-editorial / off-ICP; no same-intent target so no redirect),MISSING,NO_IMPORT — serve 410 Gone (retired block),none — off-ICP; no same-intent redirect target,plannedDecision=RETIRED_410,Tai nghe Jabra Biz 1100 USB Mono
9995,https://gcalls.co/tai-nghe-jabra-biz-1100-usb-duo/,,,-,-,243,RETIRED_410 (Non-editorial / off-ICP; no same-intent target so no redirect),MISSING,NO_IMPORT — serve 410 Gone (retired block),none — off-ICP; no same-intent redirect target,plannedDecision=RETIRED_410,Tai nghe Jabra Biz 1100 USB Duo
9996,https://gcalls.co/tai-nghe-logitech-h340/,,,-,-,192,RETIRED_410 (Non-editorial / off-ICP; no same-intent target so no redirect),MISSING,NO_IMPORT — serve 410 Gone (retired block),none — off-ICP; no same-intent redirect target,plannedDecision=RETIRED_410,Tai nghe Logitech H340
